2026,07.12.2025 08:00,USA Perpignan,Dragons,,,,,,
2026,07.12.2025 10:15,Ospreys,Connacht,,,,,,
2026,07.12.2025 12:30,Exeter Chiefs,Cheetahs,,,,,,
2026,06.12.2025 15:00,Zebre,Montauban,41,17,17,3,24,14
2026,06.12.2025 12:30,Lyon,Newcastle Red Bulls,14,23,7,13,7,10
2026,06.12.2025 10:15,Black Lion,Montpellier,13,24,13,0,0,24
2026,06.12.2025 08:00,Lions,Benetton,18,26,10,8,8,18
2026,06.12.2025 08:00,Stade Francais Paris,Cardiff Rugby,38,17,5,10,33,7
2026,05.12.2025 15:00,Ulster,Racing 92,61,7,14,7,47,0
