2026,14.02.2026 08:30,Bordeaux Begles,Castres Olympique,,,,,,
2026,14.02.2026 10:35,Aviron Bayonnais,Racing 92,,,,,,
2026,14.02.2026 10:35,Lyon,Montauban,,,,,,
2026,14.02.2026 10:35,Stade Rochelais,Montpellier,,,,,,
2026,14.02.2026 10:35,USA Perpignan,Section Paloise,,,,,,
2026,14.02.2026 15:00,RC Toulonnais,Clermont,,,,,,
2026,15.02.2026 15:05,Stade Francais Paris,Stade Toulousain,,,,,,
2026,01.02.2026 15:05,Section Paloise,RC Toulonnais,32,12,6,5,26,7
2026,31.01.2026 15:00,Stade Toulousain,Aviron Bayonnais,31,10,10,3,21,7
2026,31.01.2026 10:35,Castres Olympique,Clermont,28,23,11,10,17,13
2026,31.01.2026 10:35,Montauban,Bordeaux Begles,16,31,6,7,10,24
2026,31.01.2026 10:35,Racing 92,USA Perpignan,37,31,20,14,17,17
2026,31.01.2026 10:35,Stade Rochelais,Lyon,24,44,7,31,17,13
2026,31.01.2026 08:30,Montpellier,Stade Francais Paris,44,7,15,0,29,7
2026,25.01.2026 15:05,Clermont,Stade Rochelais,32,27,25,10,7,17
2026,25.01.2026 09:30,RC Toulonnais,Montpellier,30,27,16,17,14,10
2026,24.01.2026 15:00,Stade Toulousain,Section Paloise,59,22,40,15,19,7
2026,24.01.2026 10:35,Aviron Bayonnais,Castres Olympique,10,13,10,10,0,3
2026,24.01.2026 10:35,Racing 92,Lyon,35,34,13,10,22,24
2026,24.01.2026 10:35,USA Perpignan,Montauban,31,8,21,3,10,5
2026,24.01.2026 08:30,Bordeaux Begles,Stade Francais Paris,28,33,14,21,14,12
2026,04.01.2026 15:05,Stade Rochelais,RC Toulonnais,66,0,35,0,31,0
2026,03.01.2026 15:00,Bordeaux Begles,Racing 92,62,20,15,13,47,7
2026,03.01.2026 10:35,Lyon,Section Paloise,22,17,12,10,10,7
2026,03.01.2026 10:35,Montauban,Clermont,19,34,7,17,12,17
2026,03.01.2026 10:35,Montpellier,Aviron Bayonnais,62,22,34,10,28,12
2026,03.01.2026 10:35,Stade Francais Paris,Castres Olympique,33,15,14,0,19,15
2026,03.01.2026 08:30,USA Perpignan,Stade Toulousain,30,27,11,21,19,6
2026,28.12.2025 15:05,Stade Toulousain,Stade Rochelais,60,14,36,7,24,7
2026,28.12.2025 12:00,RC Toulonnais,USA Perpignan,31,16,7,10,24,6
2026,28.12.2025 10:00,Section Paloise,Montpellier,35,33,15,14,20,19
2026,27.12.2025 15:00,Clermont,Bordeaux Begles,34,19,20,7,14,12
2026,27.12.2025 12:00,Aviron Bayonnais,Stade Francais Paris,35,34,25,24,10,10
2026,27.12.2025 10:00,Castres Olympique,Lyon,36,22,10,15,26,7
2026,27.12.2025 08:00,Racing 92,Montauban,61,16,19,13,42,3
2026,21.12.2025 15:05,Bordeaux Begles,RC Toulonnais,46,7,27,0,19,7
2026,20.12.2025 15:00,Lyon,Stade Toulousain,19,41,7,17,12,24
2026,20.12.2025 10:35,Montauban,Section Paloise,17,53,17,12,0,41
2026,20.12.2025 10:35,Montpellier,Castres Olympique,33,31,20,14,13,17
2026,20.12.2025 10:35,Stade Rochelais,Aviron Bayonnais,49,17,30,3,19,14
2026,20.12.2025 10:35,USA Perpignan,Clermont,26,20,16,6,10,14
2026,20.12.2025 08:30,Stade Francais Paris,Racing 92,20,20,10,8,10,12
2026,30.11.2025 15:05,Section Paloise,Stade Rochelais,53,33,20,14,33,19
2026,29.11.2025 15:00,Stade Toulousain,Racing 92,48,24,15,3,33,21
2026,29.11.2025 10:35,Aviron Bayonnais,Lyon,22,20,13,10,9,10
2026,29.11.2025 10:35,Castres Olympique,USA Perpignan,23,7,7,7,16,0
2026,29.11.2025 10:35,Clermont,Stade Francais Paris,36,32,17,10,19,22
2026,29.11.2025 10:35,RC Toulonnais,Montauban,54,28,33,7,21,21
2026,29.11.2025 08:30,Montpellier,Bordeaux Begles,28,24,21,10,7,14
2026,23.11.2025 15:05,Stade Francais Paris,RC Toulonnais,51,24,23,10,28,14
2026,22.11.2025 10:35,Montauban,Stade Toulousain,7,49,0,28,7,21
2026,22.11.2025 10:35,Racing 92,Aviron Bayonnais,47,27,20,24,27,3
2026,22.11.2025 10:35,Stade Rochelais,Castres Olympique,17,19,10,13,7,6
2026,22.11.2025 10:35,USA Perpignan,Montpellier,0,28,0,13,0,15
2026,22.11.2025 08:30,Lyon,Clermont,43,24,17,12,26,12
2026,21.11.2025 15:00,Bordeaux Begles,Section Paloise,33,34,19,23,14,11
2026,08.11.2025 10:30,RC Toulonnais,Stade Rochelais,39,14,17,7,22,7
2026,02.11.2025 15:05,Stade Rochelais,Racing 92,33,6,16,6,17,0
2026,01.11.2025 16:00,Stade Toulousain,Stade Francais Paris,29,17,3,10,26,7
2026,01.11.2025 11:35,Aviron Bayonnais,Montauban,49,7,28,0,21,7
2026,01.11.2025 11:35,Castres Olympique,Bordeaux Begles,26,28,7,13,19,15
2026,01.11.2025 11:35,Montpellier,Clermont,7,9,0,3,7,6
2026,01.11.2025 11:35,Section Paloise,USA Perpignan,27,23,15,6,12,17
2026,01.11.2025 09:30,RC Toulonnais,Lyon,54,21,21,9,33,12
2026,26.10.2025 16:05,Stade Toulousain,RC Toulonnais,59,24,24,3,35,21
2026,25.10.2025 15:00,Bordeaux Begles,Aviron Bayonnais,41,12,31,0,10,12
2026,25.10.2025 10:35,Clermont,Castres Olympique,63,14,14,6,49,8
2026,25.10.2025 10:35,Montauban,USA Perpignan,29,22,17,15,12,7
2026,25.10.2025 10:35,Racing 92,Section Paloise,15,10,6,10,9,0
2026,25.10.2025 10:35,Stade Francais Paris,Montpellier,35,12,21,0,14,12
2026,25.10.2025 08:30,Lyon,Stade Rochelais,19,36,19,28,0,8
2026,19.10.2025 15:05,RC Toulonnais,Racing 92,45,21,24,7,21,14
2026,18.10.2025 15:00,Section Paloise,Stade Toulousain,30,26,13,20,17,6
2026,18.10.2025 10:35,Castres Olympique,Stade Francais Paris,29,24,22,7,7,17
2026,18.10.2025 10:35,Montpellier,Lyon,35,13,20,3,15,10
2026,18.10.2025 10:35,Stade Rochelais,Montauban,54,19,28,0,26,19
2026,18.10.2025 10:35,USA Perpignan,Bordeaux Begles,12,27,7,20,5,7
2026,18.10.2025 08:30,Aviron Bayonnais,Clermont,44,17,25,3,19,14
2026,12.10.2025 15:05,Stade Toulousain,Bordeaux Begles,56,13,35,3,21,10
2026,11.10.2025 15:00,Clermont,RC Toulonnais,27,10,20,3,7,7
2026,11.10.2025 10:35,Lyon,USA Perpignan,44,19,13,9,31,10
2026,11.10.2025 10:35,Montauban,Castres Olympique,28,32,7,26,21,6
2026,11.10.2025 10:35,Racing 92,Montpellier,32,25,13,13,19,12
2026,11.10.2025 10:35,Stade Francais Paris,Stade Rochelais,26,24,7,6,19,18
2026,11.10.2025 08:30,Section Paloise,Aviron Bayonnais,47,24,20,10,27,14
2026,05.10.2025 15:05,Aviron Bayonnais,Stade Toulousain,40,26,16,16,24,10
2026,04.10.2025 15:00,Bordeaux Begles,Lyon,32,20,17,13,15,7
2026,04.10.2025 10:35,Castres Olympique,Racing 92,20,16,6,6,14,10
2026,04.10.2025 10:35,Clermont,Montauban,84,31,42,24,42,7
2026,04.10.2025 10:35,RC Toulonnais,Section Paloise,33,17,14,3,19,14
2026,04.10.2025 10:35,USA Perpignan,Stade Francais Paris,11,28,3,21,8,7
2026,04.10.2025 08:30,Montpellier,Stade Rochelais,37,13,23,10,14,3
2026,28.09.2025 15:05,Aviron Bayonnais,RC Toulonnais,35,32,20,10,15,22
2026,27.09.2025 15:00,Stade Toulousain,Castres Olympique,59,12,19,12,40,0
2026,27.09.2025 10:35,Montauban,Montpellier,22,22,13,10,9,1
2026,27.09.2025 10:35,Racing 92,Clermont,43,31,22,7,21,2
2026,27.09.2025 10:35,Section Paloise,Lyon,40,15,20,9,20,6
2026,27.09.2025 10:35,Stade Rochelais,USA Perpignan,31,8,7,8,24,0
2026,27.09.2025 08:30,Stade Francais Paris,Bordeaux Begles,28,7,18,0,10,7
2026,20.09.2025 15:00,Montpellier,Stade Toulousain,44,14,34,7,10,7
2026,20.09.2025 12:30,Bordeaux Begles,Montauban,71,24,26,10,45,14
2026,20.09.2025 12:30,Castres Olympique,Aviron Bayonnais,48,17,19,3,29,14
2026,20.09.2025 12:30,Lyon,Stade Francais Paris,42,37,14,16,28,21
2026,20.09.2025 12:30,USA Perpignan,Racing 92,15,28,10,22,5,6
2026,20.09.2025 08:30,Clermont,Section Paloise,50,27,22,17,28,10
2026,14.09.2025 15:05,Racing 92,Bordeaux Begles,44,32,34,8,10,24
2026,13.09.2025 15:00,RC Toulonnais,Castres Olympique,16,12,6,9,10,3
2026,13.09.2025 10:35,Aviron Bayonnais,Montpellier,26,23,17,13,9,10
2026,13.09.2025 10:35,Section Paloise,Stade Francais Paris,34,10,27,10,7,0
2026,13.09.2025 10:35,Stade Rochelais,Clermont,34,16,13,8,21,8
2026,13.09.2025 10:35,Stade Toulousain,USA Perpignan,31,13,17,13,14,0
2026,13.09.2025 08:30,Montauban,Lyon,18,25,6,15,12,10
2026,07.09.2025 15:05,Clermont,Stade Toulousain,24,34,14,17,10,17
2026,06.09.2025 15:05,Bordeaux Begles,Stade Rochelais,23,18,6,3,17,15
2026,06.09.2025 13:00,Montpellier,RC Toulonnais,17,27,3,24,14,3
2026,06.09.2025 11:00,Castres Olympique,Section Paloise,15,17,5,9,10,8
2026,06.09.2025 11:00,Lyon,Racing 92,32,7,25,7,7,0
2026,06.09.2025 09:00,USA Perpignan,Aviron Bayonnais,19,26,14,10,5,16
2026,06.09.2025 07:00,Stade Francais Paris,Montauban,47,24,28,12,19,12
