5027,,,,,,94694400000,94694400000,"Mon 1 Jan 1973, 00:00 GMT",,741,Malaysia,MAS,772,Thailand,THA,3,4,C,B,,,,,,,,"{""matchId"":5027,""time"":{""millis"":94694400000,""label"":""Mon 1 Jan 1973, 00:00 GMT""},""teams"":[{""id"":741,""name"":""Malaysia"",""abbreviation"":""MAS""},{""id"":772,""name"":""Thailand"",""abbreviation"":""THA""}],""scores"":[3,4],""status"":""C"",""outcome"":""B"",""events"":[]}"
8075,,,,,,94694400000,94694400000,"Mon 1 Jan 1973, 00:00 GMT",,741,Malaysia,MAS,772,Thailand,THA,3,4,C,B,,,,,,,,"{""matchId"":8075,""time"":{""millis"":94694400000,""label"":""Mon 1 Jan 1973, 00:00 GMT""},""teams"":[{""id"":741,""name"":""Malaysia"",""abbreviation"":""MAS""},{""id"":772,""name"":""Thailand"",""abbreviation"":""THA""}],""scores"":[3,4],""status"":""C"",""outcome"":""B"",""events"":[]}"
5539,,,,,,94780800000,94780800000,"Tue 2 Jan 1973, 00:00 GMT",,1767,South Western Counties,,37,New Zealand,NZL,7,30,C,B,64,"1972 New Zealand Tour of Canada, USA, UK & France",mru,63072000000,1972-01-01,126230399000,1973-12-31,"{""matchId"":5539,""time"":{""millis"":94780800000,""label"":""Tue 2 Jan 1973, 00:00 GMT""},""teams"":[{""id"":1767,""name"":""South Western Counties""},{""id"":37,""name"":""New Zealand"",""abbreviation"":""NZL""}],""scores"":[7,30],""status"":""C"",""outcome"":""B"",""events"":[{""id"":64,""label"":""1972 New Zealand Tour of Canada, USA, UK & France"",""sport"":""mru"",""start"":{""millis"":63072000000,""label"":""1972-01-01""},""end"":{""millis"":126230399000,""label"":""1973-12-31""}}]}"
994,,3,Twickenham,London,England,95177700000,95177700000,"Sat 6 Jan 1973, 14:15 GMT",72000,34,England,ENG,37,New Zealand,NZL,0,9,C,B,64,"1972 New Zealand Tour of Canada, USA, UK & France",mru,63072000000,1972-01-01,126230399000,1973-12-31,"{""matchId"":994,""venue"":{""id"":3,""name"":""Twickenham"",""city"":""London"",""country"":""England""},""time"":{""millis"":95177700000,""label"":""Sat 6 Jan 1973, 14:15 GMT""},""attendance"":72000,""teams"":[{""id"":34,""name"":""England"",""abbreviation"":""ENG""},{""id"":37,""name"":""New Zealand"",""abbreviation"":""NZL""}],""scores"":[0,9],""status"":""C"",""outcome"":""B"",""events"":[{""id"":64,""label"":""1972 New Zealand Tour of Canada, USA, UK & France"",""sport"":""mru"",""start"":{""millis"":63072000000,""label"":""1972-01-01""},""end"":{""millis"":126230399000,""label"":""1973-12-31""}}]}"
5540,,,,,,95472000000,95472000000,"Wed 10 Jan 1973, 00:00 GMT",,5,Newport,,37,New Zealand,NZL,15,20,C,B,64,"1972 New Zealand Tour of Canada, USA, UK & France",mru,63072000000,1972-01-01,126230399000,1973-12-31,"{""matchId"":5540,""time"":{""millis"":95472000000,""label"":""Wed 10 Jan 1973, 00:00 GMT""},""teams"":[{""id"":5,""name"":""Newport""},{""id"":37,""name"":""New Zealand"",""abbreviation"":""NZL""}],""scores"":[15,20],""status"":""C"",""outcome"":""B"",""events"":[{""id"":64,""label"":""1972 New Zealand Tour of Canada, USA, UK & France"",""sport"":""mru"",""start"":{""millis"":63072000000,""label"":""1972-01-01""},""end"":{""millis"":126230399000,""label"":""1973-12-31""}}]}"
1326,,5,Parc des Princes,Paris,France,95731200000,95731200000,"Sat 13 Jan 1973, 00:00 GMT",37232,42,France,FRA,35,Scotland,SCO,16,13,C,A,174,1973 Five Nations,mru,94694400000,1973-01-01,126230399000,1973-12-31,"{""matchId"":1326,""venue"":{""id"":5,""name"":""Parc des Princes"",""city"":""Paris"",""country"":""France""},""time"":{""millis"":95731200000,""label"":""Sat 13 Jan 1973, 00:00 GMT""},""attendance"":37232,""teams"":[{""id"":42,""name"":""France"",""abbreviation"":""FRA""},{""id"":35,""name"":""Scotland"",""abbreviation"":""SCO""}],""scores"":[16,13],""status"":""C"",""outcome"":""A"",""events"":[{""id"":174,""label"":""1973 Five Nations"",""sport"":""mru"",""start"":{""millis"":94694400000,""label"":""1973-01-01""},""end"":{""millis"":126230399000,""label"":""1973-12-31""}}]}"
5541,,,,,,95731200000,95731200000,"Sat 13 Jan 1973, 00:00 GMT",,1186,Midland Counties,,37,New Zealand,NZL,12,43,C,B,64,"1972 New Zealand Tour of Canada, USA, UK & France",mru,63072000000,1972-01-01,126230399000,1973-12-31,"{""matchId"":5541,""time"":{""millis"":95731200000,""label"":""Sat 13 Jan 1973, 00:00 GMT""},""teams"":[{""id"":1186,""name"":""Midland Counties""},{""id"":37,""name"":""New Zealand"",""abbreviation"":""NZL""}],""scores"":[12,43],""status"":""C"",""outcome"":""B"",""events"":[{""id"":64,""label"":""1972 New Zealand Tour of Canada, USA, UK & France"",""sport"":""mru"",""start"":{""millis"":63072000000,""label"":""1972-01-01""},""end"":{""millis"":126230399000,""label"":""1973-12-31""}}]}"
5542,,,,,,95990400000,95990400000,"Tue 16 Jan 1973, 00:00 GMT",,1138,Munster,,37,New Zealand,NZL,3,3,C,D,64,"1972 New Zealand Tour of Canada, USA, UK & France",mru,63072000000,1972-01-01,126230399000,1973-12-31,"{""matchId"":5542,""time"":{""millis"":95990400000,""label"":""Tue 16 Jan 1973, 00:00 GMT""},""teams"":[{""id"":1138,""name"":""Munster""},{""id"":37,""name"":""New Zealand"",""abbreviation"":""NZL""}],""scores"":[3,3],""status"":""C"",""outcome"":""D"",""events"":[{""id"":64,""label"":""1972 New Zealand Tour of Canada, USA, UK & France"",""sport"":""mru"",""start"":{""millis"":63072000000,""label"":""1972-01-01""},""end"":{""millis"":126230399000,""label"":""1973-12-31""}}]}"
549,,2,Cardiff Arms Park,Cardiff,Wales,96389100000,96389100000,"Sat 20 Jan 1973, 14:45 GMT",,33,Wales,WAL,34,England,ENG,25,9,C,A,174,1973 Five Nations,mru,94694400000,1973-01-01,126230399000,1973-12-31,"{""matchId"":549,""venue"":{""id"":2,""name"":""Cardiff Arms Park"",""city"":""Cardiff"",""country"":""Wales""},""time"":{""millis"":96389100000,""label"":""Sat 20 Jan 1973, 14:45 GMT""},""teams"":[{""id"":33,""name"":""Wales"",""abbreviation"":""WAL""},{""id"":34,""name"":""England"",""abbreviation"":""ENG""}],""scores"":[25,9],""status"":""C"",""outcome"":""A"",""events"":[{""id"":174,""label"":""1973 Five Nations"",""sport"":""mru"",""start"":{""millis"":94694400000,""label"":""1973-01-01""},""end"":{""millis"":126230399000,""label"":""1973-12-31""}}]}"
1784,,4,Lansdowne Road,Dublin,Ireland,96390000000,96390000000,"Sat 20 Jan 1973, 15:00 GMT",50000,36,Ireland,IRE,37,New Zealand,NZL,10,10,C,D,64,"1972 New Zealand Tour of Canada, USA, UK & France",mru,63072000000,1972-01-01,126230399000,1973-12-31,"{""matchId"":1784,""venue"":{""id"":4,""name"":""Lansdowne Road"",""city"":""Dublin"",""country"":""Ireland""},""time"":{""millis"":96390000000,""label"":""Sat 20 Jan 1973, 15:00 GMT""},""attendance"":50000,""teams"":[{""id"":36,""name"":""Ireland"",""abbreviation"":""IRE""},{""id"":37,""name"":""New Zealand"",""abbreviation"":""NZL""}],""scores"":[10,10],""status"":""C"",""outcome"":""D"",""events"":[{""id"":64,""label"":""1972 New Zealand Tour of Canada, USA, UK & France"",""sport"":""mru"",""start"":{""millis"":63072000000,""label"":""1972-01-01""},""end"":{""millis"":126230399000,""label"":""1973-12-31""}}]}"
5543,,,,,,96681600000,96681600000,"Wed 24 Jan 1973, 00:00 GMT",,1768,Neath / Aberavon,,37,New Zealand,NZL,3,43,C,B,64,"1972 New Zealand Tour of Canada, USA, UK & France",mru,63072000000,1972-01-01,126230399000,1973-12-31,"{""matchId"":5543,""time"":{""millis"":96681600000,""label"":""Wed 24 Jan 1973, 00:00 GMT""},""teams"":[{""id"":1768,""name"":""Neath / Aberavon""},{""id"":37,""name"":""New Zealand"",""abbreviation"":""NZL""}],""scores"":[3,43],""status"":""C"",""outcome"":""B"",""events"":[{""id"":64,""label"":""1972 New Zealand Tour of Canada, USA, UK & France"",""sport"":""mru"",""start"":{""millis"":63072000000,""label"":""1972-01-01""},""end"":{""millis"":126230399000,""label"":""1973-12-31""}}]}"
5544,,,,,,96940800000,96940800000,"Sat 27 Jan 1973, 00:00 GMT",,54,Barbarians,,37,New Zealand,NZL,23,11,C,A,64,"1972 New Zealand Tour of Canada, USA, UK & France",mru,63072000000,1972-01-01,126230399000,1973-12-31,"{""matchId"":5544,""time"":{""millis"":96940800000,""label"":""Sat 27 Jan 1973, 00:00 GMT""},""teams"":[{""id"":54,""name"":""Barbarians""},{""id"":37,""name"":""New Zealand"",""abbreviation"":""NZL""}],""scores"":[23,11],""status"":""C"",""outcome"":""A"",""events"":[{""id"":64,""label"":""1972 New Zealand Tour of Canada, USA, UK & France"",""sport"":""mru"",""start"":{""millis"":63072000000,""label"":""1972-01-01""},""end"":{""millis"":126230399000,""label"":""1973-12-31""}}]}"
5545,,,,,,97286400000,97286400000,"Wed 31 Jan 1973, 00:00 GMT",,1706,French Regional XV,,37,New Zealand,NZL,3,12,C,B,64,"1972 New Zealand Tour of Canada, USA, UK & France",mru,63072000000,1972-01-01,126230399000,1973-12-31,"{""matchId"":5545,""time"":{""millis"":97286400000,""label"":""Wed 31 Jan 1973, 00:00 GMT""},""teams"":[{""id"":1706,""name"":""French Regional XV""},{""id"":37,""name"":""New Zealand"",""abbreviation"":""NZL""}],""scores"":[3,12],""status"":""C"",""outcome"":""B"",""events"":[{""id"":64,""label"":""1972 New Zealand Tour of Canada, USA, UK & France"",""sport"":""mru"",""start"":{""millis"":63072000000,""label"":""1972-01-01""},""end"":{""millis"":126230399000,""label"":""1973-12-31""}}]}"
5547,,,,,,97545600000,97545600000,"Sat 3 Feb 1973, 00:00 GMT",,1706,French Regional XV,,37,New Zealand,NZL,8,23,C,B,64,"1972 New Zealand Tour of Canada, USA, UK & France",mru,63072000000,1972-01-01,126230399000,1973-12-31,"{""matchId"":5547,""time"":{""millis"":97545600000,""label"":""Sat 3 Feb 1973, 00:00 GMT""},""teams"":[{""id"":1706,""name"":""French Regional XV""},{""id"":37,""name"":""New Zealand"",""abbreviation"":""NZL""}],""scores"":[8,23],""status"":""C"",""outcome"":""B"",""events"":[{""id"":64,""label"":""1972 New Zealand Tour of Canada, USA, UK & France"",""sport"":""mru"",""start"":{""millis"":63072000000,""label"":""1972-01-01""},""end"":{""millis"":126230399000,""label"":""1973-12-31""}}]}"
550,,7,Murrayfield,Edinburgh,Scotland,97597800000,97597800000,"Sat 3 Feb 1973, 14:30 GMT",,35,Scotland,SCO,33,Wales,WAL,10,9,C,A,174,1973 Five Nations,mru,94694400000,1973-01-01,126230399000,1973-12-31,"{""matchId"":550,""venue"":{""id"":7,""name"":""Murrayfield"",""city"":""Edinburgh"",""country"":""Scotland""},""time"":{""millis"":97597800000,""label"":""Sat 3 Feb 1973, 14:30 GMT""},""teams"":[{""id"":35,""name"":""Scotland"",""abbreviation"":""SCO""},{""id"":33,""name"":""Wales"",""abbreviation"":""WAL""}],""scores"":[10,9],""status"":""C"",""outcome"":""A"",""events"":[{""id"":174,""label"":""1973 Five Nations"",""sport"":""mru"",""start"":{""millis"":94694400000,""label"":""1973-01-01""},""end"":{""millis"":126230399000,""label"":""1973-12-31""}}]}"
5546,,,,,,97891200000,97891200000,"Wed 7 Feb 1973, 00:00 GMT",,1706,French Regional XV,,37,New Zealand,NZL,3,6,C,B,64,"1972 New Zealand Tour of Canada, USA, UK & France",mru,63072000000,1972-01-01,126230399000,1973-12-31,"{""matchId"":5546,""time"":{""millis"":97891200000,""label"":""Wed 7 Feb 1973, 00:00 GMT""},""teams"":[{""id"":1706,""name"":""French Regional XV""},{""id"":37,""name"":""New Zealand"",""abbreviation"":""NZL""}],""scores"":[3,6],""status"":""C"",""outcome"":""B"",""events"":[{""id"":64,""label"":""1972 New Zealand Tour of Canada, USA, UK & France"",""sport"":""mru"",""start"":{""millis"":63072000000,""label"":""1972-01-01""},""end"":{""millis"":126230399000,""label"":""1973-12-31""}}]}"
1785,,5,Parc des Princes,Paris,France,98150400000,98150400000,"Sat 10 Feb 1973, 00:00 GMT",55000,42,France,FRA,37,New Zealand,NZL,13,6,C,A,64,"1972 New Zealand Tour of Canada, USA, UK & France",mru,63072000000,1972-01-01,126230399000,1973-12-31,"{""matchId"":1785,""venue"":{""id"":5,""name"":""Parc des Princes"",""city"":""Paris"",""country"":""France""},""time"":{""millis"":98150400000,""label"":""Sat 10 Feb 1973, 00:00 GMT""},""attendance"":55000,""teams"":[{""id"":42,""name"":""France"",""abbreviation"":""FRA""},{""id"":37,""name"":""New Zealand"",""abbreviation"":""NZL""}],""scores"":[13,6],""status"":""C"",""outcome"":""A"",""events"":[{""id"":64,""label"":""1972 New Zealand Tour of Canada, USA, UK & France"",""sport"":""mru"",""start"":{""millis"":63072000000,""label"":""1972-01-01""},""end"":{""millis"":126230399000,""label"":""1973-12-31""}}]}"
995,,4,Lansdowne Road,Dublin,Ireland,98204400000,98204400000,"Sat 10 Feb 1973, 15:00 GMT",50000,36,Ireland,IRE,34,England,ENG,18,9,C,A,174,1973 Five Nations,mru,94694400000,1973-01-01,126230399000,1973-12-31,"{""matchId"":995,""venue"":{""id"":4,""name"":""Lansdowne Road"",""city"":""Dublin"",""country"":""Ireland""},""time"":{""millis"":98204400000,""label"":""Sat 10 Feb 1973, 15:00 GMT""},""attendance"":50000,""teams"":[{""id"":36,""name"":""Ireland"",""abbreviation"":""IRE""},{""id"":34,""name"":""England"",""abbreviation"":""ENG""}],""scores"":[18,9],""status"":""C"",""outcome"":""A"",""events"":[{""id"":174,""label"":""1973 Five Nations"",""sport"":""mru"",""start"":{""millis"":94694400000,""label"":""1973-01-01""},""end"":{""millis"":126230399000,""label"":""1973-12-31""}}]}"
996,,3,Twickenham,London,England,99414000000,99414000000,"Sat 24 Feb 1973, 15:00 GMT",70000,34,England,ENG,42,France,FRA,14,6,C,A,174,1973 Five Nations,mru,94694400000,1973-01-01,126230399000,1973-12-31,"{""matchId"":996,""venue"":{""id"":3,""name"":""Twickenham"",""city"":""London"",""country"":""England""},""time"":{""millis"":99414000000,""label"":""Sat 24 Feb 1973, 15:00 GMT""},""attendance"":70000,""teams"":[{""id"":34,""name"":""England"",""abbreviation"":""ENG""},{""id"":42,""name"":""France"",""abbreviation"":""FRA""}],""scores"":[14,6],""status"":""C"",""outcome"":""A"",""events"":[{""id"":174,""label"":""1973 Five Nations"",""sport"":""mru"",""start"":{""millis"":94694400000,""label"":""1973-01-01""},""end"":{""millis"":126230399000,""label"":""1973-12-31""}}]}"
1327,,7,Murrayfield,Edinburgh,Scotland,99414000000,99414000000,"Sat 24 Feb 1973, 15:00 GMT",,35,Scotland,SCO,36,Ireland,IRE,19,14,C,A,174,1973 Five Nations,mru,94694400000,1973-01-01,126230399000,1973-12-31,"{""matchId"":1327,""venue"":{""id"":7,""name"":""Murrayfield"",""city"":""Edinburgh"",""country"":""Scotland""},""time"":{""millis"":99414000000,""label"":""Sat 24 Feb 1973, 15:00 GMT""},""teams"":[{""id"":35,""name"":""Scotland"",""abbreviation"":""SCO""},{""id"":36,""name"":""Ireland"",""abbreviation"":""IRE""}],""scores"":[19,14],""status"":""C"",""outcome"":""A"",""events"":[{""id"":174,""label"":""1973 Five Nations"",""sport"":""mru"",""start"":{""millis"":94694400000,""label"":""1973-01-01""},""end"":{""millis"":126230399000,""label"":""1973-12-31""}}]}"
9904,,,,,,99964800000,99964800000,"Sat 3 Mar 1973, 00:00 GMT",,42,France,FRA,745,Morocco,MAR,73,6,C,A,,,,,,,,"{""matchId"":9904,""time"":{""millis"":99964800000,""label"":""Sat 3 Mar 1973, 00:00 GMT""},""teams"":[{""id"":42,""name"":""France"",""abbreviation"":""FRA""},{""id"":745,""name"":""Morocco"",""abbreviation"":""MAR""}],""scores"":[73,6],""status"":""C"",""outcome"":""A"",""events"":[]}"
551,,2,Cardiff Arms Park,Cardiff,Wales,100623600000,100623600000,"Sat 10 Mar 1973, 15:00 GMT",,33,Wales,WAL,36,Ireland,IRE,16,12,C,A,174,1973 Five Nations,mru,94694400000,1973-01-01,126230399000,1973-12-31,"{""matchId"":551,""venue"":{""id"":2,""name"":""Cardiff Arms Park"",""city"":""Cardiff"",""country"":""Wales""},""time"":{""millis"":100623600000,""label"":""Sat 10 Mar 1973, 15:00 GMT""},""teams"":[{""id"":33,""name"":""Wales"",""abbreviation"":""WAL""},{""id"":36,""name"":""Ireland"",""abbreviation"":""IRE""}],""scores"":[16,12],""status"":""C"",""outcome"":""A"",""events"":[{""id"":174,""label"":""1973 Five Nations"",""sport"":""mru"",""start"":{""millis"":94694400000,""label"":""1973-01-01""},""end"":{""millis"":126230399000,""label"":""1973-12-31""}}]}"
4747,,884,Stade de RUC,Casablanca,Morocco,100711800000,100711800000,"Sun 11 Mar 1973, 15:30 GMT",1000,745,Morocco,MAR,43,Spain,ESP,9,20,C,B,,,,,,,,"{""matchId"":4747,""venue"":{""id"":884,""name"":""Stade de RUC"",""city"":""Casablanca"",""country"":""Morocco""},""time"":{""millis"":100711800000,""label"":""Sun 11 Mar 1973, 15:30 GMT""},""attendance"":1000,""teams"":[{""id"":745,""name"":""Morocco"",""abbreviation"":""MAR""},{""id"":43,""name"":""Spain"",""abbreviation"":""ESP""}],""scores"":[9,20],""status"":""C"",""outcome"":""B"",""events"":[]}"
997,,3,Twickenham,London,England,101174400000,101174400000,"Sat 17 Mar 1973, 00:00 GMT",,34,England,ENG,35,Scotland,SCO,20,13,C,A,174,1973 Five Nations,mru,94694400000,1973-01-01,126230399000,1973-12-31,"{""matchId"":997,""venue"":{""id"":3,""name"":""Twickenham"",""city"":""London"",""country"":""England""},""time"":{""millis"":101174400000,""label"":""Sat 17 Mar 1973, 00:00 GMT""},""teams"":[{""id"":34,""name"":""England"",""abbreviation"":""ENG""},{""id"":35,""name"":""Scotland"",""abbreviation"":""SCO""}],""scores"":[20,13],""status"":""C"",""outcome"":""A"",""events"":[{""id"":174,""label"":""1973 Five Nations"",""sport"":""mru"",""start"":{""millis"":94694400000,""label"":""1973-01-01""},""end"":{""millis"":126230399000,""label"":""1973-12-31""}}]}"
552,,5,Parc des Princes,Paris,France,101779200000,101779200000,"Sat 24 Mar 1973, 00:00 GMT",54000,42,France,FRA,33,Wales,WAL,12,3,C,A,174,1973 Five Nations,mru,94694400000,1973-01-01,126230399000,1973-12-31,"{""matchId"":552,""venue"":{""id"":5,""name"":""Parc des Princes"",""city"":""Paris"",""country"":""France""},""time"":{""millis"":101779200000,""label"":""Sat 24 Mar 1973, 00:00 GMT""},""attendance"":54000,""teams"":[{""id"":42,""name"":""France"",""abbreviation"":""FRA""},{""id"":33,""name"":""Wales"",""abbreviation"":""WAL""}],""scores"":[12,3],""status"":""C"",""outcome"":""A"",""events"":[{""id"":174,""label"":""1973 Five Nations"",""sport"":""mru"",""start"":{""millis"":94694400000,""label"":""1973-01-01""},""end"":{""millis"":126230399000,""label"":""1973-12-31""}}]}"
3824,,803,Est치dio Universit치rio,Coimbra,Portugal,101865600000,101865600000,"Sun 25 Mar 1973, 00:00 GMT",2000,41,Italy,ITA,44,Portugal,POR,6,9,C,B,,,,,,,,"{""matchId"":3824,""venue"":{""id"":803,""name"":""Est치dio Universit치rio"",""city"":""Coimbra"",""country"":""Portugal""},""time"":{""millis"":101865600000,""label"":""Sun 25 Mar 1973, 00:00 GMT""},""attendance"":2000,""teams"":[{""id"":41,""name"":""Italy"",""abbreviation"":""ITA""},{""id"":44,""name"":""Portugal"",""abbreviation"":""POR""}],""scores"":[6,9],""status"":""C"",""outcome"":""B"",""events"":[]}"
2043,,7,Murrayfield,Edinburgh,Scotland,102438000000,102438000000,"Sat 31 Mar 1973, 15:00 GMT",,35,Scotland,SCO,77,SRU President's XV,,27,16,C,A,,,,,,,,"{""matchId"":2043,""venue"":{""id"":7,""name"":""Murrayfield"",""city"":""Edinburgh"",""country"":""Scotland""},""time"":{""millis"":102438000000,""label"":""Sat 31 Mar 1973, 15:00 GMT""},""teams"":[{""id"":35,""name"":""Scotland"",""abbreviation"":""SCO""},{""id"":77,""name"":""SRU President's XV""}],""scores"":[27,16],""status"":""C"",""outcome"":""A"",""events"":[]}"
5133,,,,,,102988800000,102988800000,"Sat 7 Apr 1973, 00:00 GMT",,1211,Czechoslovakia,TCH,753,Poland,POL,16,6,C,A,,,,,,,,"{""matchId"":5133,""time"":{""millis"":102988800000,""label"":""Sat 7 Apr 1973, 00:00 GMT""},""teams"":[{""id"":1211,""name"":""Czechoslovakia"",""abbreviation"":""TCH""},{""id"":753,""name"":""Poland"",""abbreviation"":""POL""}],""scores"":[16,6],""status"":""C"",""outcome"":""A"",""events"":[]}"
8388,,,,,,103075200000,103075200000,"Sun 8 Apr 1973, 00:00 GMT",100,783,Yugoslavia,YUG,44,Portugal,POR,3,3,C,D,809,1973 Federation Internationale de Rugby Amateur Championship,mru,94694400000,1973-01-01,126230399000,1973-12-31,"{""matchId"":8388,""time"":{""millis"":103075200000,""label"":""Sun 8 Apr 1973, 00:00 GMT""},""attendance"":100,""teams"":[{""id"":783,""name"":""Yugoslavia"",""abbreviation"":""YUG""},{""id"":44,""name"":""Portugal"",""abbreviation"":""POR""}],""scores"":[3,3],""status"":""C"",""outcome"":""D"",""events"":[{""id"":809,""label"":""1973 Federation Internationale de Rugby Amateur Championship"",""sport"":""mru"",""start"":{""millis"":94694400000,""label"":""1973-01-01""},""end"":{""millis"":126230399000,""label"":""1973-12-31""}}]}"
8390,,,,,,103334400000,103334400000,"Wed 11 Apr 1973, 00:00 GMT",,770,Switzerland,SUI,44,Portugal,POR,4,23,C,B,,,,,,,,"{""matchId"":8390,""time"":{""millis"":103334400000,""label"":""Wed 11 Apr 1973, 00:00 GMT""},""teams"":[{""id"":770,""name"":""Switzerland"",""abbreviation"":""SUI""},{""id"":44,""name"":""Portugal"",""abbreviation"":""POR""}],""scores"":[4,23],""status"":""C"",""outcome"":""B"",""events"":[]}"
1328,,4,Lansdowne Road,Dublin,Ireland,103593600000,103593600000,"Sat 14 Apr 1973, 00:00 GMT",50000,36,Ireland,IRE,42,France,FRA,6,4,C,A,174,1973 Five Nations,mru,94694400000,1973-01-01,126230399000,1973-12-31,"{""matchId"":1328,""venue"":{""id"":4,""name"":""Lansdowne Road"",""city"":""Dublin"",""country"":""Ireland""},""time"":{""millis"":103593600000,""label"":""Sat 14 Apr 1973, 00:00 GMT""},""attendance"":50000,""teams"":[{""id"":36,""name"":""Ireland"",""abbreviation"":""IRE""},{""id"":42,""name"":""France"",""abbreviation"":""FRA""}],""scores"":[6,4],""status"":""C"",""outcome"":""A"",""events"":[{""id"":174,""label"":""1973 Five Nations"",""sport"":""mru"",""start"":{""millis"":94694400000,""label"":""1973-01-01""},""end"":{""millis"":126230399000,""label"":""1973-12-31""}}]}"
2746,,653,Stadionul 1st May,Constanta,Romania,103654800000,103654800000,"Sat 14 Apr 1973, 17:00 GMT",5000,52,Romania,ROM,43,Spain,ESP,16,3,C,A,809,1973 Federation Internationale de Rugby Amateur Championship,mru,94694400000,1973-01-01,126230399000,1973-12-31,"{""matchId"":2746,""venue"":{""id"":653,""name"":""Stadionul 1st May"",""city"":""Constanta"",""country"":""Romania""},""time"":{""millis"":103654800000,""label"":""Sat 14 Apr 1973, 17:00 GMT""},""attendance"":5000,""teams"":[{""id"":52,""name"":""Romania"",""abbreviation"":""ROM""},{""id"":43,""name"":""Spain"",""abbreviation"":""ESP""}],""scores"":[16,3],""status"":""C"",""outcome"":""A"",""events"":[{""id"":809,""label"":""1973 Federation Internationale de Rugby Amateur Championship"",""sport"":""mru"",""start"":{""millis"":94694400000,""label"":""1973-01-01""},""end"":{""millis"":126230399000,""label"":""1973-12-31""}}]}"
8803,,,,,,104112000000,104112000000,"Fri 20 Apr 1973, 00:00 GMT",,1165,East Germany,EGR,769,Sweden,SWE,22,12,C,A,,,,,,,,"{""matchId"":8803,""time"":{""millis"":104112000000,""label"":""Fri 20 Apr 1973, 00:00 GMT""},""teams"":[{""id"":1165,""name"":""East Germany"",""abbreviation"":""EGR""},{""id"":769,""name"":""Sweden"",""abbreviation"":""SWE""}],""scores"":[22,12],""status"":""C"",""outcome"":""A"",""events"":[]}"
5135,,,,,,104284800000,104284800000,"Sun 22 Apr 1973, 00:00 GMT",,1211,Czechoslovakia,TCH,704,Bulgaria,BUL,45,0,C,A,,,,,,,,"{""matchId"":5135,""time"":{""millis"":104284800000,""label"":""Sun 22 Apr 1973, 00:00 GMT""},""teams"":[{""id"":1211,""name"":""Czechoslovakia"",""abbreviation"":""TCH""},{""id"":704,""name"":""Bulgaria"",""abbreviation"":""BUL""}],""scores"":[45,0],""status"":""C"",""outcome"":""A"",""events"":[]}"
8393,,,,,,104284800000,104284800000,"Sun 22 Apr 1973, 00:00 GMT",,753,Poland,POL,44,Portugal,POR,35,13,C,A,809,1973 Federation Internationale de Rugby Amateur Championship,mru,94694400000,1973-01-01,126230399000,1973-12-31,"{""matchId"":8393,""time"":{""millis"":104284800000,""label"":""Sun 22 Apr 1973, 00:00 GMT""},""teams"":[{""id"":753,""name"":""Poland"",""abbreviation"":""POL""},{""id"":44,""name"":""Portugal"",""abbreviation"":""POR""}],""scores"":[35,13],""status"":""C"",""outcome"":""A"",""events"":[{""id"":809,""label"":""1973 Federation Internationale de Rugby Amateur Championship"",""sport"":""mru"",""start"":{""millis"":94694400000,""label"":""1973-01-01""},""end"":{""millis"":126230399000,""label"":""1973-12-31""}}]}"
2745,,275,Stadionul Dinamo,Bucuresti,Romania,104346000000,104346000000,"Sun 22 Apr 1973, 17:00 GMT",,52,Romania,ROM,745,Morocco,MAR,69,9,C,A,809,1973 Federation Internationale de Rugby Amateur Championship,mru,94694400000,1973-01-01,126230399000,1973-12-31,"{""matchId"":2745,""venue"":{""id"":275,""name"":""Stadionul Dinamo"",""city"":""Bucuresti"",""country"":""Romania""},""time"":{""millis"":104346000000,""label"":""Sun 22 Apr 1973, 17:00 GMT""},""teams"":[{""id"":52,""name"":""Romania"",""abbreviation"":""ROM""},{""id"":745,""name"":""Morocco"",""abbreviation"":""MAR""}],""scores"":[69,9],""status"":""C"",""outcome"":""A"",""events"":[{""id"":809,""label"":""1973 Federation Internationale de Rugby Amateur Championship"",""sport"":""mru"",""start"":{""millis"":94694400000,""label"":""1973-01-01""},""end"":{""millis"":126230399000,""label"":""1973-12-31""}}]}"
4889,,,,,,105840000000,105840000000,"Thu 10 May 1973, 00:00 GMT",,45,Samoa,SAM,53,New Zealand Maori,MAB,6,11,C,B,717,"1973 New Zealand Maori Tour of Samoa, Tonga & Fiji",mru,94694400000,1973-01-01,126230399000,1973-12-31,"{""matchId"":4889,""time"":{""millis"":105840000000,""label"":""Thu 10 May 1973, 00:00 GMT""},""teams"":[{""id"":45,""name"":""Samoa"",""abbreviation"":""SAM""},{""id"":53,""name"":""New Zealand Maori"",""abbreviation"":""MAB""}],""scores"":[6,11],""status"":""C"",""outcome"":""B"",""events"":[{""id"":717,""label"":""1973 New Zealand Maori Tour of Samoa, Tonga & Fiji"",""sport"":""mru"",""start"":{""millis"":94694400000,""label"":""1973-01-01""},""end"":{""millis"":126230399000,""label"":""1973-12-31""}}]}"
4888,,,,,,106012800000,106012800000,"Sat 12 May 1973, 00:00 GMT",,45,Samoa,SAM,53,New Zealand Maori,MAB,0,12,C,B,717,"1973 New Zealand Maori Tour of Samoa, Tonga & Fiji",mru,94694400000,1973-01-01,126230399000,1973-12-31,"{""matchId"":4888,""time"":{""millis"":106012800000,""label"":""Sat 12 May 1973, 00:00 GMT""},""teams"":[{""id"":45,""name"":""Samoa"",""abbreviation"":""SAM""},{""id"":53,""name"":""New Zealand Maori"",""abbreviation"":""MAB""}],""scores"":[0,12],""status"":""C"",""outcome"":""B"",""events"":[{""id"":717,""label"":""1973 New Zealand Maori Tour of Samoa, Tonga & Fiji"",""sport"":""mru"",""start"":{""millis"":94694400000,""label"":""1973-01-01""},""end"":{""millis"":126230399000,""label"":""1973-12-31""}}]}"
8397,,,,,,106099200000,106099200000,"Sun 13 May 1973, 00:00 GMT",,44,Portugal,POR,753,Poland,POL,13,3,C,A,809,1973 Federation Internationale de Rugby Amateur Championship,mru,94694400000,1973-01-01,126230399000,1973-12-31,"{""matchId"":8397,""time"":{""millis"":106099200000,""label"":""Sun 13 May 1973, 00:00 GMT""},""teams"":[{""id"":44,""name"":""Portugal"",""abbreviation"":""POR""},{""id"":753,""name"":""Poland"",""abbreviation"":""POL""}],""scores"":[13,3],""status"":""C"",""outcome"":""A"",""events"":[{""id"":809,""label"":""1973 Federation Internationale de Rugby Amateur Championship"",""sport"":""mru"",""start"":{""millis"":94694400000,""label"":""1973-01-01""},""end"":{""millis"":126230399000,""label"":""1973-12-31""}}]}"
6818,,,,,,106358400000,106358400000,"Wed 16 May 1973, 00:00 GMT",,2025,Vava'u & 'Ena Combined,,53,New Zealand Maori,MAB,8,35,C,B,717,"1973 New Zealand Maori Tour of Samoa, Tonga & Fiji",mru,94694400000,1973-01-01,126230399000,1973-12-31,"{""matchId"":6818,""time"":{""millis"":106358400000,""label"":""Wed 16 May 1973, 00:00 GMT""},""teams"":[{""id"":2025,""name"":""Vava'u & 'Ena Combined""},{""id"":53,""name"":""New Zealand Maori"",""abbreviation"":""MAB""}],""scores"":[8,35],""status"":""C"",""outcome"":""B"",""events"":[{""id"":717,""label"":""1973 New Zealand Maori Tour of Samoa, Tonga & Fiji"",""sport"":""mru"",""start"":{""millis"":94694400000,""label"":""1973-01-01""},""end"":{""millis"":126230399000,""label"":""1973-12-31""}}]}"
6819,,,,,,106617600000,106617600000,"Sat 19 May 1973, 00:00 GMT",,2026,Patrons XV,,53,New Zealand Maori,MAB,0,15,C,B,717,"1973 New Zealand Maori Tour of Samoa, Tonga & Fiji",mru,94694400000,1973-01-01,126230399000,1973-12-31,"{""matchId"":6819,""time"":{""millis"":106617600000,""label"":""Sat 19 May 1973, 00:00 GMT""},""teams"":[{""id"":2026,""name"":""Patrons XV""},{""id"":53,""name"":""New Zealand Maori"",""abbreviation"":""MAB""}],""scores"":[0,15],""status"":""C"",""outcome"":""B"",""events"":[{""id"":717,""label"":""1973 New Zealand Maori Tour of Samoa, Tonga & Fiji"",""sport"":""mru"",""start"":{""millis"":94694400000,""label"":""1973-01-01""},""end"":{""millis"":126230399000,""label"":""1973-12-31""}}]}"
4904,,50,Teufaiva Stadium,Nuku'alofa,Tonga,106876800000,106876800000,"Tue 22 May 1973, 00:00 GMT",,47,Tonga,TGA,53,New Zealand Maori,MAB,11,3,C,A,717,"1973 New Zealand Maori Tour of Samoa, Tonga & Fiji",mru,94694400000,1973-01-01,126230399000,1973-12-31,"{""matchId"":4904,""venue"":{""id"":50,""name"":""Teufaiva Stadium"",""city"":""Nuku'alofa"",""country"":""Tonga""},""time"":{""millis"":106876800000,""label"":""Tue 22 May 1973, 00:00 GMT""},""teams"":[{""id"":47,""name"":""Tonga"",""abbreviation"":""TGA""},{""id"":53,""name"":""New Zealand Maori"",""abbreviation"":""MAB""}],""scores"":[11,3],""status"":""C"",""outcome"":""A"",""events"":[{""id"":717,""label"":""1973 New Zealand Maori Tour of Samoa, Tonga & Fiji"",""sport"":""mru"",""start"":{""millis"":94694400000,""label"":""1973-01-01""},""end"":{""millis"":126230399000,""label"":""1973-12-31""}}]}"
4056,,,,,,107222400000,107222400000,"Sat 26 May 1973, 00:00 GMT",,1000,British Columbia,,33,Wales,WAL,6,31,C,B,267,1973 Wales Tour of Canada,mru,94694400000,1973-01-01,126230399000,1973-12-31,"{""matchId"":4056,""time"":{""millis"":107222400000,""label"":""Sat 26 May 1973, 00:00 GMT""},""teams"":[{""id"":1000,""name"":""British Columbia""},{""id"":33,""name"":""Wales"",""abbreviation"":""WAL""}],""scores"":[6,31],""status"":""C"",""outcome"":""B"",""events"":[{""id"":267,""label"":""1973 Wales Tour of Canada"",""sport"":""mru"",""start"":{""millis"":94694400000,""label"":""1973-01-01""},""end"":{""millis"":126230399000,""label"":""1973-12-31""}}]}"
6822,,,,,,107222400000,107222400000,"Sat 26 May 1973, 00:00 GMT",,2028,Suva-Rewa XV,,53,New Zealand Maori,MAB,39,9,C,A,717,"1973 New Zealand Maori Tour of Samoa, Tonga & Fiji",mru,94694400000,1973-01-01,126230399000,1973-12-31,"{""matchId"":6822,""time"":{""millis"":107222400000,""label"":""Sat 26 May 1973, 00:00 GMT""},""teams"":[{""id"":2028,""name"":""Suva-Rewa XV""},{""id"":53,""name"":""New Zealand Maori"",""abbreviation"":""MAB""}],""scores"":[39,9],""status"":""C"",""outcome"":""A"",""events"":[{""id"":717,""label"":""1973 New Zealand Maori Tour of Samoa, Tonga & Fiji"",""sport"":""mru"",""start"":{""millis"":94694400000,""label"":""1973-01-01""},""end"":{""millis"":126230399000,""label"":""1973-12-31""}}]}"
4057,,,,,,107568000000,107568000000,"Wed 30 May 1973, 00:00 GMT",,32,Alberta,,33,Wales,WAL,6,76,C,B,267,1973 Wales Tour of Canada,mru,94694400000,1973-01-01,126230399000,1973-12-31,"{""matchId"":4057,""time"":{""millis"":107568000000,""label"":""Wed 30 May 1973, 00:00 GMT""},""teams"":[{""id"":32,""name"":""Alberta""},{""id"":33,""name"":""Wales"",""abbreviation"":""WAL""}],""scores"":[6,76],""status"":""C"",""outcome"":""B"",""events"":[{""id"":267,""label"":""1973 Wales Tour of Canada"",""sport"":""mru"",""start"":{""millis"":94694400000,""label"":""1973-01-01""},""end"":{""millis"":126230399000,""label"":""1973-12-31""}}]}"
6823,,,,,,107568000000,107568000000,"Wed 30 May 1973, 00:00 GMT",,617,Nadroga,,53,New Zealand Maori,MAB,16,15,C,A,717,"1973 New Zealand Maori Tour of Samoa, Tonga & Fiji",mru,94694400000,1973-01-01,126230399000,1973-12-31,"{""matchId"":6823,""time"":{""millis"":107568000000,""label"":""Wed 30 May 1973, 00:00 GMT""},""teams"":[{""id"":617,""name"":""Nadroga""},{""id"":53,""name"":""New Zealand Maori"",""abbreviation"":""MAB""}],""scores"":[16,15],""status"":""C"",""outcome"":""A"",""events"":[{""id"":717,""label"":""1973 New Zealand Maori Tour of Samoa, Tonga & Fiji"",""sport"":""mru"",""start"":{""millis"":94694400000,""label"":""1973-01-01""},""end"":{""millis"":126230399000,""label"":""1973-12-31""}}]}"
3497,,58,Buckhurst Park,Suva,Fiji,107827200000,107827200000,"Sat 2 Jun 1973, 00:00 GMT",,46,Fiji,FJI,53,New Zealand Maori,MAB,4,6,C,B,717,"1973 New Zealand Maori Tour of Samoa, Tonga & Fiji",mru,94694400000,1973-01-01,126230399000,1973-12-31,"{""matchId"":3497,""venue"":{""id"":58,""name"":""Buckhurst Park"",""city"":""Suva"",""country"":""Fiji""},""time"":{""millis"":107827200000,""label"":""Sat 2 Jun 1973, 00:00 GMT""},""teams"":[{""id"":46,""name"":""Fiji"",""abbreviation"":""FJI""},{""id"":53,""name"":""New Zealand Maori"",""abbreviation"":""MAB""}],""scores"":[4,6],""status"":""C"",""outcome"":""B"",""events"":[{""id"":717,""label"":""1973 New Zealand Maori Tour of Samoa, Tonga & Fiji"",""sport"":""mru"",""start"":{""millis"":94694400000,""label"":""1973-01-01""},""end"":{""millis"":126230399000,""label"":""1973-12-31""}}]}"
4058,,689,University of Montreal Stadium,Montreal,Canada,107881200000,107881200000,"Sat 2 Jun 1973, 15:00 GMT",,1212,Quebec & Maritimes,,33,Wales,WAL,9,44,C,B,267,1973 Wales Tour of Canada,mru,94694400000,1973-01-01,126230399000,1973-12-31,"{""matchId"":4058,""venue"":{""id"":689,""name"":""University of Montreal Stadium"",""city"":""Montreal"",""country"":""Canada""},""time"":{""millis"":107881200000,""label"":""Sat 2 Jun 1973, 15:00 GMT""},""teams"":[{""id"":1212,""name"":""Quebec & Maritimes""},{""id"":33,""name"":""Wales"",""abbreviation"":""WAL""}],""scores"":[9,44],""status"":""C"",""outcome"":""B"",""events"":[{""id"":267,""label"":""1973 Wales Tour of Canada"",""sport"":""mru"",""start"":{""millis"":94694400000,""label"":""1973-01-01""},""end"":{""millis"":126230399000,""label"":""1973-12-31""}}]}"
4749,,881,Estadi Municipal Foixarda,Barcelona,Spain,107956800000,107956800000,"Sun 3 Jun 1973, 12:00 GMT",,43,Spain,ESP,42,France,FRA,23,30,C,B,,,,,,,,"{""matchId"":4749,""venue"":{""id"":881,""name"":""Estadi Municipal Foixarda"",""city"":""Barcelona"",""country"":""Spain""},""time"":{""millis"":107956800000,""label"":""Sun 3 Jun 1973, 12:00 GMT""},""teams"":[{""id"":43,""name"":""Spain"",""abbreviation"":""ESP""},{""id"":42,""name"":""France"",""abbreviation"":""FRA""}],""scores"":[23,30],""status"":""C"",""outcome"":""B"",""events"":[]}"
4059,,,,,,108154800000,108154800000,"Tue 5 Jun 1973, 19:00 GMT",,1001,Ontario,,33,Wales,WAL,0,79,C,B,267,1973 Wales Tour of Canada,mru,94694400000,1973-01-01,126230399000,1973-12-31,"{""matchId"":4059,""time"":{""millis"":108154800000,""label"":""Tue 5 Jun 1973, 19:00 GMT""},""teams"":[{""id"":1001,""name"":""Ontario""},{""id"":33,""name"":""Wales"",""abbreviation"":""WAL""}],""scores"":[0,79],""status"":""C"",""outcome"":""B"",""events"":[{""id"":267,""label"":""1973 Wales Tour of Canada"",""sport"":""mru"",""start"":{""millis"":94694400000,""label"":""1973-01-01""},""end"":{""millis"":126230399000,""label"":""1973-12-31""}}]}"
6414,,,,,,108172800000,108172800000,"Wed 6 Jun 1973, 00:00 GMT",,1208,South Australia,,47,Tonga,TGA,6,29,C,B,620,1973 Tonga Tour of Australia,mru,94694400000,1973-01-01,126230399000,1973-12-31,"{""matchId"":6414,""time"":{""millis"":108172800000,""label"":""Wed 6 Jun 1973, 00:00 GMT""},""teams"":[{""id"":1208,""name"":""South Australia""},{""id"":47,""name"":""Tonga"",""abbreviation"":""TGA""}],""scores"":[6,29],""status"":""C"",""outcome"":""B"",""events"":[{""id"":620,""label"":""1973 Tonga Tour of Australia"",""sport"":""mru"",""start"":{""millis"":94694400000,""label"":""1973-01-01""},""end"":{""millis"":126230399000,""label"":""1973-12-31""}}]}"
6820,,,,,,108172800000,108172800000,"Wed 6 Jun 1973, 00:00 GMT",,2027,North-West Fiji,,53,New Zealand Maori,MAB,15,19,C,B,717,"1973 New Zealand Maori Tour of Samoa, Tonga & Fiji",mru,94694400000,1973-01-01,126230399000,1973-12-31,"{""matchId"":6820,""time"":{""millis"":108172800000,""label"":""Wed 6 Jun 1973, 00:00 GMT""},""teams"":[{""id"":2027,""name"":""North-West Fiji""},{""id"":53,""name"":""New Zealand Maori"",""abbreviation"":""MAB""}],""scores"":[15,19],""status"":""C"",""outcome"":""B"",""events"":[{""id"":717,""label"":""1973 New Zealand Maori Tour of Samoa, Tonga & Fiji"",""sport"":""mru"",""start"":{""millis"":94694400000,""label"":""1973-01-01""},""end"":{""millis"":126230399000,""label"":""1973-12-31""}}]}"
3496,,332,Churchill Park,Lautoka,Fiji,108432000000,108432000000,"Sat 9 Jun 1973, 00:00 GMT",,46,Fiji,FJI,53,New Zealand Maori,MAB,3,9,C,B,717,"1973 New Zealand Maori Tour of Samoa, Tonga & Fiji",mru,94694400000,1973-01-01,126230399000,1973-12-31,"{""matchId"":3496,""venue"":{""id"":332,""name"":""Churchill Park"",""city"":""Lautoka"",""country"":""Fiji""},""time"":{""millis"":108432000000,""label"":""Sat 9 Jun 1973, 00:00 GMT""},""teams"":[{""id"":46,""name"":""Fiji"",""abbreviation"":""FJI""},{""id"":53,""name"":""New Zealand Maori"",""abbreviation"":""MAB""}],""scores"":[3,9],""status"":""C"",""outcome"":""B"",""events"":[{""id"":717,""label"":""1973 New Zealand Maori Tour of Samoa, Tonga & Fiji"",""sport"":""mru"",""start"":{""millis"":94694400000,""label"":""1973-01-01""},""end"":{""millis"":126230399000,""label"":""1973-12-31""}}]}"
3973,,300,Varsity Stadium,Toronto,Canada,108432000000,108432000000,"Sat 9 Jun 1973, 00:00 GMT",11300,50,Canada,CAN,33,Wales,WAL,20,58,C,B,267,1973 Wales Tour of Canada,mru,94694400000,1973-01-01,126230399000,1973-12-31,"{""matchId"":3973,""venue"":{""id"":300,""name"":""Varsity Stadium"",""city"":""Toronto"",""country"":""Canada""},""time"":{""millis"":108432000000,""label"":""Sat 9 Jun 1973, 00:00 GMT""},""attendance"":11300,""teams"":[{""id"":50,""name"":""Canada"",""abbreviation"":""CAN""},{""id"":33,""name"":""Wales"",""abbreviation"":""WAL""}],""scores"":[20,58],""status"":""C"",""outcome"":""B"",""events"":[{""id"":267,""label"":""1973 Wales Tour of Canada"",""sport"":""mru"",""start"":{""millis"":94694400000,""label"":""1973-01-01""},""end"":{""millis"":126230399000,""label"":""1973-12-31""}}]}"
6415,,,,,,108432000000,108432000000,"Sat 9 Jun 1973, 00:00 GMT",,399,Victoria,,47,Tonga,TGA,13,10,C,A,620,1973 Tonga Tour of Australia,mru,94694400000,1973-01-01,126230399000,1973-12-31,"{""matchId"":6415,""time"":{""millis"":108432000000,""label"":""Sat 9 Jun 1973, 00:00 GMT""},""teams"":[{""id"":399,""name"":""Victoria""},{""id"":47,""name"":""Tonga"",""abbreviation"":""TGA""}],""scores"":[13,10],""status"":""C"",""outcome"":""A"",""events"":[{""id"":620,""label"":""1973 Tonga Tour of Australia"",""sport"":""mru"",""start"":{""millis"":94694400000,""label"":""1973-01-01""},""end"":{""millis"":126230399000,""label"":""1973-12-31""}}]}"
6417,,,,,,108604800000,108604800000,"Mon 11 Jun 1973, 00:00 GMT",,377,Sydney,,47,Tonga,TGA,14,19,C,B,620,1973 Tonga Tour of Australia,mru,94694400000,1973-01-01,126230399000,1973-12-31,"{""matchId"":6417,""time"":{""millis"":108604800000,""label"":""Mon 11 Jun 1973, 00:00 GMT""},""teams"":[{""id"":377,""name"":""Sydney""},{""id"":47,""name"":""Tonga"",""abbreviation"":""TGA""}],""scores"":[14,19],""status"":""C"",""outcome"":""B"",""events"":[{""id"":620,""label"":""1973 Tonga Tour of Australia"",""sport"":""mru"",""start"":{""millis"":94694400000,""label"":""1973-01-01""},""end"":{""millis"":126230399000,""label"":""1973-12-31""}}]}"
5564,,,,,,109036800000,109036800000,"Sat 16 Jun 1973, 00:00 GMT",,578,Rhodesia,RHO,41,Italy,ITA,42,4,C,A,772,1973 Italy Tour of Rhodesia & South Africa,mru,94694400000,1973-01-01,126230399000,1973-12-31,"{""matchId"":5564,""time"":{""millis"":109036800000,""label"":""Sat 16 Jun 1973, 00:00 GMT""},""teams"":[{""id"":578,""name"":""Rhodesia"",""abbreviation"":""RHO""},{""id"":41,""name"":""Italy"",""abbreviation"":""ITA""}],""scores"":[42,4],""status"":""C"",""outcome"":""A"",""events"":[{""id"":772,""label"":""1973 Italy Tour of Rhodesia & South Africa"",""sport"":""mru"",""start"":{""millis"":94694400000,""label"":""1973-01-01""},""end"":{""millis"":126230399000,""label"":""1973-12-31""}}]}"
6418,,,,,,109036800000,109036800000,"Sat 16 Jun 1973, 00:00 GMT",,62,New South Wales,,47,Tonga,TGA,18,0,C,A,620,1973 Tonga Tour of Australia,mru,94694400000,1973-01-01,126230399000,1973-12-31,"{""matchId"":6418,""time"":{""millis"":109036800000,""label"":""Sat 16 Jun 1973, 00:00 GMT""},""teams"":[{""id"":62,""name"":""New South Wales""},{""id"":47,""name"":""Tonga"",""abbreviation"":""TGA""}],""scores"":[18,0],""status"":""C"",""outcome"":""A"",""events"":[{""id"":620,""label"":""1973 Tonga Tour of Australia"",""sport"":""mru"",""start"":{""millis"":94694400000,""label"":""1973-01-01""},""end"":{""millis"":126230399000,""label"":""1973-12-31""}}]}"
6420,,,,,,109296000000,109296000000,"Tue 19 Jun 1973, 00:00 GMT",,398,ACT,,47,Tonga,TGA,17,6,C,A,620,1973 Tonga Tour of Australia,mru,94694400000,1973-01-01,126230399000,1973-12-31,"{""matchId"":6420,""time"":{""millis"":109296000000,""label"":""Tue 19 Jun 1973, 00:00 GMT""},""teams"":[{""id"":398,""name"":""ACT""},{""id"":47,""name"":""Tonga"",""abbreviation"":""TGA""}],""scores"":[17,6],""status"":""C"",""outcome"":""A"",""events"":[{""id"":620,""label"":""1973 Tonga Tour of Australia"",""sport"":""mru"",""start"":{""millis"":94694400000,""label"":""1973-01-01""},""end"":{""millis"":126230399000,""label"":""1973-12-31""}}]}"
5568,,,,,,109382400000,109382400000,"Wed 20 Jun 1973, 00:00 GMT",,579,Western Transvaal,,41,Italy,ITA,32,6,C,A,772,1973 Italy Tour of Rhodesia & South Africa,mru,94694400000,1973-01-01,126230399000,1973-12-31,"{""matchId"":5568,""time"":{""millis"":109382400000,""label"":""Wed 20 Jun 1973, 00:00 GMT""},""teams"":[{""id"":579,""name"":""Western Transvaal""},{""id"":41,""name"":""Italy"",""abbreviation"":""ITA""}],""scores"":[32,6],""status"":""C"",""outcome"":""A"",""events"":[{""id"":772,""label"":""1973 Italy Tour of Rhodesia & South Africa"",""sport"":""mru"",""start"":{""millis"":94694400000,""label"":""1973-01-01""},""end"":{""millis"":126230399000,""label"":""1973-12-31""}}]}"
5137,,,,,,109641600000,109641600000,"Sat 23 Jun 1973, 00:00 GMT",,1211,Czechoslovakia,TCH,1165,East Germany,EGR,44,6,C,A,,,,,,,,"{""matchId"":5137,""time"":{""millis"":109641600000,""label"":""Sat 23 Jun 1973, 00:00 GMT""},""teams"":[{""id"":1211,""name"":""Czechoslovakia"",""abbreviation"":""TCH""},{""id"":1165,""name"":""East Germany"",""abbreviation"":""EGR""}],""scores"":[44,6],""status"":""C"",""outcome"":""A"",""events"":[]}"
5569,,,,,,109641600000,109641600000,"Sat 23 Jun 1973, 00:00 GMT",,573,Border,,41,Italy,ITA,25,12,C,A,772,1973 Italy Tour of Rhodesia & South Africa,mru,94694400000,1973-01-01,126230399000,1973-12-31,"{""matchId"":5569,""time"":{""millis"":109641600000,""label"":""Sat 23 Jun 1973, 00:00 GMT""},""teams"":[{""id"":573,""name"":""Border""},{""id"":41,""name"":""Italy"",""abbreviation"":""ITA""}],""scores"":[25,12],""status"":""C"",""outcome"":""A"",""events"":[{""id"":772,""label"":""1973 Italy Tour of Rhodesia & South Africa"",""sport"":""mru"",""start"":{""millis"":94694400000,""label"":""1973-01-01""},""end"":{""millis"":126230399000,""label"":""1973-12-31""}}]}"
1537,,66,Sydney Cricket Ground,Sydney,Australia,109695600000,109695600000,"Sat 23 Jun 1973, 15:00 GMT",15433,38,Australia,AUS,47,Tonga,TGA,30,12,C,A,620,1973 Tonga Tour of Australia,mru,94694400000,1973-01-01,126230399000,1973-12-31,"{""matchId"":1537,""venue"":{""id"":66,""name"":""Sydney Cricket Ground"",""city"":""Sydney"",""country"":""Australia""},""time"":{""millis"":109695600000,""label"":""Sat 23 Jun 1973, 15:00 GMT""},""attendance"":15433,""teams"":[{""id"":38,""name"":""Australia"",""abbreviation"":""AUS""},{""id"":47,""name"":""Tonga"",""abbreviation"":""TGA""}],""scores"":[30,12],""status"":""C"",""outcome"":""A"",""events"":[{""id"":620,""label"":""1973 Tonga Tour of Australia"",""sport"":""mru"",""start"":{""millis"":94694400000,""label"":""1973-01-01""},""end"":{""millis"":126230399000,""label"":""1973-12-31""}}]}"
5570,,,,,,109987200000,109987200000,"Wed 27 Jun 1973, 00:00 GMT",,1443,North Eastern Cape,,41,Italy,ITA,31,12,C,A,772,1973 Italy Tour of Rhodesia & South Africa,mru,94694400000,1973-01-01,126230399000,1973-12-31,"{""matchId"":5570,""time"":{""millis"":109987200000,""label"":""Wed 27 Jun 1973, 00:00 GMT""},""teams"":[{""id"":1443,""name"":""North Eastern Cape""},{""id"":41,""name"":""Italy"",""abbreviation"":""ITA""}],""scores"":[31,12],""status"":""C"",""outcome"":""A"",""events"":[{""id"":772,""label"":""1973 Italy Tour of Rhodesia & South Africa"",""sport"":""mru"",""start"":{""millis"":94694400000,""label"":""1973-01-01""},""end"":{""millis"":126230399000,""label"":""1973-12-31""}}]}"
6421,,,,,,109987200000,109987200000,"Wed 27 Jun 1973, 00:00 GMT",,397,New South Wales Country,,47,Tonga,TGA,22,11,C,A,620,1973 Tonga Tour of Australia,mru,94694400000,1973-01-01,126230399000,1973-12-31,"{""matchId"":6421,""time"":{""millis"":109987200000,""label"":""Wed 27 Jun 1973, 00:00 GMT""},""teams"":[{""id"":397,""name"":""New South Wales Country""},{""id"":47,""name"":""Tonga"",""abbreviation"":""TGA""}],""scores"":[22,11],""status"":""C"",""outcome"":""A"",""events"":[{""id"":620,""label"":""1973 Tonga Tour of Australia"",""sport"":""mru"",""start"":{""millis"":94694400000,""label"":""1973-01-01""},""end"":{""millis"":126230399000,""label"":""1973-12-31""}}]}"
1538,,65,Ballymore,Brisbane,Australia,110246400000,110246400000,"Sat 30 Jun 1973, 00:00 GMT",9563,38,Australia,AUS,47,Tonga,TGA,11,16,C,B,620,1973 Tonga Tour of Australia,mru,94694400000,1973-01-01,126230399000,1973-12-31,"{""matchId"":1538,""venue"":{""id"":65,""name"":""Ballymore"",""city"":""Brisbane"",""country"":""Australia""},""time"":{""millis"":110246400000,""label"":""Sat 30 Jun 1973, 00:00 GMT""},""attendance"":9563,""teams"":[{""id"":38,""name"":""Australia"",""abbreviation"":""AUS""},{""id"":47,""name"":""Tonga"",""abbreviation"":""TGA""}],""scores"":[11,16],""status"":""C"",""outcome"":""B"",""events"":[{""id"":620,""label"":""1973 Tonga Tour of Australia"",""sport"":""mru"",""start"":{""millis"":94694400000,""label"":""1973-01-01""},""end"":{""millis"":126230399000,""label"":""1973-12-31""}}]}"
5571,,,,,,110246400000,110246400000,"Sat 30 Jun 1973, 00:00 GMT",,256,Natal Sharks,,41,Italy,ITA,23,3,C,A,772,1973 Italy Tour of Rhodesia & South Africa,mru,94694400000,1973-01-01,126230399000,1973-12-31,"{""matchId"":5571,""time"":{""millis"":110246400000,""label"":""Sat 30 Jun 1973, 00:00 GMT""},""teams"":[{""id"":256,""name"":""Natal Sharks""},{""id"":41,""name"":""Italy"",""abbreviation"":""ITA""}],""scores"":[23,3],""status"":""C"",""outcome"":""A"",""events"":[{""id"":772,""label"":""1973 Italy Tour of Rhodesia & South Africa"",""sport"":""mru"",""start"":{""millis"":94694400000,""label"":""1973-01-01""},""end"":{""millis"":126230399000,""label"":""1973-12-31""}}]}"
8805,,,,,,110332800000,110332800000,"Sun 1 Jul 1973, 00:00 GMT",,703,Brazil,BRA,751,Paraguay,PAR,22,3,C,A,,,,,,,,"{""matchId"":8805,""time"":{""millis"":110332800000,""label"":""Sun 1 Jul 1973, 00:00 GMT""},""teams"":[{""id"":703,""name"":""Brazil"",""abbreviation"":""BRA""},{""id"":751,""name"":""Paraguay"",""abbreviation"":""PAR""}],""scores"":[22,3],""status"":""C"",""outcome"":""A"",""events"":[]}"
6423,,,,,,110505600000,110505600000,"Tue 3 Jul 1973, 00:00 GMT",,400,Queensland,,47,Tonga,TGA,18,10,C,A,620,1973 Tonga Tour of Australia,mru,94694400000,1973-01-01,126230399000,1973-12-31,"{""matchId"":6423,""time"":{""millis"":110505600000,""label"":""Tue 3 Jul 1973, 00:00 GMT""},""teams"":[{""id"":400,""name"":""Queensland""},{""id"":47,""name"":""Tonga"",""abbreviation"":""TGA""}],""scores"":[18,10],""status"":""C"",""outcome"":""A"",""events"":[{""id"":620,""label"":""1973 Tonga Tour of Australia"",""sport"":""mru"",""start"":{""millis"":94694400000,""label"":""1973-01-01""},""end"":{""millis"":126230399000,""label"":""1973-12-31""}}]}"
5572,,,,,,110592000000,110592000000,"Wed 4 Jul 1973, 00:00 GMT",,260,Eastern Transvaal,,41,Italy,ITA,39,12,C,A,772,1973 Italy Tour of Rhodesia & South Africa,mru,94694400000,1973-01-01,126230399000,1973-12-31,"{""matchId"":5572,""time"":{""millis"":110592000000,""label"":""Wed 4 Jul 1973, 00:00 GMT""},""teams"":[{""id"":260,""name"":""Eastern Transvaal""},{""id"":41,""name"":""Italy"",""abbreviation"":""ITA""}],""scores"":[39,12],""status"":""C"",""outcome"":""A"",""events"":[{""id"":772,""label"":""1973 Italy Tour of Rhodesia & South Africa"",""sport"":""mru"",""start"":{""millis"":94694400000,""label"":""1973-01-01""},""end"":{""millis"":126230399000,""label"":""1973-12-31""}}]}"
5573,,,,,,110851200000,110851200000,"Sat 7 Jul 1973, 00:00 GMT",,1771,Leopards,,41,Italy,ITA,4,24,C,B,772,1973 Italy Tour of Rhodesia & South Africa,mru,94694400000,1973-01-01,126230399000,1973-12-31,"{""matchId"":5573,""time"":{""millis"":110851200000,""label"":""Sat 7 Jul 1973, 00:00 GMT""},""teams"":[{""id"":1771,""name"":""Leopards""},{""id"":41,""name"":""Italy"",""abbreviation"":""ITA""}],""scores"":[4,24],""status"":""C"",""outcome"":""B"",""events"":[{""id"":772,""label"":""1973 Italy Tour of Rhodesia & South Africa"",""sport"":""mru"",""start"":{""millis"":94694400000,""label"":""1973-01-01""},""end"":{""millis"":126230399000,""label"":""1973-12-31""}}]}"
6425,,,,,,110851200000,110851200000,"Sat 7 Jul 1973, 00:00 GMT",,1973,Darling Downs,,47,Tonga,TGA,9,12,C,B,620,1973 Tonga Tour of Australia,mru,94694400000,1973-01-01,126230399000,1973-12-31,"{""matchId"":6425,""time"":{""millis"":110851200000,""label"":""Sat 7 Jul 1973, 00:00 GMT""},""teams"":[{""id"":1973,""name"":""Darling Downs""},{""id"":47,""name"":""Tonga"",""abbreviation"":""TGA""}],""scores"":[9,12],""status"":""C"",""outcome"":""B"",""events"":[{""id"":620,""label"":""1973 Tonga Tour of Australia"",""sport"":""mru"",""start"":{""millis"":94694400000,""label"":""1973-01-01""},""end"":{""millis"":126230399000,""label"":""1973-12-31""}}]}"
5575,,,,,,111024000000,111024000000,"Mon 9 Jul 1973, 00:00 GMT",,257,Free State,,41,Italy,ITA,12,11,C,A,772,1973 Italy Tour of Rhodesia & South Africa,mru,94694400000,1973-01-01,126230399000,1973-12-31,"{""matchId"":5575,""time"":{""millis"":111024000000,""label"":""Mon 9 Jul 1973, 00:00 GMT""},""teams"":[{""id"":257,""name"":""Free State""},{""id"":41,""name"":""Italy"",""abbreviation"":""ITA""}],""scores"":[12,11],""status"":""C"",""outcome"":""A"",""events"":[{""id"":772,""label"":""1973 Italy Tour of Rhodesia & South Africa"",""sport"":""mru"",""start"":{""millis"":94694400000,""label"":""1973-01-01""},""end"":{""millis"":126230399000,""label"":""1973-12-31""}}]}"
3495,,58,Buckhurst Park,Suva,Fiji,111196800000,111196800000,"Wed 11 Jul 1973, 00:00 GMT",8000,46,Fiji,FJI,47,Tonga,TGA,24,12,C,A,,,,,,,,"{""matchId"":3495,""venue"":{""id"":58,""name"":""Buckhurst Park"",""city"":""Suva"",""country"":""Fiji""},""time"":{""millis"":111196800000,""label"":""Wed 11 Jul 1973, 00:00 GMT""},""attendance"":8000,""teams"":[{""id"":46,""name"":""Fiji"",""abbreviation"":""FJI""},{""id"":47,""name"":""Tonga"",""abbreviation"":""TGA""}],""scores"":[24,12],""status"":""C"",""outcome"":""A"",""events"":[]}"
5576,,,,,,111196800000,111196800000,"Wed 11 Jul 1973, 00:00 GMT",,410,Transvaal,,41,Italy,ITA,28,24,C,A,772,1973 Italy Tour of Rhodesia & South Africa,mru,94694400000,1973-01-01,126230399000,1973-12-31,"{""matchId"":5576,""time"":{""millis"":111196800000,""label"":""Wed 11 Jul 1973, 00:00 GMT""},""teams"":[{""id"":410,""name"":""Transvaal""},{""id"":41,""name"":""Italy"",""abbreviation"":""ITA""}],""scores"":[28,24],""status"":""C"",""outcome"":""A"",""events"":[{""id"":772,""label"":""1973 Italy Tour of Rhodesia & South Africa"",""sport"":""mru"",""start"":{""millis"":94694400000,""label"":""1973-01-01""},""end"":{""millis"":126230399000,""label"":""1973-12-31""}}]}"
3494,,58,Buckhurst Park,Suva,Fiji,115344000000,115344000000,"Tue 28 Aug 1973, 00:00 GMT",15000,46,Fiji,FJI,34,England,ENG,12,13,C,B,65,1973 England Tour of Fiji & New Zealand,mru,94694400000,1973-01-01,126230399000,1973-12-31,"{""matchId"":3494,""venue"":{""id"":58,""name"":""Buckhurst Park"",""city"":""Suva"",""country"":""Fiji""},""time"":{""millis"":115344000000,""label"":""Tue 28 Aug 1973, 00:00 GMT""},""attendance"":15000,""teams"":[{""id"":46,""name"":""Fiji"",""abbreviation"":""FJI""},{""id"":34,""name"":""England"",""abbreviation"":""ENG""}],""scores"":[12,13],""status"":""C"",""outcome"":""B"",""events"":[{""id"":65,""label"":""1973 England Tour of Fiji & New Zealand"",""sport"":""mru"",""start"":{""millis"":94694400000,""label"":""1973-01-01""},""end"":{""millis"":126230399000,""label"":""1973-12-31""}}]}"
4126,,189,Rugby Park,New Plymouth,New Zealand,115689600000,115689600000,"Sat 1 Sep 1973, 00:00 GMT",,237,Taranaki,,34,England,ENG,0,0,C,D,65,1973 England Tour of Fiji & New Zealand,mru,94694400000,1973-01-01,126230399000,1973-12-31,"{""matchId"":4126,""venue"":{""id"":189,""name"":""Rugby Park"",""city"":""New Plymouth"",""country"":""New Zealand""},""time"":{""millis"":115689600000,""label"":""Sat 1 Sep 1973, 00:00 GMT""},""teams"":[{""id"":237,""name"":""Taranaki""},{""id"":34,""name"":""England"",""abbreviation"":""ENG""}],""scores"":[0,0],""status"":""C"",""outcome"":""D"",""events"":[{""id"":65,""label"":""1973 England Tour of Fiji & New Zealand"",""sport"":""mru"",""start"":{""millis"":94694400000,""label"":""1973-01-01""},""end"":{""millis"":126230399000,""label"":""1973-12-31""}}]}"
4127,,45,Athletic Park,Wellington,New Zealand,116035200000,116035200000,"Wed 5 Sep 1973, 00:00 GMT",,346,Wellington,,34,England,ENG,0,0,C,D,65,1973 England Tour of Fiji & New Zealand,mru,94694400000,1973-01-01,126230399000,1973-12-31,"{""matchId"":4127,""venue"":{""id"":45,""name"":""Athletic Park"",""city"":""Wellington"",""country"":""New Zealand""},""time"":{""millis"":116035200000,""label"":""Wed 5 Sep 1973, 00:00 GMT""},""teams"":[{""id"":346,""name"":""Wellington""},{""id"":34,""name"":""England"",""abbreviation"":""ENG""}],""scores"":[0,0],""status"":""C"",""outcome"":""D"",""events"":[{""id"":65,""label"":""1973 England Tour of Fiji & New Zealand"",""sport"":""mru"",""start"":{""millis"":94694400000,""label"":""1973-01-01""},""end"":{""millis"":126230399000,""label"":""1973-12-31""}}]}"
2744,,97,Ferro Carril Oeste Stadium,Buenos Aires,Argentina,116294400000,116294400000,"Sat 8 Sep 1973, 00:00 GMT",,40,Argentina,ARG,52,Romania,ROM,15,9,C,A,708,1973 Romania Tour of Argentina,mru,94694400000,1973-01-01,126230399000,1973-12-31,"{""matchId"":2744,""venue"":{""id"":97,""name"":""Ferro Carril Oeste Stadium"",""city"":""Buenos Aires"",""country"":""Argentina""},""time"":{""millis"":116294400000,""label"":""Sat 8 Sep 1973, 00:00 GMT""},""teams"":[{""id"":40,""name"":""Argentina"",""abbreviation"":""ARG""},{""id"":52,""name"":""Romania"",""abbreviation"":""ROM""}],""scores"":[15,9],""status"":""C"",""outcome"":""A"",""events"":[{""id"":708,""label"":""1973 Romania Tour of Argentina"",""sport"":""mru"",""start"":{""millis"":94694400000,""label"":""1973-01-01""},""end"":{""millis"":126230399000,""label"":""1973-12-31""}}]}"
4128,,113,Lancaster Park,Christchurch,New Zealand,116294400000,116294400000,"Sat 8 Sep 1973, 00:00 GMT",,342,Canterbury,,34,England,ENG,0,0,C,D,65,1973 England Tour of Fiji & New Zealand,mru,94694400000,1973-01-01,126230399000,1973-12-31,"{""matchId"":4128,""venue"":{""id"":113,""name"":""Lancaster Park"",""city"":""Christchurch"",""country"":""New Zealand""},""time"":{""millis"":116294400000,""label"":""Sat 8 Sep 1973, 00:00 GMT""},""teams"":[{""id"":342,""name"":""Canterbury""},{""id"":34,""name"":""England"",""abbreviation"":""ENG""}],""scores"":[0,0],""status"":""C"",""outcome"":""D"",""events"":[{""id"":65,""label"":""1973 England Tour of Fiji & New Zealand"",""sport"":""mru"",""start"":{""millis"":94694400000,""label"":""1973-01-01""},""end"":{""millis"":126230399000,""label"":""1973-12-31""}}]}"
2743,,97,Ferro Carril Oeste Stadium,Buenos Aires,Argentina,116899200000,116899200000,"Sat 15 Sep 1973, 00:00 GMT",,40,Argentina,ARG,52,Romania,ROM,24,3,C,A,708,1973 Romania Tour of Argentina,mru,94694400000,1973-01-01,126230399000,1973-12-31,"{""matchId"":2743,""venue"":{""id"":97,""name"":""Ferro Carril Oeste Stadium"",""city"":""Buenos Aires"",""country"":""Argentina""},""time"":{""millis"":116899200000,""label"":""Sat 15 Sep 1973, 00:00 GMT""},""teams"":[{""id"":40,""name"":""Argentina"",""abbreviation"":""ARG""},{""id"":52,""name"":""Romania"",""abbreviation"":""ROM""}],""scores"":[24,3],""status"":""C"",""outcome"":""A"",""events"":[{""id"":708,""label"":""1973 Romania Tour of Argentina"",""sport"":""mru"",""start"":{""millis"":94694400000,""label"":""1973-01-01""},""end"":{""millis"":126230399000,""label"":""1973-12-31""}}]}"
998,,62,Eden Park,Auckland,New Zealand,116951400000,116951400000,"Sat 15 Sep 1973, 14:30 GMT",56000,37,New Zealand,NZL,34,England,ENG,10,16,C,B,65,1973 England Tour of Fiji & New Zealand,mru,94694400000,1973-01-01,126230399000,1973-12-31,"{""matchId"":998,""venue"":{""id"":62,""name"":""Eden Park"",""city"":""Auckland"",""country"":""New Zealand""},""time"":{""millis"":116951400000,""label"":""Sat 15 Sep 1973, 14:30 GMT""},""attendance"":56000,""teams"":[{""id"":37,""name"":""New Zealand"",""abbreviation"":""NZL""},{""id"":34,""name"":""England"",""abbreviation"":""ENG""}],""scores"":[10,16],""status"":""C"",""outcome"":""B"",""events"":[{""id"":65,""label"":""1973 England Tour of Fiji & New Zealand"",""sport"":""mru"",""start"":{""millis"":94694400000,""label"":""1973-01-01""},""end"":{""millis"":126230399000,""label"":""1973-12-31""}}]}"
8806,,,,,,117158400000,117158400000,"Tue 18 Sep 1973, 00:00 GMT",,1211,Czechoslovakia,TCH,704,Bulgaria,BUL,36,7,C,A,,,,,,,,"{""matchId"":8806,""time"":{""millis"":117158400000,""label"":""Tue 18 Sep 1973, 00:00 GMT""},""teams"":[{""id"":1211,""name"":""Czechoslovakia"",""abbreviation"":""TCH""},{""id"":704,""name"":""Bulgaria"",""abbreviation"":""BUL""}],""scores"":[36,7],""status"":""C"",""outcome"":""A"",""events"":[]}"
6350,,,,,,117504000000,117504000000,"Sat 22 Sep 1973, 00:00 GMT",,1766,East Glamorgan,,49,Japan,JPN,23,11,C,A,66,"1973 Japan Tour of Wales, England & France",mru,94694400000,1973-01-01,126230399000,1973-12-31,"{""matchId"":6350,""time"":{""millis"":117504000000,""label"":""Sat 22 Sep 1973, 00:00 GMT""},""teams"":[{""id"":1766,""name"":""East Glamorgan""},{""id"":49,""name"":""Japan"",""abbreviation"":""JPN""}],""scores"":[23,11],""status"":""C"",""outcome"":""A"",""events"":[{""id"":66,""label"":""1973 Japan Tour of Wales, England & France"",""sport"":""mru"",""start"":{""millis"":94694400000,""label"":""1973-01-01""},""end"":{""millis"":126230399000,""label"":""1973-12-31""}}]}"
6351,,,,,,117849600000,117849600000,"Wed 26 Sep 1973, 00:00 GMT",,1968,Monmouthshire,,49,Japan,JPN,26,16,C,A,66,"1973 Japan Tour of Wales, England & France",mru,94694400000,1973-01-01,126230399000,1973-12-31,"{""matchId"":6351,""time"":{""millis"":117849600000,""label"":""Wed 26 Sep 1973, 00:00 GMT""},""teams"":[{""id"":1968,""name"":""Monmouthshire""},{""id"":49,""name"":""Japan"",""abbreviation"":""JPN""}],""scores"":[26,16],""status"":""C"",""outcome"":""A"",""events"":[{""id"":66,""label"":""1973 Japan Tour of Wales, England & France"",""sport"":""mru"",""start"":{""millis"":94694400000,""label"":""1973-01-01""},""end"":{""millis"":126230399000,""label"":""1973-12-31""}}]}"
6355,,,,,,118108800000,118108800000,"Sat 29 Sep 1973, 00:00 GMT",,1970,West Glamorgan,,49,Japan,JPN,19,6,C,A,66,"1973 Japan Tour of Wales, England & France",mru,94694400000,1973-01-01,126230399000,1973-12-31,"{""matchId"":6355,""time"":{""millis"":118108800000,""label"":""Sat 29 Sep 1973, 00:00 GMT""},""teams"":[{""id"":1970,""name"":""West Glamorgan""},{""id"":49,""name"":""Japan"",""abbreviation"":""JPN""}],""scores"":[19,6],""status"":""C"",""outcome"":""A"",""events"":[{""id"":66,""label"":""1973 Japan Tour of Wales, England & France"",""sport"":""mru"",""start"":{""millis"":94694400000,""label"":""1973-01-01""},""end"":{""millis"":126230399000,""label"":""1973-12-31""}}]}"
6357,,,,,,118368000000,118368000000,"Tue 2 Oct 1973, 00:00 GMT",,1954,Western Counties,,49,Japan,JPN,9,12,C,B,66,"1973 Japan Tour of Wales, England & France",mru,94694400000,1973-01-01,126230399000,1973-12-31,"{""matchId"":6357,""time"":{""millis"":118368000000,""label"":""Tue 2 Oct 1973, 00:00 GMT""},""teams"":[{""id"":1954,""name"":""Western Counties""},{""id"":49,""name"":""Japan"",""abbreviation"":""JPN""}],""scores"":[9,12],""status"":""C"",""outcome"":""B"",""events"":[{""id"":66,""label"":""1973 Japan Tour of Wales, England & France"",""sport"":""mru"",""start"":{""millis"":94694400000,""label"":""1973-01-01""},""end"":{""millis"":126230399000,""label"":""1973-12-31""}}]}"
4490,,2,Cardiff Arms Park,Cardiff,Wales,118767600000,118767600000,"Sat 6 Oct 1973, 15:00 GMT",35000,33,Wales,WAL,49,Japan,JPN,62,14,C,A,66,"1973 Japan Tour of Wales, England & France",mru,94694400000,1973-01-01,126230399000,1973-12-31,"{""matchId"":4490,""venue"":{""id"":2,""name"":""Cardiff Arms Park"",""city"":""Cardiff"",""country"":""Wales""},""time"":{""millis"":118767600000,""label"":""Sat 6 Oct 1973, 15:00 GMT""},""attendance"":35000,""teams"":[{""id"":33,""name"":""Wales"",""abbreviation"":""WAL""},{""id"":49,""name"":""Japan"",""abbreviation"":""JPN""}],""scores"":[62,14],""status"":""C"",""outcome"":""A"",""events"":[{""id"":66,""label"":""1973 Japan Tour of Wales, England & France"",""sport"":""mru"",""start"":{""millis"":94694400000,""label"":""1973-01-01""},""end"":{""millis"":126230399000,""label"":""1973-12-31""}}]}"
6358,,,,,,118972800000,118972800000,"Tue 9 Oct 1973, 00:00 GMT",,1186,Midland Counties,,49,Japan,JPN,10,6,C,A,66,"1973 Japan Tour of Wales, England & France",mru,94694400000,1973-01-01,126230399000,1973-12-31,"{""matchId"":6358,""time"":{""millis"":118972800000,""label"":""Tue 9 Oct 1973, 00:00 GMT""},""teams"":[{""id"":1186,""name"":""Midland Counties""},{""id"":49,""name"":""Japan"",""abbreviation"":""JPN""}],""scores"":[10,6],""status"":""C"",""outcome"":""A"",""events"":[{""id"":66,""label"":""1973 Japan Tour of Wales, England & France"",""sport"":""mru"",""start"":{""millis"":94694400000,""label"":""1973-01-01""},""end"":{""millis"":126230399000,""label"":""1973-12-31""}}]}"
6363,,,,,,119318400000,119318400000,"Sat 13 Oct 1973, 00:00 GMT",,1199,England U23,,49,Japan,JPN,19,10,C,A,66,"1973 Japan Tour of Wales, England & France",mru,94694400000,1973-01-01,126230399000,1973-12-31,"{""matchId"":6363,""time"":{""millis"":119318400000,""label"":""Sat 13 Oct 1973, 00:00 GMT""},""teams"":[{""id"":1199,""name"":""England U23""},{""id"":49,""name"":""Japan"",""abbreviation"":""JPN""}],""scores"":[19,10],""status"":""C"",""outcome"":""A"",""events"":[{""id"":66,""label"":""1973 Japan Tour of Wales, England & France"",""sport"":""mru"",""start"":{""millis"":94694400000,""label"":""1973-01-01""},""end"":{""millis"":126230399000,""label"":""1973-12-31""}}]}"
3287,,369,Sao Paulo Athletic Club,Sao Paulo,Brazil,119404800000,119404800000,"Sun 14 Oct 1973, 00:00 GMT",,40,Argentina,ARG,751,Paraguay,PAR,98,3,C,A,414,1973 South American Championship,mru,94694400000,1973-01-01,126230399000,1973-12-31,"{""matchId"":3287,""venue"":{""id"":369,""name"":""Sao Paulo Athletic Club"",""city"":""Sao Paulo"",""country"":""Brazil""},""time"":{""millis"":119404800000,""label"":""Sun 14 Oct 1973, 00:00 GMT""},""teams"":[{""id"":40,""name"":""Argentina"",""abbreviation"":""ARG""},{""id"":751,""name"":""Paraguay"",""abbreviation"":""PAR""}],""scores"":[98,3],""status"":""C"",""outcome"":""A"",""events"":[{""id"":414,""label"":""1973 South American Championship"",""sport"":""mru"",""start"":{""millis"":94694400000,""label"":""1973-01-01""},""end"":{""millis"":126230399000,""label"":""1973-12-31""}}]}"
4406,,369,Sao Paulo Athletic Club,Sao Paulo,Brazil,119404800000,119404800000,"Sun 14 Oct 1973, 00:00 GMT",,708,Chile,CHL,68,Uruguay,URU,10,13,C,B,414,1973 South American Championship,mru,94694400000,1973-01-01,126230399000,1973-12-31,"{""matchId"":4406,""venue"":{""id"":369,""name"":""Sao Paulo Athletic Club"",""city"":""Sao Paulo"",""country"":""Brazil""},""time"":{""millis"":119404800000,""label"":""Sun 14 Oct 1973, 00:00 GMT""},""teams"":[{""id"":708,""name"":""Chile"",""abbreviation"":""CHL""},{""id"":68,""name"":""Uruguay"",""abbreviation"":""URU""}],""scores"":[10,13],""status"":""C"",""outcome"":""B"",""events"":[{""id"":414,""label"":""1973 South American Championship"",""sport"":""mru"",""start"":{""millis"":94694400000,""label"":""1973-01-01""},""end"":{""millis"":126230399000,""label"":""1973-12-31""}}]}"
3286,,369,Sao Paulo Athletic Club,Sao Paulo,Brazil,119577600000,119577600000,"Tue 16 Oct 1973, 00:00 GMT",,40,Argentina,ARG,68,Uruguay,URU,55,0,C,A,414,1973 South American Championship,mru,94694400000,1973-01-01,126230399000,1973-12-31,"{""matchId"":3286,""venue"":{""id"":369,""name"":""Sao Paulo Athletic Club"",""city"":""Sao Paulo"",""country"":""Brazil""},""time"":{""millis"":119577600000,""label"":""Tue 16 Oct 1973, 00:00 GMT""},""teams"":[{""id"":40,""name"":""Argentina"",""abbreviation"":""ARG""},{""id"":68,""name"":""Uruguay"",""abbreviation"":""URU""}],""scores"":[55,0],""status"":""C"",""outcome"":""A"",""events"":[{""id"":414,""label"":""1973 South American Championship"",""sport"":""mru"",""start"":{""millis"":94694400000,""label"":""1973-01-01""},""end"":{""millis"":126230399000,""label"":""1973-12-31""}}]}"
6359,,,,,,119664000000,119664000000,"Wed 17 Oct 1973, 00:00 GMT",,1739,French Selection,,49,Japan,JPN,51,19,C,A,66,"1973 Japan Tour of Wales, England & France",mru,94694400000,1973-01-01,126230399000,1973-12-31,"{""matchId"":6359,""time"":{""millis"":119664000000,""label"":""Wed 17 Oct 1973, 00:00 GMT""},""teams"":[{""id"":1739,""name"":""French Selection""},{""id"":49,""name"":""Japan"",""abbreviation"":""JPN""}],""scores"":[51,19],""status"":""C"",""outcome"":""A"",""events"":[{""id"":66,""label"":""1973 Japan Tour of Wales, England & France"",""sport"":""mru"",""start"":{""millis"":94694400000,""label"":""1973-01-01""},""end"":{""millis"":126230399000,""label"":""1973-12-31""}}]}"
4405,,369,Sao Paulo Athletic Club,Sao Paulo,Brazil,119750400000,119750400000,"Thu 18 Oct 1973, 00:00 GMT",,703,Brazil,BRA,68,Uruguay,URU,6,16,C,B,414,1973 South American Championship,mru,94694400000,1973-01-01,126230399000,1973-12-31,"{""matchId"":4405,""venue"":{""id"":369,""name"":""Sao Paulo Athletic Club"",""city"":""Sao Paulo"",""country"":""Brazil""},""time"":{""millis"":119750400000,""label"":""Thu 18 Oct 1973, 00:00 GMT""},""teams"":[{""id"":703,""name"":""Brazil"",""abbreviation"":""BRA""},{""id"":68,""name"":""Uruguay"",""abbreviation"":""URU""}],""scores"":[6,16],""status"":""C"",""outcome"":""B"",""events"":[{""id"":414,""label"":""1973 South American Championship"",""sport"":""mru"",""start"":{""millis"":94694400000,""label"":""1973-01-01""},""end"":{""millis"":126230399000,""label"":""1973-12-31""}}]}"
8809,,369,Sao Paulo Athletic Club,Sao Paulo,Brazil,119750400000,119750400000,"Thu 18 Oct 1973, 00:00 GMT",,708,Chile,CHL,751,Paraguay,PAR,27,3,C,A,,,,,,,,"{""matchId"":8809,""venue"":{""id"":369,""name"":""Sao Paulo Athletic Club"",""city"":""Sao Paulo"",""country"":""Brazil""},""time"":{""millis"":119750400000,""label"":""Thu 18 Oct 1973, 00:00 GMT""},""teams"":[{""id"":708,""name"":""Chile"",""abbreviation"":""CHL""},{""id"":751,""name"":""Paraguay"",""abbreviation"":""PAR""}],""scores"":[27,3],""status"":""C"",""outcome"":""A"",""events"":[]}"
3285,,369,Sao Paulo Athletic Club,Sao Paulo,Brazil,119923200000,119923200000,"Sat 20 Oct 1973, 00:00 GMT",,40,Argentina,ARG,703,Brazil,BRA,96,0,C,A,414,1973 South American Championship,mru,94694400000,1973-01-01,126230399000,1973-12-31,"{""matchId"":3285,""venue"":{""id"":369,""name"":""Sao Paulo Athletic Club"",""city"":""Sao Paulo"",""country"":""Brazil""},""time"":{""millis"":119923200000,""label"":""Sat 20 Oct 1973, 00:00 GMT""},""teams"":[{""id"":40,""name"":""Argentina"",""abbreviation"":""ARG""},{""id"":703,""name"":""Brazil"",""abbreviation"":""BRA""}],""scores"":[96,0],""status"":""C"",""outcome"":""A"",""events"":[{""id"":414,""label"":""1973 South American Championship"",""sport"":""mru"",""start"":{""millis"":94694400000,""label"":""1973-01-01""},""end"":{""millis"":126230399000,""label"":""1973-12-31""}}]}"
4407,,369,Sao Paulo Athletic Club,Sao Paulo,Brazil,119923200000,119923200000,"Sat 20 Oct 1973, 00:00 GMT",,751,Paraguay,PAR,68,Uruguay,URU,9,31,C,B,414,1973 South American Championship,mru,94694400000,1973-01-01,126230399000,1973-12-31,"{""matchId"":4407,""venue"":{""id"":369,""name"":""Sao Paulo Athletic Club"",""city"":""Sao Paulo"",""country"":""Brazil""},""time"":{""millis"":119923200000,""label"":""Sat 20 Oct 1973, 00:00 GMT""},""teams"":[{""id"":751,""name"":""Paraguay"",""abbreviation"":""PAR""},{""id"":68,""name"":""Uruguay"",""abbreviation"":""URU""}],""scores"":[9,31],""status"":""C"",""outcome"":""B"",""events"":[{""id"":414,""label"":""1973 South American Championship"",""sport"":""mru"",""start"":{""millis"":94694400000,""label"":""1973-01-01""},""end"":{""millis"":126230399000,""label"":""1973-12-31""}}]}"
8807,,,,,,119923200000,119923200000,"Sat 20 Oct 1973, 00:00 GMT",,64,Netherlands,NED,769,Sweden,SWE,21,0,C,A,,,,,,,,"{""matchId"":8807,""time"":{""millis"":119923200000,""label"":""Sat 20 Oct 1973, 00:00 GMT""},""teams"":[{""id"":64,""name"":""Netherlands"",""abbreviation"":""NED""},{""id"":769,""name"":""Sweden"",""abbreviation"":""SWE""}],""scores"":[21,0],""status"":""C"",""outcome"":""A"",""events"":[]}"
3284,,369,Sao Paulo Athletic Club,Sao Paulo,Brazil,120009600000,120009600000,"Sun 21 Oct 1973, 00:00 GMT",,40,Argentina,ARG,708,Chile,CHL,60,3,C,A,414,1973 South American Championship,mru,94694400000,1973-01-01,126230399000,1973-12-31,"{""matchId"":3284,""venue"":{""id"":369,""name"":""Sao Paulo Athletic Club"",""city"":""Sao Paulo"",""country"":""Brazil""},""time"":{""millis"":120009600000,""label"":""Sun 21 Oct 1973, 00:00 GMT""},""teams"":[{""id"":40,""name"":""Argentina"",""abbreviation"":""ARG""},{""id"":708,""name"":""Chile"",""abbreviation"":""CHL""}],""scores"":[60,3],""status"":""C"",""outcome"":""A"",""events"":[{""id"":414,""label"":""1973 South American Championship"",""sport"":""mru"",""start"":{""millis"":94694400000,""label"":""1973-01-01""},""end"":{""millis"":126230399000,""label"":""1973-12-31""}}]}"
5139,,,,,,120009600000,120009600000,"Sun 21 Oct 1973, 00:00 GMT",,1211,Czechoslovakia,TCH,783,Yugoslavia,YUG,32,32,C,D,809,1973 Federation Internationale de Rugby Amateur Championship,mru,94694400000,1973-01-01,126230399000,1973-12-31,"{""matchId"":5139,""eventPhase"":""B"",""time"":{""millis"":120009600000,""label"":""Sun 21 Oct 1973, 00:00 GMT""},""teams"":[{""id"":1211,""name"":""Czechoslovakia"",""abbreviation"":""TCH""},{""id"":783,""name"":""Yugoslavia"",""abbreviation"":""YUG""}],""scores"":[32,32],""status"":""C"",""outcome"":""D"",""events"":[{""id"":809,""label"":""1973 Federation Internationale de Rugby Amateur Championship"",""sport"":""mru"",""start"":{""millis"":94694400000,""label"":""1973-01-01""},""end"":{""millis"":126230399000,""label"":""1973-12-31""}}]}"
6361,,,,,,120009600000,120009600000,"Sun 21 Oct 1973, 00:00 GMT",,1739,French Selection,,49,Japan,JPN,29,18,C,A,66,"1973 Japan Tour of Wales, England & France",mru,94694400000,1973-01-01,126230399000,1973-12-31,"{""matchId"":6361,""time"":{""millis"":120009600000,""label"":""Sun 21 Oct 1973, 00:00 GMT""},""teams"":[{""id"":1739,""name"":""French Selection""},{""id"":49,""name"":""Japan"",""abbreviation"":""JPN""}],""scores"":[29,18],""status"":""C"",""outcome"":""A"",""events"":[{""id"":66,""label"":""1973 Japan Tour of Wales, England & France"",""sport"":""mru"",""start"":{""millis"":94694400000,""label"":""1973-01-01""},""end"":{""millis"":126230399000,""label"":""1973-12-31""}}]}"
8808,,369,Sao Paulo Athletic Club,Sao Paulo,Brazil,120096000000,120096000000,"Mon 22 Oct 1973, 00:00 GMT",,703,Brazil,BRA,708,Chile,CHL,3,22,C,B,,,,,,,,"{""matchId"":8808,""venue"":{""id"":369,""name"":""Sao Paulo Athletic Club"",""city"":""Sao Paulo"",""country"":""Brazil""},""time"":{""millis"":120096000000,""label"":""Mon 22 Oct 1973, 00:00 GMT""},""teams"":[{""id"":703,""name"":""Brazil"",""abbreviation"":""BRA""},{""id"":708,""name"":""Chile"",""abbreviation"":""CHL""}],""scores"":[3,22],""status"":""C"",""outcome"":""B"",""events"":[]}"
4060,,,,,,120268800000,120268800000,"Wed 24 Oct 1973, 00:00 GMT",,1213,Metropolitan Counties,,38,Australia,AUS,15,17,C,B,268,1973 Australia Tour of England & Wales,mru,94694400000,1973-01-01,126230399000,1973-12-31,"{""matchId"":4060,""time"":{""millis"":120268800000,""label"":""Wed 24 Oct 1973, 00:00 GMT""},""teams"":[{""id"":1213,""name"":""Metropolitan Counties""},{""id"":38,""name"":""Australia"",""abbreviation"":""AUS""}],""scores"":[15,17],""status"":""C"",""outcome"":""B"",""events"":[{""id"":268,""label"":""1973 Australia Tour of England & Wales"",""sport"":""mru"",""start"":{""millis"":94694400000,""label"":""1973-01-01""},""end"":{""millis"":126230399000,""label"":""1973-12-31""}}]}"
6362,,,,,,120268800000,120268800000,"Wed 24 Oct 1973, 00:00 GMT",,1739,French Selection,,49,Japan,JPN,8,19,C,B,66,"1973 Japan Tour of Wales, England & France",mru,94694400000,1973-01-01,126230399000,1973-12-31,"{""matchId"":6362,""time"":{""millis"":120268800000,""label"":""Wed 24 Oct 1973, 00:00 GMT""},""teams"":[{""id"":1739,""name"":""French Selection""},{""id"":49,""name"":""Japan"",""abbreviation"":""JPN""}],""scores"":[8,19],""status"":""C"",""outcome"":""B"",""events"":[{""id"":66,""label"":""1973 Japan Tour of Wales, England & France"",""sport"":""mru"",""start"":{""millis"":94694400000,""label"":""1973-01-01""},""end"":{""millis"":126230399000,""label"":""1973-12-31""}}]}"
8810,,,,,,120268800000,120268800000,"Wed 24 Oct 1973, 00:00 GMT",,699,Belgium,BEL,769,Sweden,SWE,18,6,C,A,,,,,,,,"{""matchId"":8810,""time"":{""millis"":120268800000,""label"":""Wed 24 Oct 1973, 00:00 GMT""},""teams"":[{""id"":699,""name"":""Belgium"",""abbreviation"":""BEL""},{""id"":769,""name"":""Sweden"",""abbreviation"":""SWE""}],""scores"":[18,6],""status"":""C"",""outcome"":""A"",""events"":[]}"
2742,,,,,,120528000000,120528000000,"Sat 27 Oct 1973, 00:00 GMT",,1166,West Germany,FRG,52,Romania,ROM,9,33,C,B,809,1973 Federation Internationale de Rugby Amateur Championship,mru,94694400000,1973-01-01,126230399000,1973-12-31,"{""matchId"":2742,""time"":{""millis"":120528000000,""label"":""Sat 27 Oct 1973, 00:00 GMT""},""teams"":[{""id"":1166,""name"":""West Germany"",""abbreviation"":""FRG""},{""id"":52,""name"":""Romania"",""abbreviation"":""ROM""}],""scores"":[9,33],""status"":""C"",""outcome"":""B"",""events"":[{""id"":809,""label"":""1973 Federation Internationale de Rugby Amateur Championship"",""sport"":""mru"",""start"":{""millis"":94694400000,""label"":""1973-01-01""},""end"":{""millis"":126230399000,""label"":""1973-12-31""}}]}"
4046,,,,,,120528000000,120528000000,"Sat 27 Oct 1973, 00:00 GMT",6268,42,France,FRA,49,Japan,JPN,30,18,C,A,66,"1973 Japan Tour of Wales, England & France",mru,94694400000,1973-01-01,126230399000,1973-12-31,"{""matchId"":4046,""time"":{""millis"":120528000000,""label"":""Sat 27 Oct 1973, 00:00 GMT""},""attendance"":6268,""teams"":[{""id"":42,""name"":""France"",""abbreviation"":""FRA""},{""id"":49,""name"":""Japan"",""abbreviation"":""JPN""}],""scores"":[30,18],""status"":""C"",""outcome"":""A"",""events"":[{""id"":66,""label"":""1973 Japan Tour of Wales, England & France"",""sport"":""mru"",""start"":{""millis"":94694400000,""label"":""1973-01-01""},""end"":{""millis"":126230399000,""label"":""1973-12-31""}}]}"
4061,,245,Recreation Ground,Bath,England,120528000000,120528000000,"Sat 27 Oct 1973, 00:00 GMT",,1214,South & South West Counties,,38,Australia,AUS,15,14,C,A,268,1973 Australia Tour of England & Wales,mru,94694400000,1973-01-01,126230399000,1973-12-31,"{""matchId"":4061,""venue"":{""id"":245,""name"":""Recreation Ground"",""city"":""Bath"",""country"":""England""},""time"":{""millis"":120528000000,""label"":""Sat 27 Oct 1973, 00:00 GMT""},""teams"":[{""id"":1214,""name"":""South & South West Counties""},{""id"":38,""name"":""Australia"",""abbreviation"":""AUS""}],""scores"":[15,14],""status"":""C"",""outcome"":""A"",""events"":[{""id"":268,""label"":""1973 Australia Tour of England & Wales"",""sport"":""mru"",""start"":{""millis"":94694400000,""label"":""1973-01-01""},""end"":{""millis"":126230399000,""label"":""1973-12-31""}}]}"
8811,,,,,,120528000000,120528000000,"Sat 27 Oct 1973, 00:00 GMT",,715,Denmark,DEN,769,Sweden,SWE,12,7,C,A,,,,,,,,"{""matchId"":8811,""time"":{""millis"":120528000000,""label"":""Sat 27 Oct 1973, 00:00 GMT""},""teams"":[{""id"":715,""name"":""Denmark"",""abbreviation"":""DEN""},{""id"":769,""name"":""Sweden"",""abbreviation"":""SWE""}],""scores"":[12,7],""status"":""C"",""outcome"":""A"",""events"":[]}"
4062,,14,Rodney Parade,Newport,Wales,120873600000,120873600000,"Wed 31 Oct 1973, 00:00 GMT",,1215,East Wales,,38,Australia,AUS,19,11,C,A,268,1973 Australia Tour of England & Wales,mru,94694400000,1973-01-01,126230399000,1973-12-31,"{""matchId"":4062,""venue"":{""id"":14,""name"":""Rodney Parade"",""city"":""Newport"",""country"":""Wales""},""time"":{""millis"":120873600000,""label"":""Wed 31 Oct 1973, 00:00 GMT""},""teams"":[{""id"":1215,""name"":""East Wales""},{""id"":38,""name"":""Australia"",""abbreviation"":""AUS""}],""scores"":[19,11],""status"":""C"",""outcome"":""A"",""events"":[{""id"":268,""label"":""1973 Australia Tour of England & Wales"",""sport"":""mru"",""start"":{""millis"":94694400000,""label"":""1973-01-01""},""end"":{""millis"":126230399000,""label"":""1973-12-31""}}]}"
6392,,,,,,120873600000,120873600000,"Wed 31 Oct 1973, 00:00 GMT",,1138,Munster,,40,Argentina,ARG,12,12,C,D,67,1973 Argentina Tour of Ireland & Scotland,mru,94694400000,1973-01-01,126230399000,1973-12-31,"{""matchId"":6392,""time"":{""millis"":120873600000,""label"":""Wed 31 Oct 1973, 00:00 GMT""},""teams"":[{""id"":1138,""name"":""Munster""},{""id"":40,""name"":""Argentina"",""abbreviation"":""ARG""}],""scores"":[12,12],""status"":""C"",""outcome"":""D"",""events"":[{""id"":67,""label"":""1973 Argentina Tour of Ireland & Scotland"",""sport"":""mru"",""start"":{""millis"":94694400000,""label"":""1973-01-01""},""end"":{""millis"":126230399000,""label"":""1973-12-31""}}]}"
4063,,9,St Helen's,Swansea,Wales,121132800000,121132800000,"Sat 3 Nov 1973, 00:00 GMT",,4,Swansea,,38,Australia,AUS,9,9,C,D,268,1973 Australia Tour of England & Wales,mru,94694400000,1973-01-01,126230399000,1973-12-31,"{""matchId"":4063,""venue"":{""id"":9,""name"":""St Helen's"",""city"":""Swansea"",""country"":""Wales""},""time"":{""millis"":121132800000,""label"":""Sat 3 Nov 1973, 00:00 GMT""},""teams"":[{""id"":4,""name"":""Swansea""},{""id"":38,""name"":""Australia"",""abbreviation"":""AUS""}],""scores"":[9,9],""status"":""C"",""outcome"":""D"",""events"":[{""id"":268,""label"":""1973 Australia Tour of England & Wales"",""sport"":""mru"",""start"":{""millis"":94694400000,""label"":""1973-01-01""},""end"":{""millis"":126230399000,""label"":""1973-12-31""}}]}"
6393,,,,,,121132800000,121132800000,"Sat 3 Nov 1973, 00:00 GMT",,1137,Ulster,,40,Argentina,ARG,23,13,C,A,67,1973 Argentina Tour of Ireland & Scotland,mru,94694400000,1973-01-01,126230399000,1973-12-31,"{""matchId"":6393,""time"":{""millis"":121132800000,""label"":""Sat 3 Nov 1973, 00:00 GMT""},""teams"":[{""id"":1137,""name"":""Ulster""},{""id"":40,""name"":""Argentina"",""abbreviation"":""ARG""}],""scores"":[23,13],""status"":""C"",""outcome"":""A"",""events"":[{""id"":67,""label"":""1973 Argentina Tour of Ireland & Scotland"",""sport"":""mru"",""start"":{""millis"":94694400000,""label"":""1973-01-01""},""end"":{""millis"":126230399000,""label"":""1973-12-31""}}]}"
3823,,,,,,121219200000,121219200000,"Sun 4 Nov 1973, 00:00 GMT",,41,Italy,ITA,1211,Czechoslovakia,TCH,3,3,C,D,809,1973 Federation Internationale de Rugby Amateur Championship,mru,94694400000,1973-01-01,126230399000,1973-12-31,"{""matchId"":3823,""eventPhase"":""B"",""time"":{""millis"":121219200000,""label"":""Sun 4 Nov 1973, 00:00 GMT""},""teams"":[{""id"":41,""name"":""Italy"",""abbreviation"":""ITA""},{""id"":1211,""name"":""Czechoslovakia"",""abbreviation"":""TCH""}],""scores"":[3,3],""status"":""C"",""outcome"":""D"",""events"":[{""id"":809,""label"":""1973 Federation Internationale de Rugby Amateur Championship"",""sport"":""mru"",""start"":{""millis"":94694400000,""label"":""1973-01-01""},""end"":{""millis"":126230399000,""label"":""1973-12-31""}}]}"
4064,,,,,,121392000000,121392000000,"Tue 6 Nov 1973, 00:00 GMT",,1216,West Wales,,38,Australia,AUS,13,18,C,B,268,1973 Australia Tour of England & Wales,mru,94694400000,1973-01-01,126230399000,1973-12-31,"{""matchId"":4064,""time"":{""millis"":121392000000,""label"":""Tue 6 Nov 1973, 00:00 GMT""},""teams"":[{""id"":1216,""name"":""West Wales""},{""id"":38,""name"":""Australia"",""abbreviation"":""AUS""}],""scores"":[13,18],""status"":""C"",""outcome"":""B"",""events"":[{""id"":268,""label"":""1973 Australia Tour of England & Wales"",""sport"":""mru"",""start"":{""millis"":94694400000,""label"":""1973-01-01""},""end"":{""millis"":126230399000,""label"":""1973-12-31""}}]}"
6394,,,,,,121392000000,121392000000,"Tue 6 Nov 1973, 00:00 GMT",,1136,Connacht,,40,Argentina,ARG,7,16,C,B,67,1973 Argentina Tour of Ireland & Scotland,mru,94694400000,1973-01-01,126230399000,1973-12-31,"{""matchId"":6394,""time"":{""millis"":121392000000,""label"":""Tue 6 Nov 1973, 00:00 GMT""},""teams"":[{""id"":1136,""name"":""Connacht""},{""id"":40,""name"":""Argentina"",""abbreviation"":""ARG""}],""scores"":[7,16],""status"":""C"",""outcome"":""B"",""events"":[{""id"":67,""label"":""1973 Argentina Tour of Ireland & Scotland"",""sport"":""mru"",""start"":{""millis"":94694400000,""label"":""1973-01-01""},""end"":{""millis"":126230399000,""label"":""1973-12-31""}}]}"
5262,,4,Lansdowne Road,Dublin,Ireland,121737600000,121737600000,"Sat 10 Nov 1973, 00:00 GMT",,36,Ireland,IRE,40,Argentina,ARG,21,8,C,A,67,1973 Argentina Tour of Ireland & Scotland,mru,94694400000,1973-01-01,126230399000,1973-12-31,"{""matchId"":5262,""venue"":{""id"":4,""name"":""Lansdowne Road"",""city"":""Dublin"",""country"":""Ireland""},""time"":{""millis"":121737600000,""label"":""Sat 10 Nov 1973, 00:00 GMT""},""teams"":[{""id"":36,""name"":""Ireland"",""abbreviation"":""IRE""},{""id"":40,""name"":""Argentina"",""abbreviation"":""ARG""}],""scores"":[21,8],""status"":""C"",""outcome"":""A"",""events"":[{""id"":67,""label"":""1973 Argentina Tour of Ireland & Scotland"",""sport"":""mru"",""start"":{""millis"":94694400000,""label"":""1973-01-01""},""end"":{""millis"":126230399000,""label"":""1973-12-31""}}]}"
553,,2,Cardiff Arms Park,Cardiff,Wales,121789800000,121789800000,"Sat 10 Nov 1973, 14:30 GMT",50000,33,Wales,WAL,38,Australia,AUS,24,0,C,A,268,1973 Australia Tour of England & Wales,mru,94694400000,1973-01-01,126230399000,1973-12-31,"{""matchId"":553,""venue"":{""id"":2,""name"":""Cardiff Arms Park"",""city"":""Cardiff"",""country"":""Wales""},""time"":{""millis"":121789800000,""label"":""Sat 10 Nov 1973, 14:30 GMT""},""attendance"":50000,""teams"":[{""id"":33,""name"":""Wales"",""abbreviation"":""WAL""},{""id"":38,""name"":""Australia"",""abbreviation"":""AUS""}],""scores"":[24,0],""status"":""C"",""outcome"":""A"",""events"":[{""id"":268,""label"":""1973 Australia Tour of England & Wales"",""sport"":""mru"",""start"":{""millis"":94694400000,""label"":""1973-01-01""},""end"":{""millis"":126230399000,""label"":""1973-12-31""}}]}"
2599,,,,,,121824000000,121824000000,"Sun 11 Nov 1973, 00:00 GMT",11474,42,France,FRA,52,Romania,ROM,7,6,C,A,809,1973 Federation Internationale de Rugby Amateur Championship,mru,94694400000,1973-01-01,126230399000,1973-12-31,"{""matchId"":2599,""time"":{""millis"":121824000000,""label"":""Sun 11 Nov 1973, 00:00 GMT""},""attendance"":11474,""teams"":[{""id"":42,""name"":""France"",""abbreviation"":""FRA""},{""id"":52,""name"":""Romania"",""abbreviation"":""ROM""}],""scores"":[7,6],""status"":""C"",""outcome"":""A"",""events"":[{""id"":809,""label"":""1973 Federation Internationale de Rugby Amateur Championship"",""sport"":""mru"",""start"":{""millis"":94694400000,""label"":""1973-01-01""},""end"":{""millis"":126230399000,""label"":""1973-12-31""}}]}"
3822,,,,,,121824000000,121824000000,"Sun 11 Nov 1973, 00:00 GMT",,783,Yugoslavia,YUG,41,Italy,ITA,7,25,C,B,,,,,,,,"{""matchId"":3822,""time"":{""millis"":121824000000,""label"":""Sun 11 Nov 1973, 00:00 GMT""},""teams"":[{""id"":783,""name"":""Yugoslavia"",""abbreviation"":""YUG""},{""id"":41,""name"":""Italy"",""abbreviation"":""ITA""}],""scores"":[7,25],""status"":""C"",""outcome"":""B"",""events"":[]}"
4065,,,,,,121996800000,121996800000,"Tue 13 Nov 1973, 00:00 GMT",,1217,Northern Counties,,38,Australia,AUS,16,13,C,A,268,1973 Australia Tour of England & Wales,mru,94694400000,1973-01-01,126230399000,1973-12-31,"{""matchId"":4065,""time"":{""millis"":121996800000,""label"":""Tue 13 Nov 1973, 00:00 GMT""},""teams"":[{""id"":1217,""name"":""Northern Counties""},{""id"":38,""name"":""Australia"",""abbreviation"":""AUS""}],""scores"":[16,13],""status"":""C"",""outcome"":""A"",""events"":[{""id"":268,""label"":""1973 Australia Tour of England & Wales"",""sport"":""mru"",""start"":{""millis"":94694400000,""label"":""1973-01-01""},""end"":{""millis"":126230399000,""label"":""1973-12-31""}}]}"
6395,,,,,,122083200000,122083200000,"Wed 14 Nov 1973, 00:00 GMT",,1134,Glasgow / Edinburgh,,40,Argentina,ARG,18,13,C,A,67,1973 Argentina Tour of Ireland & Scotland,mru,94694400000,1973-01-01,126230399000,1973-12-31,"{""matchId"":6395,""time"":{""millis"":122083200000,""label"":""Wed 14 Nov 1973, 00:00 GMT""},""teams"":[{""id"":1134,""name"":""Glasgow / Edinburgh""},{""id"":40,""name"":""Argentina"",""abbreviation"":""ARG""}],""scores"":[18,13],""status"":""C"",""outcome"":""A"",""events"":[{""id"":67,""label"":""1973 Argentina Tour of Ireland & Scotland"",""sport"":""mru"",""start"":{""millis"":94694400000,""label"":""1973-01-01""},""end"":{""millis"":126230399000,""label"":""1973-12-31""}}]}"
6396,,,,,,122342400000,122342400000,"Sat 17 Nov 1973, 00:00 GMT",,1729,South of Scotland,,40,Argentina,ARG,16,16,C,D,67,1973 Argentina Tour of Ireland & Scotland,mru,94694400000,1973-01-01,126230399000,1973-12-31,"{""matchId"":6396,""time"":{""millis"":122342400000,""label"":""Sat 17 Nov 1973, 00:00 GMT""},""teams"":[{""id"":1729,""name"":""South of Scotland""},{""id"":40,""name"":""Argentina"",""abbreviation"":""ARG""}],""scores"":[16,16],""status"":""C"",""outcome"":""D"",""events"":[{""id"":67,""label"":""1973 Argentina Tour of Ireland & Scotland"",""sport"":""mru"",""start"":{""millis"":94694400000,""label"":""1973-01-01""},""end"":{""millis"":126230399000,""label"":""1973-12-31""}}]}"
999,,3,Twickenham,London,England,122394600000,122394600000,"Sat 17 Nov 1973, 14:30 GMT",40000,34,England,ENG,38,Australia,AUS,20,3,C,A,268,1973 Australia Tour of England & Wales,mru,94694400000,1973-01-01,126230399000,1973-12-31,"{""matchId"":999,""venue"":{""id"":3,""name"":""Twickenham"",""city"":""London"",""country"":""England""},""time"":{""millis"":122394600000,""label"":""Sat 17 Nov 1973, 14:30 GMT""},""attendance"":40000,""teams"":[{""id"":34,""name"":""England"",""abbreviation"":""ENG""},{""id"":38,""name"":""Australia"",""abbreviation"":""AUS""}],""scores"":[20,3],""status"":""C"",""outcome"":""A"",""events"":[{""id"":268,""label"":""1973 Australia Tour of England & Wales"",""sport"":""mru"",""start"":{""millis"":94694400000,""label"":""1973-01-01""},""end"":{""millis"":126230399000,""label"":""1973-12-31""}}]}"
6397,,,,,,122601600000,122601600000,"Tue 20 Nov 1973, 00:00 GMT",,1748,North & Midlands of Scotland,,40,Argentina,ARG,23,28,C,B,67,1973 Argentina Tour of Ireland & Scotland,mru,94694400000,1973-01-01,126230399000,1973-12-31,"{""matchId"":6397,""time"":{""millis"":122601600000,""label"":""Tue 20 Nov 1973, 00:00 GMT""},""teams"":[{""id"":1748,""name"":""North & Midlands of Scotland""},{""id"":40,""name"":""Argentina"",""abbreviation"":""ARG""}],""scores"":[23,28],""status"":""C"",""outcome"":""B"",""events"":[{""id"":67,""label"":""1973 Argentina Tour of Ireland & Scotland"",""sport"":""mru"",""start"":{""millis"":94694400000,""label"":""1973-01-01""},""end"":{""millis"":126230399000,""label"":""1973-12-31""}}]}"
3821,,,,,,122688000000,122688000000,"Wed 21 Nov 1973, 00:00 GMT",,41,Italy,ITA,38,Australia,AUS,21,59,C,B,,,,,,,,"{""matchId"":3821,""time"":{""millis"":122688000000,""label"":""Wed 21 Nov 1973, 00:00 GMT""},""teams"":[{""id"":41,""name"":""Italy"",""abbreviation"":""ITA""},{""id"":38,""name"":""Australia"",""abbreviation"":""AUS""}],""scores"":[21,59],""status"":""C"",""outcome"":""B"",""events"":[]}"
2044,,7,Murrayfield,Edinburgh,Scotland,122998500000,122998500000,"Sat 24 Nov 1973, 14:15 GMT",,35,Scotland,SCO,40,Argentina,ARG,12,11,C,A,67,1973 Argentina Tour of Ireland & Scotland,mru,94694400000,1973-01-01,126230399000,1973-12-31,"{""matchId"":2044,""venue"":{""id"":7,""name"":""Murrayfield"",""city"":""Edinburgh"",""country"":""Scotland""},""time"":{""millis"":122998500000,""label"":""Sat 24 Nov 1973, 14:15 GMT""},""teams"":[{""id"":35,""name"":""Scotland"",""abbreviation"":""SCO""},{""id"":40,""name"":""Argentina"",""abbreviation"":""ARG""}],""scores"":[12,11],""status"":""C"",""outcome"":""A"",""events"":[{""id"":67,""label"":""1973 Argentina Tour of Ireland & Scotland"",""sport"":""mru"",""start"":{""millis"":94694400000,""label"":""1973-01-01""},""end"":{""millis"":126230399000,""label"":""1973-12-31""}}]}"
