7948,,,,,,-94521600000,-94521600000,"Tue 3 Jan 1967, 00:00 GMT",,1767,South Western Counties,,38,Australia,AUS,6,11,C,B,50,1966 Australia Tour of UK & France,mru,-126230400000,1966-01-01,-63158401000,1967-12-31,"{""matchId"":7948,""time"":{""millis"":-94521600000,""label"":""Tue 3 Jan 1967, 00:00 GMT""},""teams"":[{""id"":1767,""name"":""South Western Counties""},{""id"":38,""name"":""Australia"",""abbreviation"":""AUS""}],""scores"":[6,11],""status"":""C"",""outcome"":""B"",""events"":[{""id"":50,""label"":""1966 Australia Tour of UK & France"",""sport"":""mru"",""start"":{""millis"":-126230400000,""label"":""1966-01-01""},""end"":{""millis"":-63158401000,""label"":""1967-12-31""}}]}"
970,,3,Twickenham,London,England,-94124700000,-94124700000,"Sat 7 Jan 1967, 14:15 GMT",60000,34,England,ENG,38,Australia,AUS,11,23,C,B,50,1966 Australia Tour of UK & France,mru,-126230400000,1966-01-01,-63158401000,1967-12-31,"{""matchId"":970,""venue"":{""id"":3,""name"":""Twickenham"",""city"":""London"",""country"":""England""},""time"":{""millis"":-94124700000,""label"":""Sat 7 Jan 1967, 14:15 GMT""},""attendance"":60000,""teams"":[{""id"":34,""name"":""England"",""abbreviation"":""ENG""},{""id"":38,""name"":""Australia"",""abbreviation"":""AUS""}],""scores"":[11,23],""status"":""C"",""outcome"":""B"",""events"":[{""id"":50,""label"":""1966 Australia Tour of UK & France"",""sport"":""mru"",""start"":{""millis"":-126230400000,""label"":""1966-01-01""},""end"":{""millis"":-63158401000,""label"":""1967-12-31""}}]}"
7949,,,,,,-93830400000,-93830400000,"Wed 11 Jan 1967, 00:00 GMT",,1730,West Midlands,,38,Australia,AUS,17,9,C,A,50,1966 Australia Tour of UK & France,mru,-126230400000,1966-01-01,-63158401000,1967-12-31,"{""matchId"":7949,""time"":{""millis"":-93830400000,""label"":""Wed 11 Jan 1967, 00:00 GMT""},""teams"":[{""id"":1730,""name"":""West Midlands""},{""id"":38,""name"":""Australia"",""abbreviation"":""AUS""}],""scores"":[17,9],""status"":""C"",""outcome"":""A"",""events"":[{""id"":50,""label"":""1966 Australia Tour of UK & France"",""sport"":""mru"",""start"":{""millis"":-126230400000,""label"":""1966-01-01""},""end"":{""millis"":-63158401000,""label"":""1967-12-31""}}]}"
1309,,34,Stade Colombes,Paris,France,-93571200000,-93571200000,"Sat 14 Jan 1967, 00:00 GMT",32000,42,France,FRA,35,Scotland,SCO,8,9,C,B,180,1967 Five Nations,mru,-94694400000,1967-01-01,-63158401000,1967-12-31,"{""matchId"":1309,""venue"":{""id"":34,""name"":""Stade Colombes"",""city"":""Paris"",""country"":""France""},""time"":{""millis"":-93571200000,""label"":""Sat 14 Jan 1967, 00:00 GMT""},""attendance"":32000,""teams"":[{""id"":42,""name"":""France"",""abbreviation"":""FRA""},{""id"":35,""name"":""Scotland"",""abbreviation"":""SCO""}],""scores"":[8,9],""status"":""C"",""outcome"":""B"",""events"":[{""id"":180,""label"":""1967 Five Nations"",""sport"":""mru"",""start"":{""millis"":-94694400000,""label"":""1967-01-01""},""end"":{""millis"":-63158401000,""label"":""1967-12-31""}}]}"
7950,,,,,,-93571200000,-93571200000,"Sat 14 Jan 1967, 00:00 GMT",,1764,Western Counties,,38,Australia,AUS,9,0,C,A,50,1966 Australia Tour of UK & France,mru,-126230400000,1966-01-01,-63158401000,1967-12-31,"{""matchId"":7950,""time"":{""millis"":-93571200000,""label"":""Sat 14 Jan 1967, 00:00 GMT""},""teams"":[{""id"":1764,""name"":""Western Counties""},{""id"":38,""name"":""Australia"",""abbreviation"":""AUS""}],""scores"":[9,0],""status"":""C"",""outcome"":""A"",""events"":[{""id"":50,""label"":""1966 Australia Tour of UK & France"",""sport"":""mru"",""start"":{""millis"":-126230400000,""label"":""1966-01-01""},""end"":{""millis"":-63158401000,""label"":""1967-12-31""}}]}"
7951,,,,,,-93312000000,-93312000000,"Tue 17 Jan 1967, 00:00 GMT",,2,Llanelli,,38,Australia,AUS,11,0,C,A,50,1966 Australia Tour of UK & France,mru,-126230400000,1966-01-01,-63158401000,1967-12-31,"{""matchId"":7951,""time"":{""millis"":-93312000000,""label"":""Tue 17 Jan 1967, 00:00 GMT""},""teams"":[{""id"":2,""name"":""Llanelli""},{""id"":38,""name"":""Australia"",""abbreviation"":""AUS""}],""scores"":[11,0],""status"":""C"",""outcome"":""A"",""events"":[{""id"":50,""label"":""1966 Australia Tour of UK & France"",""sport"":""mru"",""start"":{""millis"":-126230400000,""label"":""1966-01-01""},""end"":{""millis"":-63158401000,""label"":""1967-12-31""}}]}"
1512,,4,Lansdowne Road,Dublin,Ireland,-92912400000,-92912400000,"Sat 21 Jan 1967, 15:00 GMT",54000,36,Ireland,IRE,38,Australia,AUS,15,8,C,A,50,1966 Australia Tour of UK & France,mru,-126230400000,1966-01-01,-63158401000,1967-12-31,"{""matchId"":1512,""venue"":{""id"":4,""name"":""Lansdowne Road"",""city"":""Dublin"",""country"":""Ireland""},""time"":{""millis"":-92912400000,""label"":""Sat 21 Jan 1967, 15:00 GMT""},""attendance"":54000,""teams"":[{""id"":36,""name"":""Ireland"",""abbreviation"":""IRE""},{""id"":38,""name"":""Australia"",""abbreviation"":""AUS""}],""scores"":[15,8],""status"":""C"",""outcome"":""A"",""events"":[{""id"":50,""label"":""1966 Australia Tour of UK & France"",""sport"":""mru"",""start"":{""millis"":-126230400000,""label"":""1966-01-01""},""end"":{""millis"":-63158401000,""label"":""1967-12-31""}}]}"
7952,,,,,,-92620800000,-92620800000,"Wed 25 Jan 1967, 00:00 GMT",,1138,Munster,,38,Australia,AUS,11,8,C,A,50,1966 Australia Tour of UK & France,mru,-126230400000,1966-01-01,-63158401000,1967-12-31,"{""matchId"":7952,""time"":{""millis"":-92620800000,""label"":""Wed 25 Jan 1967, 00:00 GMT""},""teams"":[{""id"":1138,""name"":""Munster""},{""id"":38,""name"":""Australia"",""abbreviation"":""AUS""}],""scores"":[11,8],""status"":""C"",""outcome"":""A"",""events"":[{""id"":50,""label"":""1966 Australia Tour of UK & France"",""sport"":""mru"",""start"":{""millis"":-126230400000,""label"":""1966-01-01""},""end"":{""millis"":-63158401000,""label"":""1967-12-31""}}]}"
7953,,,,,,-92361600000,-92361600000,"Sat 28 Jan 1967, 00:00 GMT",,54,Barbarians,,38,Australia,AUS,11,17,C,B,50,1966 Australia Tour of UK & France,mru,-126230400000,1966-01-01,-63158401000,1967-12-31,"{""matchId"":7953,""time"":{""millis"":-92361600000,""label"":""Sat 28 Jan 1967, 00:00 GMT""},""teams"":[{""id"":54,""name"":""Barbarians""},{""id"":38,""name"":""Australia"",""abbreviation"":""AUS""}],""scores"":[11,17],""status"":""C"",""outcome"":""B"",""events"":[{""id"":50,""label"":""1966 Australia Tour of UK & France"",""sport"":""mru"",""start"":{""millis"":-126230400000,""label"":""1966-01-01""},""end"":{""millis"":-63158401000,""label"":""1967-12-31""}}]}"
7954,,,,,,-92016000000,-92016000000,"Wed 1 Feb 1967, 00:00 GMT",,1718,Languedoc/Roussillon,,38,Australia,AUS,5,12,C,B,50,1966 Australia Tour of UK & France,mru,-126230400000,1966-01-01,-63158401000,1967-12-31,"{""matchId"":7954,""time"":{""millis"":-92016000000,""label"":""Wed 1 Feb 1967, 00:00 GMT""},""teams"":[{""id"":1718,""name"":""Languedoc/Roussillon""},{""id"":38,""name"":""Australia"",""abbreviation"":""AUS""}],""scores"":[5,12],""status"":""C"",""outcome"":""B"",""events"":[{""id"":50,""label"":""1966 Australia Tour of UK & France"",""sport"":""mru"",""start"":{""millis"":-126230400000,""label"":""1966-01-01""},""end"":{""millis"":-63158401000,""label"":""1967-12-31""}}]}"
7955,,,,,,-91756800000,-91756800000,"Sat 4 Feb 1967, 00:00 GMT",,1201,France B,,38,Australia,AUS,8,8,C,D,50,1966 Australia Tour of UK & France,mru,-126230400000,1966-01-01,-63158401000,1967-12-31,"{""matchId"":7955,""time"":{""millis"":-91756800000,""label"":""Sat 4 Feb 1967, 00:00 GMT""},""teams"":[{""id"":1201,""name"":""France B""},{""id"":38,""name"":""Australia"",""abbreviation"":""AUS""}],""scores"":[8,8],""status"":""C"",""outcome"":""D"",""events"":[{""id"":50,""label"":""1966 Australia Tour of UK & France"",""sport"":""mru"",""start"":{""millis"":-126230400000,""label"":""1966-01-01""},""end"":{""millis"":-63158401000,""label"":""1967-12-31""}}]}"
520,,7,Murrayfield,Edinburgh,Scotland,-91703700000,-91703700000,"Sat 4 Feb 1967, 14:45 GMT",70000,35,Scotland,SCO,33,Wales,WAL,11,5,C,A,180,1967 Five Nations,mru,-94694400000,1967-01-01,-63158401000,1967-12-31,"{""matchId"":520,""venue"":{""id"":7,""name"":""Murrayfield"",""city"":""Edinburgh"",""country"":""Scotland""},""time"":{""millis"":-91703700000,""label"":""Sat 4 Feb 1967, 14:45 GMT""},""attendance"":70000,""teams"":[{""id"":35,""name"":""Scotland"",""abbreviation"":""SCO""},{""id"":33,""name"":""Wales"",""abbreviation"":""WAL""}],""scores"":[11,5],""status"":""C"",""outcome"":""A"",""events"":[{""id"":180,""label"":""1967 Five Nations"",""sport"":""mru"",""start"":{""millis"":-94694400000,""label"":""1967-01-01""},""end"":{""millis"":-63158401000,""label"":""1967-12-31""}}]}"
7956,,,,,,-91497600000,-91497600000,"Tue 7 Feb 1967, 00:00 GMT",,2146,South West,,38,Australia,AUS,11,9,C,A,50,1966 Australia Tour of UK & France,mru,-126230400000,1966-01-01,-63158401000,1967-12-31,"{""matchId"":7956,""time"":{""millis"":-91497600000,""label"":""Tue 7 Feb 1967, 00:00 GMT""},""teams"":[{""id"":2146,""name"":""South West""},{""id"":38,""name"":""Australia"",""abbreviation"":""AUS""}],""scores"":[11,9],""status"":""C"",""outcome"":""A"",""events"":[{""id"":50,""label"":""1966 Australia Tour of UK & France"",""sport"":""mru"",""start"":{""millis"":-126230400000,""label"":""1966-01-01""},""end"":{""millis"":-63158401000,""label"":""1967-12-31""}}]}"
1513,,34,Stade Colombes,Paris,France,-91152000000,-91152000000,"Sat 11 Feb 1967, 00:00 GMT",26475,42,France,FRA,38,Australia,AUS,20,14,C,A,50,1966 Australia Tour of UK & France,mru,-126230400000,1966-01-01,-63158401000,1967-12-31,"{""matchId"":1513,""venue"":{""id"":34,""name"":""Stade Colombes"",""city"":""Paris"",""country"":""France""},""time"":{""millis"":-91152000000,""label"":""Sat 11 Feb 1967, 00:00 GMT""},""attendance"":26475,""teams"":[{""id"":42,""name"":""France"",""abbreviation"":""FRA""},{""id"":38,""name"":""Australia"",""abbreviation"":""AUS""}],""scores"":[20,14],""status"":""C"",""outcome"":""A"",""events"":[{""id"":50,""label"":""1966 Australia Tour of UK & France"",""sport"":""mru"",""start"":{""millis"":-126230400000,""label"":""1966-01-01""},""end"":{""millis"":-63158401000,""label"":""1967-12-31""}}]}"
971,,4,Lansdowne Road,Dublin,Ireland,-91098000000,-91098000000,"Sat 11 Feb 1967, 15:00 GMT",,36,Ireland,IRE,34,England,ENG,3,8,C,B,180,1967 Five Nations,mru,-94694400000,1967-01-01,-63158401000,1967-12-31,"{""matchId"":971,""venue"":{""id"":4,""name"":""Lansdowne Road"",""city"":""Dublin"",""country"":""Ireland""},""time"":{""millis"":-91098000000,""label"":""Sat 11 Feb 1967, 15:00 GMT""},""teams"":[{""id"":36,""name"":""Ireland"",""abbreviation"":""IRE""},{""id"":34,""name"":""England"",""abbreviation"":""ENG""}],""scores"":[3,8],""status"":""C"",""outcome"":""B"",""events"":[{""id"":180,""label"":""1967 Five Nations"",""sport"":""mru"",""start"":{""millis"":-94694400000,""label"":""1967-01-01""},""end"":{""millis"":-63158401000,""label"":""1967-12-31""}}]}"
1310,,7,Murrayfield,Edinburgh,Scotland,-89942400000,-89942400000,"Sat 25 Feb 1967, 00:00 GMT",,35,Scotland,SCO,36,Ireland,IRE,3,5,C,B,180,1967 Five Nations,mru,-94694400000,1967-01-01,-63158401000,1967-12-31,"{""matchId"":1310,""venue"":{""id"":7,""name"":""Murrayfield"",""city"":""Edinburgh"",""country"":""Scotland""},""time"":{""millis"":-89942400000,""label"":""Sat 25 Feb 1967, 00:00 GMT""},""teams"":[{""id"":35,""name"":""Scotland"",""abbreviation"":""SCO""},{""id"":36,""name"":""Ireland"",""abbreviation"":""IRE""}],""scores"":[3,5],""status"":""C"",""outcome"":""B"",""events"":[{""id"":180,""label"":""1967 Five Nations"",""sport"":""mru"",""start"":{""millis"":-94694400000,""label"":""1967-01-01""},""end"":{""millis"":-63158401000,""label"":""1967-12-31""}}]}"
972,,3,Twickenham,London,England,-89888400000,-89888400000,"Sat 25 Feb 1967, 15:00 GMT",70000,34,England,ENG,42,France,FRA,12,16,C,B,180,1967 Five Nations,mru,-94694400000,1967-01-01,-63158401000,1967-12-31,"{""matchId"":972,""venue"":{""id"":3,""name"":""Twickenham"",""city"":""London"",""country"":""England""},""time"":{""millis"":-89888400000,""label"":""Sat 25 Feb 1967, 15:00 GMT""},""attendance"":70000,""teams"":[{""id"":34,""name"":""England"",""abbreviation"":""ENG""},{""id"":42,""name"":""France"",""abbreviation"":""FRA""}],""scores"":[12,16],""status"":""C"",""outcome"":""B"",""events"":[{""id"":180,""label"":""1967 Five Nations"",""sport"":""mru"",""start"":{""millis"":-94694400000,""label"":""1967-01-01""},""end"":{""millis"":-63158401000,""label"":""1967-12-31""}}]}"
521,,2,Cardiff Arms Park,Cardiff,Wales,-88678800000,-88678800000,"Sat 11 Mar 1967, 15:00 GMT",,33,Wales,WAL,36,Ireland,IRE,0,3,C,B,180,1967 Five Nations,mru,-94694400000,1967-01-01,-63158401000,1967-12-31,"{""matchId"":521,""venue"":{""id"":2,""name"":""Cardiff Arms Park"",""city"":""Cardiff"",""country"":""Wales""},""time"":{""millis"":-88678800000,""label"":""Sat 11 Mar 1967, 15:00 GMT""},""teams"":[{""id"":33,""name"":""Wales"",""abbreviation"":""WAL""},{""id"":36,""name"":""Ireland"",""abbreviation"":""IRE""}],""scores"":[0,3],""status"":""C"",""outcome"":""B"",""events"":[{""id"":180,""label"":""1967 Five Nations"",""sport"":""mru"",""start"":{""millis"":-94694400000,""label"":""1967-01-01""},""end"":{""millis"":-63158401000,""label"":""1967-12-31""}}]}"
4513,,,,,,-88646400000,-88646400000,"Sun 12 Mar 1967, 00:00 GMT",,49,Japan,JPN,1253,New Zealand Universities,,3,19,C,B,792,1967 New Zealand Universities Tour of Hong Kong & Japan,mru,-94694400000,1967-01-01,-63158401000,1967-12-31,"{""matchId"":4513,""time"":{""millis"":-88646400000,""label"":""Sun 12 Mar 1967, 00:00 GMT""},""teams"":[{""id"":49,""name"":""Japan"",""abbreviation"":""JPN""},{""id"":1253,""name"":""New Zealand Universities""}],""scores"":[3,19],""status"":""C"",""outcome"":""B"",""events"":[{""id"":792,""label"":""1967 New Zealand Universities Tour of Hong Kong & Japan"",""sport"":""mru"",""start"":{""millis"":-94694400000,""label"":""1967-01-01""},""end"":{""millis"":-63158401000,""label"":""1967-12-31""}}]}"
973,,3,Twickenham,London,England,-88128000000,-88128000000,"Sat 18 Mar 1967, 00:00 GMT",,34,England,ENG,35,Scotland,SCO,27,14,C,A,180,1967 Five Nations,mru,-94694400000,1967-01-01,-63158401000,1967-12-31,"{""matchId"":973,""venue"":{""id"":3,""name"":""Twickenham"",""city"":""London"",""country"":""England""},""time"":{""millis"":-88128000000,""label"":""Sat 18 Mar 1967, 00:00 GMT""},""teams"":[{""id"":34,""name"":""England"",""abbreviation"":""ENG""},{""id"":35,""name"":""Scotland"",""abbreviation"":""SCO""}],""scores"":[27,14],""status"":""C"",""outcome"":""A"",""events"":[{""id"":180,""label"":""1967 Five Nations"",""sport"":""mru"",""start"":{""millis"":-94694400000,""label"":""1967-01-01""},""end"":{""millis"":-63158401000,""label"":""1967-12-31""}}]}"
4511,,,,,,-87868800000,-87868800000,"Tue 21 Mar 1967, 00:00 GMT",,49,Japan,JPN,1253,New Zealand Universities,,8,55,C,B,,,,,,,,"{""matchId"":4511,""time"":{""millis"":-87868800000,""label"":""Tue 21 Mar 1967, 00:00 GMT""},""teams"":[{""id"":49,""name"":""Japan"",""abbreviation"":""JPN""},{""id"":1253,""name"":""New Zealand Universities""}],""scores"":[8,55],""status"":""C"",""outcome"":""B"",""events"":[]}"
2628,,,,,,-87436800000,-87436800000,"Sun 26 Mar 1967, 00:00 GMT",9270,42,France,FRA,41,Italy,ITA,60,13,C,A,,,,,,,,"{""matchId"":2628,""time"":{""millis"":-87436800000,""label"":""Sun 26 Mar 1967, 00:00 GMT""},""attendance"":9270,""teams"":[{""id"":42,""name"":""France"",""abbreviation"":""FRA""},{""id"":41,""name"":""Italy"",""abbreviation"":""ITA""}],""scores"":[60,13],""status"":""C"",""outcome"":""A"",""events"":[]}"
4823,,804,Est치dio Restelo,Lisbon,Portugal,-87436800000,-87436800000,"Sun 26 Mar 1967, 00:00 GMT",,44,Portugal,POR,43,Spain,ESP,5,0,C,A,681,1967 Federation Internationale de Rugby Amateur Championship,mru,-94694400000,1967-01-01,-63158401000,1967-12-31,"{""matchId"":4823,""venue"":{""id"":804,""name"":""Est치dio Restelo"",""city"":""Lisbon"",""country"":""Portugal""},""time"":{""millis"":-87436800000,""label"":""Sun 26 Mar 1967, 00:00 GMT""},""teams"":[{""id"":44,""name"":""Portugal"",""abbreviation"":""POR""},{""id"":43,""name"":""Spain"",""abbreviation"":""ESP""}],""scores"":[5,0],""status"":""C"",""outcome"":""A"",""events"":[{""id"":681,""label"":""1967 Federation Internationale de Rugby Amateur Championship"",""sport"":""mru"",""start"":{""millis"":-94694400000,""label"":""1967-01-01""},""end"":{""millis"":-63158401000,""label"":""1967-12-31""}}]}"
522,,34,Stade Colombes,Paris,France,-86918400000,-86918400000,"Sat 1 Apr 1967, 00:00 GMT",39367,42,France,FRA,33,Wales,WAL,20,14,C,A,180,1967 Five Nations,mru,-94694400000,1967-01-01,-63158401000,1967-12-31,"{""matchId"":522,""venue"":{""id"":34,""name"":""Stade Colombes"",""city"":""Paris"",""country"":""France""},""time"":{""millis"":-86918400000,""label"":""Sat 1 Apr 1967, 00:00 GMT""},""attendance"":39367,""teams"":[{""id"":42,""name"":""France"",""abbreviation"":""FRA""},{""id"":33,""name"":""Wales"",""abbreviation"":""WAL""}],""scores"":[20,14],""status"":""C"",""outcome"":""A"",""events"":[{""id"":180,""label"":""1967 Five Nations"",""sport"":""mru"",""start"":{""millis"":-94694400000,""label"":""1967-01-01""},""end"":{""millis"":-63158401000,""label"":""1967-12-31""}}]}"
4824,,225,Ciudad Universitaria,Madrid,Spain,-86227200000,-86227200000,"Sun 9 Apr 1967, 00:00 GMT",,43,Spain,ESP,745,Morocco,MAR,3,0,C,A,681,1967 Federation Internationale de Rugby Amateur Championship,mru,-94694400000,1967-01-01,-63158401000,1967-12-31,"{""matchId"":4824,""venue"":{""id"":225,""name"":""Ciudad Universitaria"",""city"":""Madrid"",""country"":""Spain""},""time"":{""millis"":-86227200000,""label"":""Sun 9 Apr 1967, 00:00 GMT""},""teams"":[{""id"":43,""name"":""Spain"",""abbreviation"":""ESP""},{""id"":745,""name"":""Morocco"",""abbreviation"":""MAR""}],""scores"":[3,0],""status"":""C"",""outcome"":""A"",""events"":[{""id"":681,""label"":""1967 Federation Internationale de Rugby Amateur Championship"",""sport"":""mru"",""start"":{""millis"":-94694400000,""label"":""1967-01-01""},""end"":{""millis"":-63158401000,""label"":""1967-12-31""}}]}"
1311,,4,Lansdowne Road,Dublin,Ireland,-85708800000,-85708800000,"Sat 15 Apr 1967, 00:00 GMT",50000,36,Ireland,IRE,42,France,FRA,6,11,C,B,180,1967 Five Nations,mru,-94694400000,1967-01-01,-63158401000,1967-12-31,"{""matchId"":1311,""venue"":{""id"":4,""name"":""Lansdowne Road"",""city"":""Dublin"",""country"":""Ireland""},""time"":{""millis"":-85708800000,""label"":""Sat 15 Apr 1967, 00:00 GMT""},""attendance"":50000,""teams"":[{""id"":36,""name"":""Ireland"",""abbreviation"":""IRE""},{""id"":42,""name"":""France"",""abbreviation"":""FRA""}],""scores"":[6,11],""status"":""C"",""outcome"":""B"",""events"":[{""id"":180,""label"":""1967 Five Nations"",""sport"":""mru"",""start"":{""millis"":-94694400000,""label"":""1967-01-01""},""end"":{""millis"":-63158401000,""label"":""1967-12-31""}}]}"
523,,2,Cardiff Arms Park,Cardiff,Wales,-85654800000,-85654800000,"Sat 15 Apr 1967, 15:00 GMT",,33,Wales,WAL,34,England,ENG,34,21,C,A,180,1967 Five Nations,mru,-94694400000,1967-01-01,-63158401000,1967-12-31,"{""matchId"":523,""venue"":{""id"":2,""name"":""Cardiff Arms Park"",""city"":""Cardiff"",""country"":""Wales""},""time"":{""millis"":-85654800000,""label"":""Sat 15 Apr 1967, 15:00 GMT""},""teams"":[{""id"":33,""name"":""Wales"",""abbreviation"":""WAL""},{""id"":34,""name"":""England"",""abbreviation"":""ENG""}],""scores"":[34,21],""status"":""C"",""outcome"":""A"",""events"":[{""id"":180,""label"":""1967 Five Nations"",""sport"":""mru"",""start"":{""millis"":-94694400000,""label"":""1967-01-01""},""end"":{""millis"":-63158401000,""label"":""1967-12-31""}}]}"
4825,,,,,,-85017600000,-85017600000,"Sun 23 Apr 1967, 00:00 GMT",,64,Netherlands,NED,43,Spain,ESP,5,14,C,B,,,,,,,,"{""matchId"":4825,""time"":{""millis"":-85017600000,""label"":""Sun 23 Apr 1967, 00:00 GMT""},""teams"":[{""id"":64,""name"":""Netherlands"",""abbreviation"":""NED""},{""id"":43,""name"":""Spain"",""abbreviation"":""ESP""}],""scores"":[5,14],""status"":""C"",""outcome"":""B"",""events"":[]}"
5121,,,,,,-84412800000,-84412800000,"Sun 30 Apr 1967, 00:00 GMT",,745,Morocco,MAR,1211,Czechoslovakia,TCH,0,6,C,B,,,,,,,,"{""matchId"":5121,""time"":{""millis"":-84412800000,""label"":""Sun 30 Apr 1967, 00:00 GMT""},""teams"":[{""id"":745,""name"":""Morocco"",""abbreviation"":""MAR""},{""id"":1211,""name"":""Czechoslovakia"",""abbreviation"":""TCH""}],""scores"":[0,6],""status"":""C"",""outcome"":""B"",""events"":[]}"
4115,,,,,,-84326400000,-84326400000,"Mon 1 May 1967, 00:00 GMT",,400,Queensland,,36,Ireland,IRE,41,8,C,A,292,1967 Ireland Tour of Australia,mru,-94694400000,1967-01-01,-63158401000,1967-12-31,"{""matchId"":4115,""time"":{""millis"":-84326400000,""label"":""Mon 1 May 1967, 00:00 GMT""},""teams"":[{""id"":400,""name"":""Queensland""},{""id"":36,""name"":""Ireland"",""abbreviation"":""IRE""}],""scores"":[41,8],""status"":""C"",""outcome"":""A"",""events"":[{""id"":292,""label"":""1967 Ireland Tour of Australia"",""sport"":""mru"",""start"":{""millis"":-94694400000,""label"":""1967-01-01""},""end"":{""millis"":-63158401000,""label"":""1967-12-31""}}]}"
4821,,225,Ciudad Universitaria,Madrid,Spain,-83980800000,-83980800000,"Fri 5 May 1967, 00:00 GMT",,43,Spain,ESP,1211,Czechoslovakia,TCH,8,9,C,B,681,1967 Federation Internationale de Rugby Amateur Championship,mru,-94694400000,1967-01-01,-63158401000,1967-12-31,"{""matchId"":4821,""venue"":{""id"":225,""name"":""Ciudad Universitaria"",""city"":""Madrid"",""country"":""Spain""},""time"":{""millis"":-83980800000,""label"":""Fri 5 May 1967, 00:00 GMT""},""teams"":[{""id"":43,""name"":""Spain"",""abbreviation"":""ESP""},{""id"":1211,""name"":""Czechoslovakia"",""abbreviation"":""TCH""}],""scores"":[8,9],""status"":""C"",""outcome"":""B"",""events"":[{""id"":681,""label"":""1967 Federation Internationale de Rugby Amateur Championship"",""sport"":""mru"",""start"":{""millis"":-94694400000,""label"":""1967-01-01""},""end"":{""millis"":-63158401000,""label"":""1967-12-31""}}]}"
4116,,,,,,-83894400000,-83894400000,"Sat 6 May 1967, 00:00 GMT",,62,New South Wales,,36,Ireland,IRE,21,9,C,A,292,1967 Ireland Tour of Australia,mru,-94694400000,1967-01-01,-63158401000,1967-12-31,"{""matchId"":4116,""time"":{""millis"":-83894400000,""label"":""Sat 6 May 1967, 00:00 GMT""},""teams"":[{""id"":62,""name"":""New South Wales""},{""id"":36,""name"":""Ireland"",""abbreviation"":""IRE""}],""scores"":[21,9],""status"":""C"",""outcome"":""A"",""events"":[{""id"":292,""label"":""1967 Ireland Tour of Australia"",""sport"":""mru"",""start"":{""millis"":-94694400000,""label"":""1967-01-01""},""end"":{""millis"":-63158401000,""label"":""1967-12-31""}}]}"
3842,,,,,,-83808000000,-83808000000,"Sun 7 May 1967, 00:00 GMT",,41,Italy,ITA,44,Portugal,POR,6,3,C,A,681,1967 Federation Internationale de Rugby Amateur Championship,mru,-94694400000,1967-01-01,-63158401000,1967-12-31,"{""matchId"":3842,""time"":{""millis"":-83808000000,""label"":""Sun 7 May 1967, 00:00 GMT""},""teams"":[{""id"":41,""name"":""Italy"",""abbreviation"":""ITA""},{""id"":44,""name"":""Portugal"",""abbreviation"":""POR""}],""scores"":[6,3],""status"":""C"",""outcome"":""A"",""events"":[{""id"":681,""label"":""1967 Federation Internationale de Rugby Amateur Championship"",""sport"":""mru"",""start"":{""millis"":-94694400000,""label"":""1967-01-01""},""end"":{""millis"":-63158401000,""label"":""1967-12-31""}}]}"
4117,,,,,,-83635200000,-83635200000,"Tue 9 May 1967, 00:00 GMT",,397,New South Wales Country,,36,Ireland,IRE,11,31,C,B,292,1967 Ireland Tour of Australia,mru,-94694400000,1967-01-01,-63158401000,1967-12-31,"{""matchId"":4117,""time"":{""millis"":-83635200000,""label"":""Tue 9 May 1967, 00:00 GMT""},""teams"":[{""id"":397,""name"":""New South Wales Country""},{""id"":36,""name"":""Ireland"",""abbreviation"":""IRE""}],""scores"":[11,31],""status"":""C"",""outcome"":""B"",""events"":[{""id"":292,""label"":""1967 Ireland Tour of Australia"",""sport"":""mru"",""start"":{""millis"":-94694400000,""label"":""1967-01-01""},""end"":{""millis"":-63158401000,""label"":""1967-12-31""}}]}"
1514,,66,Sydney Cricket Ground,Sydney,Australia,-83289600000,-83289600000,"Sat 13 May 1967, 00:00 GMT",32605,38,Australia,AUS,36,Ireland,IRE,5,11,C,B,292,1967 Ireland Tour of Australia,mru,-94694400000,1967-01-01,-63158401000,1967-12-31,"{""matchId"":1514,""venue"":{""id"":66,""name"":""Sydney Cricket Ground"",""city"":""Sydney"",""country"":""Australia""},""time"":{""millis"":-83289600000,""label"":""Sat 13 May 1967, 00:00 GMT""},""attendance"":32605,""teams"":[{""id"":38,""name"":""Australia"",""abbreviation"":""AUS""},{""id"":36,""name"":""Ireland"",""abbreviation"":""IRE""}],""scores"":[5,11],""status"":""C"",""outcome"":""B"",""events"":[{""id"":292,""label"":""1967 Ireland Tour of Australia"",""sport"":""mru"",""start"":{""millis"":-94694400000,""label"":""1967-01-01""},""end"":{""millis"":-63158401000,""label"":""1967-12-31""}}]}"
2717,,647,Stadionul Republicii,Bucuresti,Romania,-83203200000,-83203200000,"Sun 14 May 1967, 00:00 GMT",,52,Romania,ROM,41,Italy,ITA,24,3,C,A,681,1967 Federation Internationale de Rugby Amateur Championship,mru,-94694400000,1967-01-01,-63158401000,1967-12-31,"{""matchId"":2717,""venue"":{""id"":647,""name"":""Stadionul Republicii"",""city"":""Bucuresti"",""country"":""Romania""},""time"":{""millis"":-83203200000,""label"":""Sun 14 May 1967, 00:00 GMT""},""teams"":[{""id"":52,""name"":""Romania"",""abbreviation"":""ROM""},{""id"":41,""name"":""Italy"",""abbreviation"":""ITA""}],""scores"":[24,3],""status"":""C"",""outcome"":""A"",""events"":[{""id"":681,""label"":""1967 Federation Internationale de Rugby Amateur Championship"",""sport"":""mru"",""start"":{""millis"":-94694400000,""label"":""1967-01-01""},""end"":{""millis"":-63158401000,""label"":""1967-12-31""}}]}"
8375,,648,Stadium Tapadinho,Lisbon,Portugal,-83203200000,-83203200000,"Sun 14 May 1967, 00:00 GMT",5000,44,Portugal,POR,42,France,FRA,14,56,C,B,681,1967 Federation Internationale de Rugby Amateur Championship,mru,-94694400000,1967-01-01,-63158401000,1967-12-31,"{""matchId"":8375,""venue"":{""id"":648,""name"":""Stadium Tapadinho"",""city"":""Lisbon"",""country"":""Portugal""},""time"":{""millis"":-83203200000,""label"":""Sun 14 May 1967, 00:00 GMT""},""attendance"":5000,""teams"":[{""id"":44,""name"":""Portugal"",""abbreviation"":""POR""},{""id"":42,""name"":""France"",""abbreviation"":""FRA""}],""scores"":[14,56],""status"":""C"",""outcome"":""B"",""events"":[{""id"":681,""label"":""1967 Federation Internationale de Rugby Amateur Championship"",""sport"":""mru"",""start"":{""millis"":-94694400000,""label"":""1967-01-01""},""end"":{""millis"":-63158401000,""label"":""1967-12-31""}}]}"
4118,,,,,,-83030400000,-83030400000,"Tue 16 May 1967, 00:00 GMT",,377,Sydney,,36,Ireland,IRE,30,8,C,A,292,1967 Ireland Tour of Australia,mru,-94694400000,1967-01-01,-63158401000,1967-12-31,"{""matchId"":4118,""time"":{""millis"":-83030400000,""label"":""Tue 16 May 1967, 00:00 GMT""},""teams"":[{""id"":377,""name"":""Sydney""},{""id"":36,""name"":""Ireland"",""abbreviation"":""IRE""}],""scores"":[30,8],""status"":""C"",""outcome"":""A"",""events"":[{""id"":292,""label"":""1967 Ireland Tour of Australia"",""sport"":""mru"",""start"":{""millis"":-94694400000,""label"":""1967-01-01""},""end"":{""millis"":-63158401000,""label"":""1967-12-31""}}]}"
4119,,,,,,-82684800000,-82684800000,"Sat 20 May 1967, 00:00 GMT",,399,Victoria,,36,Ireland,IRE,5,19,C,B,292,1967 Ireland Tour of Australia,mru,-94694400000,1967-01-01,-63158401000,1967-12-31,"{""matchId"":4119,""time"":{""millis"":-82684800000,""label"":""Sat 20 May 1967, 00:00 GMT""},""teams"":[{""id"":399,""name"":""Victoria""},{""id"":36,""name"":""Ireland"",""abbreviation"":""IRE""}],""scores"":[5,19],""status"":""C"",""outcome"":""B"",""events"":[{""id"":292,""label"":""1967 Ireland Tour of Australia"",""sport"":""mru"",""start"":{""millis"":-94694400000,""label"":""1967-01-01""},""end"":{""millis"":-63158401000,""label"":""1967-12-31""}}]}"
2716,,648,Stadium Tapadinho,Lisbon,Portugal,-81993600000,-81993600000,"Sun 28 May 1967, 00:00 GMT",,44,Portugal,POR,52,Romania,ROM,6,46,C,B,681,1967 Federation Internationale de Rugby Amateur Championship,mru,-94694400000,1967-01-01,-63158401000,1967-12-31,"{""matchId"":2716,""venue"":{""id"":648,""name"":""Stadium Tapadinho"",""city"":""Lisbon"",""country"":""Portugal""},""time"":{""millis"":-81993600000,""label"":""Sun 28 May 1967, 00:00 GMT""},""teams"":[{""id"":44,""name"":""Portugal"",""abbreviation"":""POR""},{""id"":52,""name"":""Romania"",""abbreviation"":""ROM""}],""scores"":[6,46],""status"":""C"",""outcome"":""B"",""events"":[{""id"":681,""label"":""1967 Federation Internationale de Rugby Amateur Championship"",""sport"":""mru"",""start"":{""millis"":-94694400000,""label"":""1967-01-01""},""end"":{""millis"":-63158401000,""label"":""1967-12-31""}}]}"
2715,,,,,,-78969600000,-78969600000,"Sun 2 Jul 1967, 00:00 GMT",,753,Poland,POL,52,Romania,ROM,3,28,C,B,681,1967 Federation Internationale de Rugby Amateur Championship,mru,-94694400000,1967-01-01,-63158401000,1967-12-31,"{""matchId"":2715,""time"":{""millis"":-78969600000,""label"":""Sun 2 Jul 1967, 00:00 GMT""},""teams"":[{""id"":753,""name"":""Poland"",""abbreviation"":""POL""},{""id"":52,""name"":""Romania"",""abbreviation"":""ROM""}],""scores"":[3,28],""status"":""C"",""outcome"":""B"",""events"":[{""id"":681,""label"":""1967 Federation Internationale de Rugby Amateur Championship"",""sport"":""mru"",""start"":{""millis"":-94694400000,""label"":""1967-01-01""},""end"":{""millis"":-63158401000,""label"":""1967-12-31""}}]}"
3516,,357,Rugby Park,Nuku'alofa,Tonga,-78451200000,-78451200000,"Sat 8 Jul 1967, 00:00 GMT",,47,Tonga,TGA,46,Fiji,FJI,6,18,C,B,,,,,,,,"{""matchId"":3516,""venue"":{""id"":357,""name"":""Rugby Park"",""city"":""Nuku'alofa"",""country"":""Tonga""},""time"":{""millis"":-78451200000,""label"":""Sat 8 Jul 1967, 00:00 GMT""},""teams"":[{""id"":47,""name"":""Tonga"",""abbreviation"":""TGA""},{""id"":46,""name"":""Fiji"",""abbreviation"":""FJI""}],""scores"":[6,18],""status"":""C"",""outcome"":""B"",""events"":[]}"
1949,,61,King's Park,Durban,South Africa,-77846400000,-77846400000,"Sat 15 Jul 1967, 00:00 GMT",39000,39,South Africa,RSA,42,France,FRA,26,3,C,A,654,1967 France Tour of South Africa,mru,-94694400000,1967-01-01,-63158401000,1967-12-31,"{""matchId"":1949,""venue"":{""id"":61,""name"":""King's Park"",""city"":""Durban"",""country"":""South Africa""},""time"":{""millis"":-77846400000,""label"":""Sat 15 Jul 1967, 00:00 GMT""},""attendance"":39000,""teams"":[{""id"":39,""name"":""South Africa"",""abbreviation"":""RSA""},{""id"":42,""name"":""France"",""abbreviation"":""FRA""}],""scores"":[26,3],""status"":""C"",""outcome"":""A"",""events"":[{""id"":654,""label"":""1967 France Tour of South Africa"",""sport"":""mru"",""start"":{""millis"":-94694400000,""label"":""1967-01-01""},""end"":{""millis"":-63158401000,""label"":""1967-12-31""}}]}"
3515,,357,Rugby Park,Nuku'alofa,Tonga,-77846400000,-77846400000,"Sat 15 Jul 1967, 00:00 GMT",12000,47,Tonga,TGA,46,Fiji,FJI,6,6,C,D,,,,,,,,"{""matchId"":3515,""venue"":{""id"":357,""name"":""Rugby Park"",""city"":""Nuku'alofa"",""country"":""Tonga""},""time"":{""millis"":-77846400000,""label"":""Sat 15 Jul 1967, 00:00 GMT""},""attendance"":12000,""teams"":[{""id"":47,""name"":""Tonga"",""abbreviation"":""TGA""},{""id"":46,""name"":""Fiji"",""abbreviation"":""FJI""}],""scores"":[6,6],""status"":""C"",""outcome"":""D"",""events"":[]}"
1950,,93,Free State Stadium,Bloemfontein,South Africa,-77241600000,-77241600000,"Sat 22 Jul 1967, 00:00 GMT",46000,39,South Africa,RSA,42,France,FRA,16,3,C,A,654,1967 France Tour of South Africa,mru,-94694400000,1967-01-01,-63158401000,1967-12-31,"{""matchId"":1950,""venue"":{""id"":93,""name"":""Free State Stadium"",""city"":""Bloemfontein"",""country"":""South Africa""},""time"":{""millis"":-77241600000,""label"":""Sat 22 Jul 1967, 00:00 GMT""},""attendance"":46000,""teams"":[{""id"":39,""name"":""South Africa"",""abbreviation"":""RSA""},{""id"":42,""name"":""France"",""abbreviation"":""FRA""}],""scores"":[16,3],""status"":""C"",""outcome"":""A"",""events"":[{""id"":654,""label"":""1967 France Tour of South Africa"",""sport"":""mru"",""start"":{""millis"":-94694400000,""label"":""1967-01-01""},""end"":{""millis"":-63158401000,""label"":""1967-12-31""}}]}"
3514,,357,Rugby Park,Nuku'alofa,Tonga,-77241600000,-77241600000,"Sat 22 Jul 1967, 00:00 GMT",,47,Tonga,TGA,46,Fiji,FJI,6,9,C,B,,,,,,,,"{""matchId"":3514,""venue"":{""id"":357,""name"":""Rugby Park"",""city"":""Nuku'alofa"",""country"":""Tonga""},""time"":{""millis"":-77241600000,""label"":""Sat 22 Jul 1967, 00:00 GMT""},""teams"":[{""id"":47,""name"":""Tonga"",""abbreviation"":""TGA""},{""id"":46,""name"":""Fiji"",""abbreviation"":""FJI""}],""scores"":[6,9],""status"":""C"",""outcome"":""B"",""events"":[]}"
1951,,37,Ellis Park,Johannesburg,South Africa,-76636800000,-76636800000,"Sat 29 Jul 1967, 00:00 GMT",60500,39,South Africa,RSA,42,France,FRA,14,19,C,B,654,1967 France Tour of South Africa,mru,-94694400000,1967-01-01,-63158401000,1967-12-31,"{""matchId"":1951,""venue"":{""id"":37,""name"":""Ellis Park"",""city"":""Johannesburg"",""country"":""South Africa""},""time"":{""millis"":-76636800000,""label"":""Sat 29 Jul 1967, 00:00 GMT""},""attendance"":60500,""teams"":[{""id"":39,""name"":""South Africa"",""abbreviation"":""RSA""},{""id"":42,""name"":""France"",""abbreviation"":""FRA""}],""scores"":[14,19],""status"":""C"",""outcome"":""B"",""events"":[{""id"":654,""label"":""1967 France Tour of South Africa"",""sport"":""mru"",""start"":{""millis"":-94694400000,""label"":""1967-01-01""},""end"":{""millis"":-63158401000,""label"":""1967-12-31""}}]}"
1952,,85,Newlands Stadium,Cape Town,South Africa,-75427200000,-75427200000,"Sat 12 Aug 1967, 00:00 GMT",37200,39,South Africa,RSA,42,France,FRA,6,6,C,D,654,1967 France Tour of South Africa,mru,-94694400000,1967-01-01,-63158401000,1967-12-31,"{""matchId"":1952,""venue"":{""id"":85,""name"":""Newlands Stadium"",""city"":""Cape Town"",""country"":""South Africa""},""time"":{""millis"":-75427200000,""label"":""Sat 12 Aug 1967, 00:00 GMT""},""attendance"":37200,""teams"":[{""id"":39,""name"":""South Africa"",""abbreviation"":""RSA""},{""id"":42,""name"":""France"",""abbreviation"":""FRA""}],""scores"":[6,6],""status"":""C"",""outcome"":""D"",""events"":[{""id"":654,""label"":""1967 France Tour of South Africa"",""sport"":""mru"",""start"":{""millis"":-94694400000,""label"":""1967-01-01""},""end"":{""millis"":-63158401000,""label"":""1967-12-31""}}]}"
1515,,45,Athletic Park,Wellington,New Zealand,-74754000000,-74754000000,"Sat 19 Aug 1967, 19:00 GMT",50000,37,New Zealand,NZL,38,Australia,AUS,29,9,C,A,550,1967 Bledisloe Cup,mru,-94694400000,1967-01-01,-63158401000,1967-12-31,"{""matchId"":1515,""venue"":{""id"":45,""name"":""Athletic Park"",""city"":""Wellington"",""country"":""New Zealand""},""time"":{""millis"":-74754000000,""label"":""Sat 19 Aug 1967, 19:00 GMT""},""attendance"":50000,""teams"":[{""id"":37,""name"":""New Zealand"",""abbreviation"":""NZL""},{""id"":38,""name"":""Australia"",""abbreviation"":""AUS""}],""scores"":[29,9],""status"":""C"",""outcome"":""A"",""events"":[{""id"":550,""label"":""1967 Bledisloe Cup"",""sport"":""mru"",""start"":{""millis"":-94694400000,""label"":""1967-01-01""},""end"":{""millis"":-63158401000,""label"":""1967-12-31""}}]}"
5123,,,,,,-72316800000,-72316800000,"Sun 17 Sep 1967, 00:00 GMT",,1211,Czechoslovakia,TCH,699,Belgium,BEL,46,6,C,A,,,,,,,,"{""matchId"":5123,""time"":{""millis"":-72316800000,""label"":""Sun 17 Sep 1967, 00:00 GMT""},""teams"":[{""id"":1211,""name"":""Czechoslovakia"",""abbreviation"":""TCH""},{""id"":699,""name"":""Belgium"",""abbreviation"":""BEL""}],""scores"":[46,6],""status"":""C"",""outcome"":""A"",""events"":[]}"
4111,,,,,,-71798400000,-71798400000,"Sat 23 Sep 1967, 00:00 GMT",,32,Alberta,,34,England,ENG,22,3,C,A,291,1967 England Tour of Canada,mru,-94694400000,1967-01-01,-63158401000,1967-12-31,"{""matchId"":4111,""time"":{""millis"":-71798400000,""label"":""Sat 23 Sep 1967, 00:00 GMT""},""teams"":[{""id"":32,""name"":""Alberta""},{""id"":34,""name"":""England"",""abbreviation"":""ENG""}],""scores"":[22,3],""status"":""C"",""outcome"":""A"",""events"":[{""id"":291,""label"":""1967 England Tour of Canada"",""sport"":""mru"",""start"":{""millis"":-94694400000,""label"":""1967-01-01""},""end"":{""millis"":-63158401000,""label"":""1967-12-31""}}]}"
4401,,361,Club Atletico Concepcion,San Miguel de Tucum치n,Argentina,-71712000000,-71712000000,"Sun 24 Sep 1967, 00:00 GMT",,708,Chile,CHL,68,Uruguay,URU,16,11,C,A,411,1967 South American Championship,mru,-94694400000,1967-01-01,-63158401000,1967-12-31,"{""matchId"":4401,""venue"":{""id"":361,""name"":""Club Atletico Concepcion"",""city"":""San Miguel de Tucum치n"",""country"":""Argentina""},""time"":{""millis"":-71712000000,""label"":""Sun 24 Sep 1967, 00:00 GMT""},""teams"":[{""id"":708,""name"":""Chile"",""abbreviation"":""CHL""},{""id"":68,""name"":""Uruguay"",""abbreviation"":""URU""}],""scores"":[16,11],""status"":""C"",""outcome"":""A"",""events"":[{""id"":411,""label"":""1967 South American Championship"",""sport"":""mru"",""start"":{""millis"":-94694400000,""label"":""1967-01-01""},""end"":{""millis"":-63158401000,""label"":""1967-12-31""}}]}"
4112,,,,,,-71539200000,-71539200000,"Tue 26 Sep 1967, 00:00 GMT",,1000,British Columbia,,34,England,ENG,0,27,C,B,291,1967 England Tour of Canada,mru,-94694400000,1967-01-01,-63158401000,1967-12-31,"{""matchId"":4112,""time"":{""millis"":-71539200000,""label"":""Tue 26 Sep 1967, 00:00 GMT""},""teams"":[{""id"":1000,""name"":""British Columbia""},{""id"":34,""name"":""England"",""abbreviation"":""ENG""}],""scores"":[0,27],""status"":""C"",""outcome"":""B"",""events"":[{""id"":291,""label"":""1967 England Tour of Canada"",""sport"":""mru"",""start"":{""millis"":-94694400000,""label"":""1967-01-01""},""end"":{""millis"":-63158401000,""label"":""1967-12-31""}}]}"
3300,,165,Club Atletico San Isidro,Buenos Aires,Argentina,-71452800000,-71452800000,"Wed 27 Sep 1967, 00:00 GMT",,40,Argentina,ARG,68,Uruguay,URU,38,6,C,A,411,1967 South American Championship,mru,-94694400000,1967-01-01,-63158401000,1967-12-31,"{""matchId"":3300,""venue"":{""id"":165,""name"":""Club Atletico San Isidro"",""city"":""Buenos Aires"",""country"":""Argentina""},""time"":{""millis"":-71452800000,""label"":""Wed 27 Sep 1967, 00:00 GMT""},""teams"":[{""id"":40,""name"":""Argentina"",""abbreviation"":""ARG""},{""id"":68,""name"":""Uruguay"",""abbreviation"":""URU""}],""scores"":[38,6],""status"":""C"",""outcome"":""A"",""events"":[{""id"":411,""label"":""1967 South American Championship"",""sport"":""mru"",""start"":{""millis"":-94694400000,""label"":""1967-01-01""},""end"":{""millis"":-63158401000,""label"":""1967-12-31""}}]}"
3299,,165,Club Atletico San Isidro,Buenos Aires,Argentina,-71193600000,-71193600000,"Sat 30 Sep 1967, 00:00 GMT",,40,Argentina,ARG,708,Chile,CHL,18,0,C,A,411,1967 South American Championship,mru,-94694400000,1967-01-01,-63158401000,1967-12-31,"{""matchId"":3299,""venue"":{""id"":165,""name"":""Club Atletico San Isidro"",""city"":""Buenos Aires"",""country"":""Argentina""},""time"":{""millis"":-71193600000,""label"":""Sat 30 Sep 1967, 00:00 GMT""},""teams"":[{""id"":40,""name"":""Argentina"",""abbreviation"":""ARG""},{""id"":708,""name"":""Chile"",""abbreviation"":""CHL""}],""scores"":[18,0],""status"":""C"",""outcome"":""A"",""events"":[{""id"":411,""label"":""1967 South American Championship"",""sport"":""mru"",""start"":{""millis"":-94694400000,""label"":""1967-01-01""},""end"":{""millis"":-63158401000,""label"":""1967-12-31""}}]}"
3971,,365,Empire Stadium,Vancouver,Canada,-71193600000,-71193600000,"Sat 30 Sep 1967, 00:00 GMT",,50,Canada,CAN,34,England,ENG,0,29,C,B,291,1967 England Tour of Canada,mru,-94694400000,1967-01-01,-63158401000,1967-12-31,"{""matchId"":3971,""venue"":{""id"":365,""name"":""Empire Stadium"",""city"":""Vancouver"",""country"":""Canada""},""time"":{""millis"":-71193600000,""label"":""Sat 30 Sep 1967, 00:00 GMT""},""teams"":[{""id"":50,""name"":""Canada"",""abbreviation"":""CAN""},{""id"":34,""name"":""England"",""abbreviation"":""ENG""}],""scores"":[0,29],""status"":""C"",""outcome"":""B"",""events"":[{""id"":291,""label"":""1967 England Tour of Canada"",""sport"":""mru"",""start"":{""millis"":-94694400000,""label"":""1967-01-01""},""end"":{""millis"":-63158401000,""label"":""1967-12-31""}}]}"
8779,,,,,,-71107200000,-71107200000,"Sun 1 Oct 1967, 00:00 GMT",,715,Denmark,DEN,769,Sweden,SWE,6,9,C,B,,,,,,,,"{""matchId"":8779,""time"":{""millis"":-71107200000,""label"":""Sun 1 Oct 1967, 00:00 GMT""},""teams"":[{""id"":715,""name"":""Denmark"",""abbreviation"":""DEN""},{""id"":769,""name"":""Sweden"",""abbreviation"":""SWE""}],""scores"":[6,9],""status"":""C"",""outcome"":""B"",""events"":[]}"
4113,,,,,,-70934400000,-70934400000,"Tue 3 Oct 1967, 00:00 GMT",,659,Toronto,,34,England,ENG,3,33,C,B,291,1967 England Tour of Canada,mru,-94694400000,1967-01-01,-63158401000,1967-12-31,"{""matchId"":4113,""time"":{""millis"":-70934400000,""label"":""Tue 3 Oct 1967, 00:00 GMT""},""teams"":[{""id"":659,""name"":""Toronto""},{""id"":34,""name"":""England"",""abbreviation"":""ENG""}],""scores"":[3,33],""status"":""C"",""outcome"":""B"",""events"":[{""id"":291,""label"":""1967 England Tour of Canada"",""sport"":""mru"",""start"":{""millis"":-94694400000,""label"":""1967-01-01""},""end"":{""millis"":-63158401000,""label"":""1967-12-31""}}]}"
4114,,,,,,-70588800000,-70588800000,"Sat 7 Oct 1967, 00:00 GMT",,1229,East Canada,,34,England,ENG,3,53,C,B,291,1967 England Tour of Canada,mru,-94694400000,1967-01-01,-63158401000,1967-12-31,"{""matchId"":4114,""time"":{""millis"":-70588800000,""label"":""Sat 7 Oct 1967, 00:00 GMT""},""teams"":[{""id"":1229,""name"":""East Canada""},{""id"":34,""name"":""England"",""abbreviation"":""ENG""}],""scores"":[3,53],""status"":""C"",""outcome"":""B"",""events"":[{""id"":291,""label"":""1967 England Tour of Canada"",""sport"":""mru"",""start"":{""millis"":-94694400000,""label"":""1967-01-01""},""end"":{""millis"":-63158401000,""label"":""1967-12-31""}}]}"
7700,,,,,,-69984000000,-69984000000,"Sat 14 Oct 1967, 00:00 GMT",,1000,British Columbia,,37,New Zealand,NZL,3,36,C,B,51,"1967 New Zealand Tour of Canada, British Isles & France",mru,-94694400000,1967-01-01,-63158401000,1967-12-31,"{""matchId"":7700,""time"":{""millis"":-69984000000,""label"":""Sat 14 Oct 1967, 00:00 GMT""},""teams"":[{""id"":1000,""name"":""British Columbia""},{""id"":37,""name"":""New Zealand"",""abbreviation"":""NZL""}],""scores"":[3,36],""status"":""C"",""outcome"":""B"",""events"":[{""id"":51,""label"":""1967 New Zealand Tour of Canada, British Isles & France"",""sport"":""mru"",""start"":{""millis"":-94694400000,""label"":""1967-01-01""},""end"":{""millis"":-63158401000,""label"":""1967-12-31""}}]}"
7701,,,,,,-69638400000,-69638400000,"Wed 18 Oct 1967, 00:00 GMT",,2161,Eastern Canada,,37,New Zealand,NZL,3,40,C,B,51,"1967 New Zealand Tour of Canada, British Isles & France",mru,-94694400000,1967-01-01,-63158401000,1967-12-31,"{""matchId"":7701,""time"":{""millis"":-69638400000,""label"":""Wed 18 Oct 1967, 00:00 GMT""},""teams"":[{""id"":2161,""name"":""Eastern Canada""},{""id"":37,""name"":""New Zealand"",""abbreviation"":""NZL""}],""scores"":[3,40],""status"":""C"",""outcome"":""B"",""events"":[{""id"":51,""label"":""1967 New Zealand Tour of Canada, British Isles & France"",""sport"":""mru"",""start"":{""millis"":-94694400000,""label"":""1967-01-01""},""end"":{""millis"":-63158401000,""label"":""1967-12-31""}}]}"
7710,,,,,,-69033600000,-69033600000,"Wed 25 Oct 1967, 00:00 GMT",,1828,North of England,,37,New Zealand,NZL,3,33,C,B,51,"1967 New Zealand Tour of Canada, British Isles & France",mru,-94694400000,1967-01-01,-63158401000,1967-12-31,"{""matchId"":7710,""time"":{""millis"":-69033600000,""label"":""Wed 25 Oct 1967, 00:00 GMT""},""teams"":[{""id"":1828,""name"":""North of England""},{""id"":37,""name"":""New Zealand"",""abbreviation"":""NZL""}],""scores"":[3,33],""status"":""C"",""outcome"":""B"",""events"":[{""id"":51,""label"":""1967 New Zealand Tour of Canada, British Isles & France"",""sport"":""mru"",""start"":{""millis"":-94694400000,""label"":""1967-01-01""},""end"":{""millis"":-63158401000,""label"":""1967-12-31""}}]}"
7711,,,,,,-68774400000,-68774400000,"Sat 28 Oct 1967, 00:00 GMT",,2163,"Midlands, London & Home Counties",,37,New Zealand,NZL,3,15,C,B,51,"1967 New Zealand Tour of Canada, British Isles & France",mru,-94694400000,1967-01-01,-63158401000,1967-12-31,"{""matchId"":7711,""time"":{""millis"":-68774400000,""label"":""Sat 28 Oct 1967, 00:00 GMT""},""teams"":[{""id"":2163,""name"":""Midlands, London & Home Counties""},{""id"":37,""name"":""New Zealand"",""abbreviation"":""NZL""}],""scores"":[3,15],""status"":""C"",""outcome"":""B"",""events"":[{""id"":51,""label"":""1967 New Zealand Tour of Canada, British Isles & France"",""sport"":""mru"",""start"":{""millis"":-94694400000,""label"":""1967-01-01""},""end"":{""millis"":-63158401000,""label"":""1967-12-31""}}]}"
2714,,647,Stadionul Republicii,Bucuresti,Romania,-68688000000,-68688000000,"Sun 29 Oct 1967, 00:00 GMT",,52,Romania,ROM,1166,West Germany,FRG,27,5,C,A,681,1967 Federation Internationale de Rugby Amateur Championship,mru,-94694400000,1967-01-01,-63158401000,1967-12-31,"{""matchId"":2714,""venue"":{""id"":647,""name"":""Stadionul Republicii"",""city"":""Bucuresti"",""country"":""Romania""},""time"":{""millis"":-68688000000,""label"":""Sun 29 Oct 1967, 00:00 GMT""},""teams"":[{""id"":52,""name"":""Romania"",""abbreviation"":""ROM""},{""id"":1166,""name"":""West Germany"",""abbreviation"":""FRG""}],""scores"":[27,5],""status"":""C"",""outcome"":""A"",""events"":[{""id"":681,""label"":""1967 Federation Internationale de Rugby Amateur Championship"",""sport"":""mru"",""start"":{""millis"":-94694400000,""label"":""1967-01-01""},""end"":{""millis"":-63158401000,""label"":""1967-12-31""}}]}"
8780,,,,,,-68688000000,-68688000000,"Sun 29 Oct 1967, 00:00 GMT",,769,Sweden,SWE,1211,Czechoslovakia,TCH,3,27,C,B,,,,,,,,"{""matchId"":8780,""time"":{""millis"":-68688000000,""label"":""Sun 29 Oct 1967, 00:00 GMT""},""teams"":[{""id"":769,""name"":""Sweden"",""abbreviation"":""SWE""},{""id"":1211,""name"":""Czechoslovakia"",""abbreviation"":""TCH""}],""scores"":[3,27],""status"":""C"",""outcome"":""B"",""events"":[]}"
7720,,,,,,-68428800000,-68428800000,"Wed 1 Nov 1967, 00:00 GMT",,1174,Southern Counties,,37,New Zealand,NZL,3,16,C,B,51,"1967 New Zealand Tour of Canada, British Isles & France",mru,-94694400000,1967-01-01,-63158401000,1967-12-31,"{""matchId"":7720,""time"":{""millis"":-68428800000,""label"":""Wed 1 Nov 1967, 00:00 GMT""},""teams"":[{""id"":1174,""name"":""Southern Counties""},{""id"":37,""name"":""New Zealand"",""abbreviation"":""NZL""}],""scores"":[3,16],""status"":""C"",""outcome"":""B"",""events"":[{""id"":51,""label"":""1967 New Zealand Tour of Canada, British Isles & France"",""sport"":""mru"",""start"":{""millis"":-94694400000,""label"":""1967-01-01""},""end"":{""millis"":-63158401000,""label"":""1967-12-31""}}]}"
974,,3,Twickenham,London,England,-68169600000,-68169600000,"Sat 4 Nov 1967, 00:00 GMT",74000,34,England,ENG,37,New Zealand,NZL,11,23,C,B,51,"1967 New Zealand Tour of Canada, British Isles & France",mru,-94694400000,1967-01-01,-63158401000,1967-12-31,"{""matchId"":974,""venue"":{""id"":3,""name"":""Twickenham"",""city"":""London"",""country"":""England""},""time"":{""millis"":-68169600000,""label"":""Sat 4 Nov 1967, 00:00 GMT""},""attendance"":74000,""teams"":[{""id"":34,""name"":""England"",""abbreviation"":""ENG""},{""id"":37,""name"":""New Zealand"",""abbreviation"":""NZL""}],""scores"":[11,23],""status"":""C"",""outcome"":""B"",""events"":[{""id"":51,""label"":""1967 New Zealand Tour of Canada, British Isles & France"",""sport"":""mru"",""start"":{""millis"":-94694400000,""label"":""1967-01-01""},""end"":{""millis"":-63158401000,""label"":""1967-12-31""}}]}"
7712,,,,,,-67824000000,-67824000000,"Wed 8 Nov 1967, 00:00 GMT",,1216,West Wales,,37,New Zealand,NZL,14,21,C,B,51,"1967 New Zealand Tour of Canada, British Isles & France",mru,-94694400000,1967-01-01,-63158401000,1967-12-31,"{""matchId"":7712,""time"":{""millis"":-67824000000,""label"":""Wed 8 Nov 1967, 00:00 GMT""},""teams"":[{""id"":1216,""name"":""West Wales""},{""id"":37,""name"":""New Zealand"",""abbreviation"":""NZL""}],""scores"":[14,21],""status"":""C"",""outcome"":""B"",""events"":[{""id"":51,""label"":""1967 New Zealand Tour of Canada, British Isles & France"",""sport"":""mru"",""start"":{""millis"":-94694400000,""label"":""1967-01-01""},""end"":{""millis"":-63158401000,""label"":""1967-12-31""}}]}"
524,,2,Cardiff Arms Park,Cardiff,Wales,-67511700000,-67511700000,"Sat 11 Nov 1967, 14:45 GMT",58500,33,Wales,WAL,37,New Zealand,NZL,6,13,C,B,51,"1967 New Zealand Tour of Canada, British Isles & France",mru,-94694400000,1967-01-01,-63158401000,1967-12-31,"{""matchId"":524,""venue"":{""id"":2,""name"":""Cardiff Arms Park"",""city"":""Cardiff"",""country"":""Wales""},""time"":{""millis"":-67511700000,""label"":""Sat 11 Nov 1967, 14:45 GMT""},""attendance"":58500,""teams"":[{""id"":33,""name"":""Wales"",""abbreviation"":""WAL""},{""id"":37,""name"":""New Zealand"",""abbreviation"":""NZL""}],""scores"":[6,13],""status"":""C"",""outcome"":""B"",""events"":[{""id"":51,""label"":""1967 New Zealand Tour of Canada, British Isles & France"",""sport"":""mru"",""start"":{""millis"":-94694400000,""label"":""1967-01-01""},""end"":{""millis"":-63158401000,""label"":""1967-12-31""}}]}"
7713,,,,,,-67219200000,-67219200000,"Wed 15 Nov 1967, 00:00 GMT",,1719,South East,,37,New Zealand,NZL,3,16,C,B,51,"1967 New Zealand Tour of Canada, British Isles & France",mru,-94694400000,1967-01-01,-63158401000,1967-12-31,"{""matchId"":7713,""time"":{""millis"":-67219200000,""label"":""Wed 15 Nov 1967, 00:00 GMT""},""teams"":[{""id"":1719,""name"":""South East""},{""id"":37,""name"":""New Zealand"",""abbreviation"":""NZL""}],""scores"":[3,16],""status"":""C"",""outcome"":""B"",""events"":[{""id"":51,""label"":""1967 New Zealand Tour of Canada, British Isles & France"",""sport"":""mru"",""start"":{""millis"":-94694400000,""label"":""1967-01-01""},""end"":{""millis"":-63158401000,""label"":""1967-12-31""}}]}"
7714,,,,,,-66960000000,-66960000000,"Sat 18 Nov 1967, 00:00 GMT",,1201,France B,,37,New Zealand,NZL,19,32,C,B,51,"1967 New Zealand Tour of Canada, British Isles & France",mru,-94694400000,1967-01-01,-63158401000,1967-12-31,"{""matchId"":7714,""time"":{""millis"":-66960000000,""label"":""Sat 18 Nov 1967, 00:00 GMT""},""teams"":[{""id"":1201,""name"":""France B""},{""id"":37,""name"":""New Zealand"",""abbreviation"":""NZL""}],""scores"":[19,32],""status"":""C"",""outcome"":""B"",""events"":[{""id"":51,""label"":""1967 New Zealand Tour of Canada, British Isles & France"",""sport"":""mru"",""start"":{""millis"":-94694400000,""label"":""1967-01-01""},""end"":{""millis"":-63158401000,""label"":""1967-12-31""}}]}"
7715,,,,,,-66700800000,-66700800000,"Tue 21 Nov 1967, 00:00 GMT",,1717,South West XV,,37,New Zealand,NZL,14,18,C,B,51,"1967 New Zealand Tour of Canada, British Isles & France",mru,-94694400000,1967-01-01,-63158401000,1967-12-31,"{""matchId"":7715,""time"":{""millis"":-66700800000,""label"":""Tue 21 Nov 1967, 00:00 GMT""},""teams"":[{""id"":1717,""name"":""South West XV""},{""id"":37,""name"":""New Zealand"",""abbreviation"":""NZL""}],""scores"":[14,18],""status"":""C"",""outcome"":""B"",""events"":[{""id"":51,""label"":""1967 New Zealand Tour of Canada, British Isles & France"",""sport"":""mru"",""start"":{""millis"":-94694400000,""label"":""1967-01-01""},""end"":{""millis"":-63158401000,""label"":""1967-12-31""}}]}"
5124,,,,,,-66614400000,-66614400000,"Wed 22 Nov 1967, 00:00 GMT",,1211,Czechoslovakia,TCH,1166,West Germany,FRG,9,6,C,A,,,,,,,,"{""matchId"":5124,""time"":{""millis"":-66614400000,""label"":""Wed 22 Nov 1967, 00:00 GMT""},""teams"":[{""id"":1211,""name"":""Czechoslovakia"",""abbreviation"":""TCH""},{""id"":1166,""name"":""West Germany"",""abbreviation"":""FRG""}],""scores"":[9,6],""status"":""C"",""outcome"":""A"",""events"":[]}"
1770,,34,Stade Colombes,Paris,France,-66355200000,-66355200000,"Sat 25 Nov 1967, 00:00 GMT",35000,42,France,FRA,37,New Zealand,NZL,15,21,C,B,51,"1967 New Zealand Tour of Canada, British Isles & France",mru,-94694400000,1967-01-01,-63158401000,1967-12-31,"{""matchId"":1770,""venue"":{""id"":34,""name"":""Stade Colombes"",""city"":""Paris"",""country"":""France""},""time"":{""millis"":-66355200000,""label"":""Sat 25 Nov 1967, 00:00 GMT""},""attendance"":35000,""teams"":[{""id"":42,""name"":""France"",""abbreviation"":""FRA""},{""id"":37,""name"":""New Zealand"",""abbreviation"":""NZL""}],""scores"":[15,21],""status"":""C"",""outcome"":""B"",""events"":[{""id"":51,""label"":""1967 New Zealand Tour of Canada, British Isles & France"",""sport"":""mru"",""start"":{""millis"":-94694400000,""label"":""1967-01-01""},""end"":{""millis"":-63158401000,""label"":""1967-12-31""}}]}"
7716,,,,,,-66009600000,-66009600000,"Wed 29 Nov 1967, 00:00 GMT",,1135,Scottish Districts,,37,New Zealand,NZL,14,35,C,B,51,"1967 New Zealand Tour of Canada, British Isles & France",mru,-94694400000,1967-01-01,-63158401000,1967-12-31,"{""matchId"":7716,""time"":{""millis"":-66009600000,""label"":""Wed 29 Nov 1967, 00:00 GMT""},""teams"":[{""id"":1135,""name"":""Scottish Districts""},{""id"":37,""name"":""New Zealand"",""abbreviation"":""NZL""}],""scores"":[14,35],""status"":""C"",""outcome"":""B"",""events"":[{""id"":51,""label"":""1967 New Zealand Tour of Canada, British Isles & France"",""sport"":""mru"",""start"":{""millis"":-94694400000,""label"":""1967-01-01""},""end"":{""millis"":-63158401000,""label"":""1967-12-31""}}]}"
1771,,7,Murrayfield,Edinburgh,Scotland,-65699100000,-65699100000,"Sat 2 Dec 1967, 14:15 GMT",60000,35,Scotland,SCO,37,New Zealand,NZL,3,14,C,B,51,"1967 New Zealand Tour of Canada, British Isles & France",mru,-94694400000,1967-01-01,-63158401000,1967-12-31,"{""matchId"":1771,""venue"":{""id"":7,""name"":""Murrayfield"",""city"":""Edinburgh"",""country"":""Scotland""},""time"":{""millis"":-65699100000,""label"":""Sat 2 Dec 1967, 14:15 GMT""},""attendance"":60000,""teams"":[{""id"":35,""name"":""Scotland"",""abbreviation"":""SCO""},{""id"":37,""name"":""New Zealand"",""abbreviation"":""NZL""}],""scores"":[3,14],""status"":""C"",""outcome"":""B"",""events"":[{""id"":51,""label"":""1967 New Zealand Tour of Canada, British Isles & France"",""sport"":""mru"",""start"":{""millis"":-94694400000,""label"":""1967-01-01""},""end"":{""millis"":-63158401000,""label"":""1967-12-31""}}]}"
7717,,,,,,-65404800000,-65404800000,"Wed 6 Dec 1967, 00:00 GMT",,1968,Monmouthshire,,37,New Zealand,NZL,12,23,C,B,51,"1967 New Zealand Tour of Canada, British Isles & France",mru,-94694400000,1967-01-01,-63158401000,1967-12-31,"{""matchId"":7717,""time"":{""millis"":-65404800000,""label"":""Wed 6 Dec 1967, 00:00 GMT""},""teams"":[{""id"":1968,""name"":""Monmouthshire""},{""id"":37,""name"":""New Zealand"",""abbreviation"":""NZL""}],""scores"":[12,23],""status"":""C"",""outcome"":""B"",""events"":[{""id"":51,""label"":""1967 New Zealand Tour of Canada, British Isles & France"",""sport"":""mru"",""start"":{""millis"":-94694400000,""label"":""1967-01-01""},""end"":{""millis"":-63158401000,""label"":""1967-12-31""}}]}"
2596,,649,Stade Marcel Saupin,Nantes,France,-65059200000,-65059200000,"Sun 10 Dec 1967, 00:00 GMT",8000,42,France,FRA,52,Romania,ROM,11,3,C,A,681,1967 Federation Internationale de Rugby Amateur Championship,mru,-94694400000,1967-01-01,-63158401000,1967-12-31,"{""matchId"":2596,""venue"":{""id"":649,""name"":""Stade Marcel Saupin"",""city"":""Nantes"",""country"":""France""},""time"":{""millis"":-65059200000,""label"":""Sun 10 Dec 1967, 00:00 GMT""},""attendance"":8000,""teams"":[{""id"":42,""name"":""France"",""abbreviation"":""FRA""},{""id"":52,""name"":""Romania"",""abbreviation"":""ROM""}],""scores"":[11,3],""status"":""C"",""outcome"":""A"",""events"":[{""id"":681,""label"":""1967 Federation Internationale de Rugby Amateur Championship"",""sport"":""mru"",""start"":{""millis"":-94694400000,""label"":""1967-01-01""},""end"":{""millis"":-63158401000,""label"":""1967-12-31""}}]}"
7718,,,,,,-64800000000,-64800000000,"Wed 13 Dec 1967, 00:00 GMT",,1215,East Wales,,37,New Zealand,NZL,3,3,C,D,51,"1967 New Zealand Tour of Canada, British Isles & France",mru,-94694400000,1967-01-01,-63158401000,1967-12-31,"{""matchId"":7718,""time"":{""millis"":-64800000000,""label"":""Wed 13 Dec 1967, 00:00 GMT""},""teams"":[{""id"":1215,""name"":""East Wales""},{""id"":37,""name"":""New Zealand"",""abbreviation"":""NZL""}],""scores"":[3,3],""status"":""C"",""outcome"":""D"",""events"":[{""id"":51,""label"":""1967 New Zealand Tour of Canada, British Isles & France"",""sport"":""mru"",""start"":{""millis"":-94694400000,""label"":""1967-01-01""},""end"":{""millis"":-63158401000,""label"":""1967-12-31""}}]}"
7719,,3,Twickenham,London,England,-64540800000,-64540800000,"Sat 16 Dec 1967, 00:00 GMT",,54,Barbarians,,37,New Zealand,NZL,6,11,C,B,51,"1967 New Zealand Tour of Canada, British Isles & France",mru,-94694400000,1967-01-01,-63158401000,1967-12-31,"{""matchId"":7719,""venue"":{""id"":3,""name"":""Twickenham"",""city"":""London"",""country"":""England""},""time"":{""millis"":-64540800000,""label"":""Sat 16 Dec 1967, 00:00 GMT""},""teams"":[{""id"":54,""name"":""Barbarians""},{""id"":37,""name"":""New Zealand"",""abbreviation"":""NZL""}],""scores"":[6,11],""status"":""C"",""outcome"":""B"",""events"":[{""id"":51,""label"":""1967 New Zealand Tour of Canada, British Isles & France"",""sport"":""mru"",""start"":{""millis"":-94694400000,""label"":""1967-01-01""},""end"":{""millis"":-63158401000,""label"":""1967-12-31""}}]}"
