4911,,,,,,283996800000,283996800000,"Mon 1 Jan 1979, 00:00 GMT",,47,Tonga,TGA,771,Tahiti,PYF,74,0,C,A,800,1979 South Pacific Games of Fiji,mru,283996800000,1979-01-01,315532799000,1979-12-31,"{""matchId"":4911,""time"":{""millis"":283996800000,""label"":""Mon 1 Jan 1979, 00:00 GMT""},""teams"":[{""id"":47,""name"":""Tonga"",""abbreviation"":""TGA""},{""id"":771,""name"":""Tahiti"",""abbreviation"":""PYF""}],""scores"":[74,0],""status"":""C"",""outcome"":""A"",""events"":[{""id"":800,""label"":""1979 South Pacific Games of Fiji"",""sport"":""mru"",""start"":{""millis"":283996800000,""label"":""1979-01-01""},""end"":{""millis"":315532799000,""label"":""1979-12-31""}}]}"
4912,,,,,,283996800000,283996800000,"Mon 1 Jan 1979, 00:00 GMT",,762,Solomon Islands,SOL,47,Tonga,TGA,3,92,C,B,,,,,,,,"{""matchId"":4912,""time"":{""millis"":283996800000,""label"":""Mon 1 Jan 1979, 00:00 GMT""},""teams"":[{""id"":762,""name"":""Solomon Islands"",""abbreviation"":""SOL""},{""id"":47,""name"":""Tonga"",""abbreviation"":""TGA""}],""scores"":[3,92],""status"":""C"",""outcome"":""B"",""events"":[]}"
4913,,,,,,283996800000,283996800000,"Mon 1 Jan 1979, 00:00 GMT",,47,Tonga,TGA,1172,New Caledonia,NCL,58,3,C,A,,,,,,,,"{""matchId"":4913,""time"":{""millis"":283996800000,""label"":""Mon 1 Jan 1979, 00:00 GMT""},""teams"":[{""id"":47,""name"":""Tonga"",""abbreviation"":""TGA""},{""id"":1172,""name"":""New Caledonia"",""abbreviation"":""NCL""}],""scores"":[58,3],""status"":""C"",""outcome"":""A"",""events"":[]}"
5015,,,,,,283996800000,283996800000,"Mon 1 Jan 1979, 00:00 GMT",,772,Thailand,THA,741,Malaysia,MAS,43,13,C,A,,,,,,,,"{""matchId"":5015,""time"":{""millis"":283996800000,""label"":""Mon 1 Jan 1979, 00:00 GMT""},""teams"":[{""id"":772,""name"":""Thailand"",""abbreviation"":""THA""},{""id"":741,""name"":""Malaysia"",""abbreviation"":""MAS""}],""scores"":[43,13],""status"":""C"",""outcome"":""A"",""events"":[]}"
8048,,,,,,283996800000,283996800000,"Mon 1 Jan 1979, 00:00 GMT",,762,Solomon Islands,SOL,771,Tahiti,PYF,35,3,C,A,800,1979 South Pacific Games of Fiji,mru,283996800000,1979-01-01,315532799000,1979-12-31,"{""matchId"":8048,""time"":{""millis"":283996800000,""label"":""Mon 1 Jan 1979, 00:00 GMT""},""teams"":[{""id"":762,""name"":""Solomon Islands"",""abbreviation"":""SOL""},{""id"":771,""name"":""Tahiti"",""abbreviation"":""PYF""}],""scores"":[35,3],""status"":""C"",""outcome"":""A"",""events"":[{""id"":800,""label"":""1979 South Pacific Games of Fiji"",""sport"":""mru"",""start"":{""millis"":283996800000,""label"":""1979-01-01""},""end"":{""millis"":315532799000,""label"":""1979-12-31""}}]}"
8078,,,,,,283996800000,283996800000,"Mon 1 Jan 1979, 00:00 GMT",,772,Thailand,THA,741,Malaysia,MAS,43,13,C,A,,,,,,,,"{""matchId"":8078,""time"":{""millis"":283996800000,""label"":""Mon 1 Jan 1979, 00:00 GMT""},""teams"":[{""id"":772,""name"":""Thailand"",""abbreviation"":""THA""},{""id"":741,""name"":""Malaysia"",""abbreviation"":""MAS""}],""scores"":[43,13],""status"":""C"",""outcome"":""A"",""events"":[]}"
8095,,,,,,283996800000,283996800000,"Mon 1 Jan 1979, 00:00 GMT",,700,Bermuda,BER,774,Trinidad & Tobago,TRI,42,8,C,A,842,1979 Caribbean Championships,mru,283996800000,1979-01-01,315532799000,1979-12-31,"{""matchId"":8095,""time"":{""millis"":283996800000,""label"":""Mon 1 Jan 1979, 00:00 GMT""},""teams"":[{""id"":700,""name"":""Bermuda"",""abbreviation"":""BER""},{""id"":774,""name"":""Trinidad & Tobago"",""abbreviation"":""TRI""}],""scores"":[42,8],""status"":""C"",""outcome"":""A"",""events"":[{""id"":842,""label"":""1979 Caribbean Championships"",""sport"":""mru"",""start"":{""millis"":283996800000,""label"":""1979-01-01""},""end"":{""millis"":315532799000,""label"":""1979-12-31""}}]}"
578,,7,Murrayfield,Edinburgh,Scotland,285690600000,285690600000,"Sat 20 Jan 1979, 14:30 GMT",,35,Scotland,SCO,33,Wales,WAL,13,19,C,B,168,1979 Five Nations,mru,283996800000,1979-01-01,315532799000,1979-12-31,"{""matchId"":578,""venue"":{""id"":7,""name"":""Murrayfield"",""city"":""Edinburgh"",""country"":""Scotland""},""time"":{""millis"":285690600000,""label"":""Sat 20 Jan 1979, 14:30 GMT""},""teams"":[{""id"":35,""name"":""Scotland"",""abbreviation"":""SCO""},{""id"":33,""name"":""Wales"",""abbreviation"":""WAL""}],""scores"":[13,19],""status"":""C"",""outcome"":""B"",""events"":[{""id"":168,""label"":""1979 Five Nations"",""sport"":""mru"",""start"":{""millis"":283996800000,""label"":""1979-01-01""},""end"":{""millis"":315532799000,""label"":""1979-12-31""}}]}"
1344,,4,Lansdowne Road,Dublin,Ireland,285691500000,285691500000,"Sat 20 Jan 1979, 14:45 GMT",51000,36,Ireland,IRE,42,France,FRA,9,9,C,D,168,1979 Five Nations,mru,283996800000,1979-01-01,315532799000,1979-12-31,"{""matchId"":1344,""venue"":{""id"":4,""name"":""Lansdowne Road"",""city"":""Dublin"",""country"":""Ireland""},""time"":{""millis"":285691500000,""label"":""Sat 20 Jan 1979, 14:45 GMT""},""attendance"":51000,""teams"":[{""id"":36,""name"":""Ireland"",""abbreviation"":""IRE""},{""id"":42,""name"":""France"",""abbreviation"":""FRA""}],""scores"":[9,9],""status"":""C"",""outcome"":""D"",""events"":[{""id"":168,""label"":""1979 Five Nations"",""sport"":""mru"",""start"":{""millis"":283996800000,""label"":""1979-01-01""},""end"":{""millis"":315532799000,""label"":""1979-12-31""}}]}"
579,,2,Cardiff Arms Park,Cardiff,Wales,286900200000,286900200000,"Sat 3 Feb 1979, 14:30 GMT",,33,Wales,WAL,36,Ireland,IRE,24,21,C,A,168,1979 Five Nations,mru,283996800000,1979-01-01,315532799000,1979-12-31,"{""matchId"":579,""venue"":{""id"":2,""name"":""Cardiff Arms Park"",""city"":""Cardiff"",""country"":""Wales""},""time"":{""millis"":286900200000,""label"":""Sat 3 Feb 1979, 14:30 GMT""},""teams"":[{""id"":33,""name"":""Wales"",""abbreviation"":""WAL""},{""id"":36,""name"":""Ireland"",""abbreviation"":""IRE""}],""scores"":[24,21],""status"":""C"",""outcome"":""A"",""events"":[{""id"":168,""label"":""1979 Five Nations"",""sport"":""mru"",""start"":{""millis"":283996800000,""label"":""1979-01-01""},""end"":{""millis"":315532799000,""label"":""1979-12-31""}}]}"
1019,,3,Twickenham,London,England,286900200000,286900200000,"Sat 3 Feb 1979, 14:30 GMT",,34,England,ENG,35,Scotland,SCO,7,7,C,D,168,1979 Five Nations,mru,283996800000,1979-01-01,315532799000,1979-12-31,"{""matchId"":1019,""venue"":{""id"":3,""name"":""Twickenham"",""city"":""London"",""country"":""England""},""time"":{""millis"":286900200000,""label"":""Sat 3 Feb 1979, 14:30 GMT""},""teams"":[{""id"":34,""name"":""England"",""abbreviation"":""ENG""},{""id"":35,""name"":""Scotland"",""abbreviation"":""SCO""}],""scores"":[7,7],""status"":""C"",""outcome"":""D"",""events"":[{""id"":168,""label"":""1979 Five Nations"",""sport"":""mru"",""start"":{""millis"":283996800000,""label"":""1979-01-01""},""end"":{""millis"":315532799000,""label"":""1979-12-31""}}]}"
580,,5,Parc des Princes,Paris,France,288057600000,288057600000,"Sat 17 Feb 1979, 00:00 GMT",45259,42,France,FRA,33,Wales,WAL,14,13,C,A,168,1979 Five Nations,mru,283996800000,1979-01-01,315532799000,1979-12-31,"{""matchId"":580,""venue"":{""id"":5,""name"":""Parc des Princes"",""city"":""Paris"",""country"":""France""},""time"":{""millis"":288057600000,""label"":""Sat 17 Feb 1979, 00:00 GMT""},""attendance"":45259,""teams"":[{""id"":42,""name"":""France"",""abbreviation"":""FRA""},{""id"":33,""name"":""Wales"",""abbreviation"":""WAL""}],""scores"":[14,13],""status"":""C"",""outcome"":""A"",""events"":[{""id"":168,""label"":""1979 Five Nations"",""sport"":""mru"",""start"":{""millis"":283996800000,""label"":""1979-01-01""},""end"":{""millis"":315532799000,""label"":""1979-12-31""}}]}"
1020,,4,Lansdowne Road,Dublin,Ireland,288111600000,288111600000,"Sat 17 Feb 1979, 15:00 GMT",,36,Ireland,IRE,34,England,ENG,12,7,C,A,168,1979 Five Nations,mru,283996800000,1979-01-01,315532799000,1979-12-31,"{""matchId"":1020,""venue"":{""id"":4,""name"":""Lansdowne Road"",""city"":""Dublin"",""country"":""Ireland""},""time"":{""millis"":288111600000,""label"":""Sat 17 Feb 1979, 15:00 GMT""},""teams"":[{""id"":36,""name"":""Ireland"",""abbreviation"":""IRE""},{""id"":34,""name"":""England"",""abbreviation"":""ENG""}],""scores"":[12,7],""status"":""C"",""outcome"":""A"",""events"":[{""id"":168,""label"":""1979 Five Nations"",""sport"":""mru"",""start"":{""millis"":283996800000,""label"":""1979-01-01""},""end"":{""millis"":315532799000,""label"":""1979-12-31""}}]}"
3798,,,,,,288144000000,288144000000,"Sun 18 Feb 1979, 00:00 GMT",,41,Italy,ITA,42,France,FRA,9,15,C,B,,,,,,,,"{""matchId"":3798,""time"":{""millis"":288144000000,""label"":""Sun 18 Feb 1979, 00:00 GMT""},""teams"":[{""id"":41,""name"":""Italy"",""abbreviation"":""ITA""},{""id"":42,""name"":""France"",""abbreviation"":""FRA""}],""scores"":[9,15],""status"":""C"",""outcome"":""B"",""events"":[]}"
1021,,3,Twickenham,London,England,289321200000,289321200000,"Sat 3 Mar 1979, 15:00 GMT",67800,34,England,ENG,42,France,FRA,7,6,C,A,168,1979 Five Nations,mru,283996800000,1979-01-01,315532799000,1979-12-31,"{""matchId"":1021,""venue"":{""id"":3,""name"":""Twickenham"",""city"":""London"",""country"":""England""},""time"":{""millis"":289321200000,""label"":""Sat 3 Mar 1979, 15:00 GMT""},""attendance"":67800,""teams"":[{""id"":34,""name"":""England"",""abbreviation"":""ENG""},{""id"":42,""name"":""France"",""abbreviation"":""FRA""}],""scores"":[7,6],""status"":""C"",""outcome"":""A"",""events"":[{""id"":168,""label"":""1979 Five Nations"",""sport"":""mru"",""start"":{""millis"":283996800000,""label"":""1979-01-01""},""end"":{""millis"":315532799000,""label"":""1979-12-31""}}]}"
1345,,7,Murrayfield,Edinburgh,Scotland,289321200000,289321200000,"Sat 3 Mar 1979, 15:00 GMT",,35,Scotland,SCO,36,Ireland,IRE,11,11,C,D,168,1979 Five Nations,mru,283996800000,1979-01-01,315532799000,1979-12-31,"{""matchId"":1345,""venue"":{""id"":7,""name"":""Murrayfield"",""city"":""Edinburgh"",""country"":""Scotland""},""time"":{""millis"":289321200000,""label"":""Sat 3 Mar 1979, 15:00 GMT""},""teams"":[{""id"":35,""name"":""Scotland"",""abbreviation"":""SCO""},{""id"":36,""name"":""Ireland"",""abbreviation"":""IRE""}],""scores"":[11,11],""status"":""C"",""outcome"":""D"",""events"":[{""id"":168,""label"":""1979 Five Nations"",""sport"":""mru"",""start"":{""millis"":283996800000,""label"":""1979-01-01""},""end"":{""millis"":315532799000,""label"":""1979-12-31""}}]}"
4780,,,,,,289407600000,289407600000,"Sun 4 Mar 1979, 15:00 GMT",2000,42,France,FRA,43,Spain,ESP,92,0,C,A,831,1979 Federation Internationale de Rugby Amateur Championship,mru,283996800000,1979-01-01,315532799000,1979-12-31,"{""matchId"":4780,""time"":{""millis"":289407600000,""label"":""Sun 4 Mar 1979, 15:00 GMT""},""attendance"":2000,""teams"":[{""id"":42,""name"":""France"",""abbreviation"":""FRA""},{""id"":43,""name"":""Spain"",""abbreviation"":""ESP""}],""scores"":[92,0],""status"":""C"",""outcome"":""A"",""events"":[{""id"":831,""label"":""1979 Federation Internationale de Rugby Amateur Championship"",""sport"":""mru"",""start"":{""millis"":283996800000,""label"":""1979-01-01""},""end"":{""millis"":315532799000,""label"":""1979-12-31""}}]}"
1346,,5,Parc des Princes,Paris,France,290476800000,290476800000,"Sat 17 Mar 1979, 00:00 GMT",45000,42,France,FRA,35,Scotland,SCO,21,17,C,A,168,1979 Five Nations,mru,283996800000,1979-01-01,315532799000,1979-12-31,"{""matchId"":1346,""venue"":{""id"":5,""name"":""Parc des Princes"",""city"":""Paris"",""country"":""France""},""time"":{""millis"":290476800000,""label"":""Sat 17 Mar 1979, 00:00 GMT""},""attendance"":45000,""teams"":[{""id"":42,""name"":""France"",""abbreviation"":""FRA""},{""id"":35,""name"":""Scotland"",""abbreviation"":""SCO""}],""scores"":[21,17],""status"":""C"",""outcome"":""A"",""events"":[{""id"":168,""label"":""1979 Five Nations"",""sport"":""mru"",""start"":{""millis"":283996800000,""label"":""1979-01-01""},""end"":{""millis"":315532799000,""label"":""1979-12-31""}}]}"
581,,2,Cardiff Arms Park,Cardiff,Wales,290529000000,290529000000,"Sat 17 Mar 1979, 14:30 GMT",,33,Wales,WAL,34,England,ENG,27,3,C,A,168,1979 Five Nations,mru,283996800000,1979-01-01,315532799000,1979-12-31,"{""matchId"":581,""venue"":{""id"":2,""name"":""Cardiff Arms Park"",""city"":""Cardiff"",""country"":""Wales""},""time"":{""millis"":290529000000,""label"":""Sat 17 Mar 1979, 14:30 GMT""},""teams"":[{""id"":33,""name"":""Wales"",""abbreviation"":""WAL""},{""id"":34,""name"":""England"",""abbreviation"":""ENG""}],""scores"":[27,3],""status"":""C"",""outcome"":""A"",""events"":[{""id"":168,""label"":""1979 Five Nations"",""sport"":""mru"",""start"":{""millis"":283996800000,""label"":""1979-01-01""},""end"":{""millis"":315532799000,""label"":""1979-12-31""}}]}"
9914,,,,,,291168000000,291168000000,"Sun 25 Mar 1979, 00:00 GMT",,745,Morocco,MAR,770,Switzerland,SUI,43,0,C,A,,,,,,,,"{""matchId"":9914,""time"":{""millis"":291168000000,""label"":""Sun 25 Mar 1979, 00:00 GMT""},""teams"":[{""id"":745,""name"":""Morocco"",""abbreviation"":""MAR""},{""id"":770,""name"":""Switzerland"",""abbreviation"":""SUI""}],""scores"":[43,0],""status"":""C"",""outcome"":""A"",""events"":[]}"
8401,,453,Estadio Nacional,Lisbon,Portugal,291340800000,291340800000,"Tue 27 Mar 1979, 00:00 GMT",,44,Portugal,POR,770,Switzerland,SUI,31,0,C,A,,,,,,,,"{""matchId"":8401,""venue"":{""id"":453,""name"":""Estadio Nacional"",""city"":""Lisbon"",""country"":""Portugal""},""time"":{""millis"":291340800000,""label"":""Tue 27 Mar 1979, 00:00 GMT""},""teams"":[{""id"":44,""name"":""Portugal"",""abbreviation"":""POR""},{""id"":770,""name"":""Switzerland"",""abbreviation"":""SUI""}],""scores"":[31,0],""status"":""C"",""outcome"":""A"",""events"":[]}"
8847,,,,,,292377600000,292377600000,"Sun 8 Apr 1979, 00:00 GMT",,1166,West Germany,FRG,745,Morocco,MAR,6,13,C,B,,,,,,,,"{""matchId"":8847,""time"":{""millis"":292377600000,""label"":""Sun 8 Apr 1979, 00:00 GMT""},""teams"":[{""id"":1166,""name"":""West Germany"",""abbreviation"":""FRG""},{""id"":745,""name"":""Morocco"",""abbreviation"":""MAR""}],""scores"":[6,13],""status"":""C"",""outcome"":""B"",""events"":[]}"
5590,,432,Happy Valley Stadium,Hong Kong,Hong Kong,292636800000,292636800000,"Wed 11 Apr 1979, 00:00 GMT",,49,Japan,JPN,725,Hong Kong,HKG,17,23,C,B,,,,,,,,"{""matchId"":5590,""venue"":{""id"":432,""name"":""Happy Valley Stadium"",""city"":""Hong Kong"",""country"":""Hong Kong""},""time"":{""millis"":292636800000,""label"":""Wed 11 Apr 1979, 00:00 GMT""},""teams"":[{""id"":49,""name"":""Japan"",""abbreviation"":""JPN""},{""id"":725,""name"":""Hong Kong"",""abbreviation"":""HKG""}],""scores"":[17,23],""status"":""C"",""outcome"":""B"",""events"":[]}"
3797,,,,,,292896000000,292896000000,"Sat 14 Apr 1979, 00:00 GMT",,41,Italy,ITA,753,Poland,POL,18,3,C,A,,,,,,,,"{""matchId"":3797,""time"":{""millis"":292896000000,""label"":""Sat 14 Apr 1979, 00:00 GMT""},""teams"":[{""id"":41,""name"":""Italy"",""abbreviation"":""ITA""},{""id"":753,""name"":""Poland"",""abbreviation"":""POL""}],""scores"":[18,3],""status"":""C"",""outcome"":""A"",""events"":[]}"
2759,,642,Stadionul Parcul Copilului,Bucuresti,Romania,293626800000,293626800000,"Sun 22 Apr 1979, 11:00 GMT",,52,Romania,ROM,41,Italy,ITA,44,0,C,A,831,1979 Federation Internationale de Rugby Amateur Championship,mru,283996800000,1979-01-01,315532799000,1979-12-31,"{""matchId"":2759,""venue"":{""id"":642,""name"":""Stadionul Parcul Copilului"",""city"":""Bucuresti"",""country"":""Romania""},""time"":{""millis"":293626800000,""label"":""Sun 22 Apr 1979, 11:00 GMT""},""teams"":[{""id"":52,""name"":""Romania"",""abbreviation"":""ROM""},{""id"":41,""name"":""Italy"",""abbreviation"":""ITA""}],""scores"":[44,0],""status"":""C"",""outcome"":""A"",""events"":[{""id"":831,""label"":""1979 Federation Internationale de Rugby Amateur Championship"",""sport"":""mru"",""start"":{""millis"":283996800000,""label"":""1979-01-01""},""end"":{""millis"":315532799000,""label"":""1979-12-31""}}]}"
2758,,316,Valle Hermoso,Madrid,Spain,294237000000,294237000000,"Sun 29 Apr 1979, 12:30 GMT",,43,Spain,ESP,52,Romania,ROM,6,22,C,B,831,1979 Federation Internationale de Rugby Amateur Championship,mru,283996800000,1979-01-01,315532799000,1979-12-31,"{""matchId"":2758,""venue"":{""id"":316,""name"":""Valle Hermoso"",""city"":""Madrid"",""country"":""Spain""},""time"":{""millis"":294237000000,""label"":""Sun 29 Apr 1979, 12:30 GMT""},""teams"":[{""id"":43,""name"":""Spain"",""abbreviation"":""ESP""},{""id"":52,""name"":""Romania"",""abbreviation"":""ROM""}],""scores"":[6,22],""status"":""C"",""outcome"":""B"",""events"":[{""id"":831,""label"":""1979 Federation Internationale de Rugby Amateur Championship"",""sport"":""mru"",""start"":{""millis"":283996800000,""label"":""1979-01-01""},""end"":{""millis"":315532799000,""label"":""1979-12-31""}}]}"
9915,,,,,,294278400000,294278400000,"Mon 30 Apr 1979, 00:00 GMT",,64,Netherlands,NED,745,Morocco,MAR,17,21,C,B,,,,,,,,"{""matchId"":9915,""time"":{""millis"":294278400000,""label"":""Mon 30 Apr 1979, 00:00 GMT""},""teams"":[{""id"":64,""name"":""Netherlands"",""abbreviation"":""NED""},{""id"":745,""name"":""Morocco"",""abbreviation"":""MAR""}],""scores"":[17,21],""status"":""C"",""outcome"":""B"",""events"":[]}"
2757,,1025,Dynamo Stadium,Kharkov,Ukraine,294796800000,294796800000,"Sun 6 May 1979, 00:00 GMT",3500,1168,USSR,URS,52,Romania,ROM,9,15,C,B,831,1979 Federation Internationale de Rugby Amateur Championship,mru,283996800000,1979-01-01,315532799000,1979-12-31,"{""matchId"":2757,""eventPhase"":""C"",""venue"":{""id"":1025,""name"":""Dynamo Stadium"",""city"":""Kharkov"",""country"":""Ukraine""},""time"":{""millis"":294796800000,""label"":""Sun 6 May 1979, 00:00 GMT""},""attendance"":3500,""teams"":[{""id"":1168,""name"":""USSR"",""abbreviation"":""URS""},{""id"":52,""name"":""Romania"",""abbreviation"":""ROM""}],""scores"":[9,15],""status"":""C"",""outcome"":""B"",""events"":[{""id"":831,""label"":""1979 Federation Internationale de Rugby Amateur Championship"",""sport"":""mru"",""start"":{""millis"":283996800000,""label"":""1979-01-01""},""end"":{""millis"":315532799000,""label"":""1979-12-31""}}]}"
4135,,,,,,295142400000,295142400000,"Thu 10 May 1979, 00:00 GMT",,1232,Japan B,,34,England,ENG,7,36,C,B,294,"1979 England Tour of Japan, Fiji & Tonga",mru,283996800000,1979-01-01,315532799000,1979-12-31,"{""matchId"":4135,""time"":{""millis"":295142400000,""label"":""Thu 10 May 1979, 00:00 GMT""},""teams"":[{""id"":1232,""name"":""Japan B""},{""id"":34,""name"":""England"",""abbreviation"":""ENG""}],""scores"":[7,36],""status"":""C"",""outcome"":""B"",""events"":[{""id"":294,""label"":""1979 England Tour of Japan, Fiji & Tonga"",""sport"":""mru"",""start"":{""millis"":283996800000,""label"":""1979-01-01""},""end"":{""millis"":315532799000,""label"":""1979-12-31""}}]}"
4136,,130,Hanazono Stadium,Osaka,Japan,295401600000,295401600000,"Sun 13 May 1979, 00:00 GMT",10000,49,Japan,JPN,34,England,ENG,19,21,C,B,294,"1979 England Tour of Japan, Fiji & Tonga",mru,283996800000,1979-01-01,315532799000,1979-12-31,"{""matchId"":4136,""venue"":{""id"":130,""name"":""Hanazono Stadium"",""city"":""Osaka"",""country"":""Japan""},""time"":{""millis"":295401600000,""label"":""Sun 13 May 1979, 00:00 GMT""},""attendance"":10000,""teams"":[{""id"":49,""name"":""Japan"",""abbreviation"":""JPN""},{""id"":34,""name"":""England"",""abbreviation"":""ENG""}],""scores"":[19,21],""status"":""C"",""outcome"":""B"",""events"":[{""id"":294,""label"":""1979 England Tour of Japan, Fiji & Tonga"",""sport"":""mru"",""start"":{""millis"":283996800000,""label"":""1979-01-01""},""end"":{""millis"":315532799000,""label"":""1979-12-31""}}]}"
10484,,1026,Ruch Stadium,Radzionkow,Poland,295401600000,295401600000,"Sun 13 May 1979, 00:00 GMT",,753,Poland,POL,1168,USSR,URS,7,19,C,B,824,1978 Federation Internationale de Rugby Amateur Championship,mru,252460800000,1978-01-01,283996799000,1978-12-31,"{""matchId"":10484,""eventPhase"":""A"",""venue"":{""id"":1026,""name"":""Ruch Stadium"",""city"":""Radzionkow"",""country"":""Poland""},""time"":{""millis"":295401600000,""label"":""Sun 13 May 1979, 00:00 GMT""},""teams"":[{""id"":753,""name"":""Poland"",""abbreviation"":""POL""},{""id"":1168,""name"":""USSR"",""abbreviation"":""URS""}],""scores"":[7,19],""status"":""C"",""outcome"":""B"",""events"":[{""id"":824,""label"":""1978 Federation Internationale de Rugby Amateur Championship"",""sport"":""mru"",""start"":{""millis"":252460800000,""label"":""1978-01-01""},""end"":{""millis"":283996799000,""label"":""1978-12-31""}}]}"
3796,,,,,,295660800000,295660800000,"Wed 16 May 1979, 00:00 GMT",,41,Italy,ITA,1199,England U23,,6,6,C,D,,,,,,,,"{""matchId"":3796,""time"":{""millis"":295660800000,""label"":""Wed 16 May 1979, 00:00 GMT""},""teams"":[{""id"":41,""name"":""Italy"",""abbreviation"":""ITA""},{""id"":1199,""name"":""England U23""}],""scores"":[6,6],""status"":""C"",""outcome"":""D"",""events"":[]}"
4137,,,,,,295660800000,295660800000,"Wed 16 May 1979, 00:00 GMT",,1233,Kyushu,,34,England,ENG,3,80,C,B,294,"1979 England Tour of Japan, Fiji & Tonga",mru,283996800000,1979-01-01,315532799000,1979-12-31,"{""matchId"":4137,""time"":{""millis"":295660800000,""label"":""Wed 16 May 1979, 00:00 GMT""},""teams"":[{""id"":1233,""name"":""Kyushu""},{""id"":34,""name"":""England"",""abbreviation"":""ENG""}],""scores"":[3,80],""status"":""C"",""outcome"":""B"",""events"":[{""id"":294,""label"":""1979 England Tour of Japan, Fiji & Tonga"",""sport"":""mru"",""start"":{""millis"":283996800000,""label"":""1979-01-01""},""end"":{""millis"":315532799000,""label"":""1979-12-31""}}]}"
3482,,58,Buckhurst Park,Suva,Fiji,295920000000,295920000000,"Sat 19 May 1979, 00:00 GMT",,46,Fiji,FJI,53,New Zealand Maori,MAB,13,19,C,B,,,,,,,,"{""matchId"":3482,""venue"":{""id"":58,""name"":""Buckhurst Park"",""city"":""Suva"",""country"":""Fiji""},""time"":{""millis"":295920000000,""label"":""Sat 19 May 1979, 00:00 GMT""},""teams"":[{""id"":46,""name"":""Fiji"",""abbreviation"":""FJI""},{""id"":53,""name"":""New Zealand Maori"",""abbreviation"":""MAB""}],""scores"":[13,19],""status"":""C"",""outcome"":""B"",""events"":[]}"
8849,,,,,,295920000000,295920000000,"Sat 19 May 1979, 00:00 GMT",,699,Belgium,BEL,739,Luxembourg,LUX,10,7,C,A,,,,,,,,"{""matchId"":8849,""time"":{""millis"":295920000000,""label"":""Sat 19 May 1979, 00:00 GMT""},""teams"":[{""id"":699,""name"":""Belgium"",""abbreviation"":""BEL""},{""id"":739,""name"":""Luxembourg"",""abbreviation"":""LUX""}],""scores"":[10,7],""status"":""C"",""outcome"":""A"",""events"":[]}"
4139,,430,National Kasumigaoka Stadium,Tokyo,Japan,296006400000,296006400000,"Sun 20 May 1979, 00:00 GMT",35000,49,Japan,JPN,34,England,ENG,18,38,C,B,294,"1979 England Tour of Japan, Fiji & Tonga",mru,283996800000,1979-01-01,315532799000,1979-12-31,"{""matchId"":4139,""venue"":{""id"":430,""name"":""National Kasumigaoka Stadium"",""city"":""Tokyo"",""country"":""Japan""},""time"":{""millis"":296006400000,""label"":""Sun 20 May 1979, 00:00 GMT""},""attendance"":35000,""teams"":[{""id"":49,""name"":""Japan"",""abbreviation"":""JPN""},{""id"":34,""name"":""England"",""abbreviation"":""ENG""}],""scores"":[18,38],""status"":""C"",""outcome"":""B"",""events"":[{""id"":294,""label"":""1979 England Tour of Japan, Fiji & Tonga"",""sport"":""mru"",""start"":{""millis"":283996800000,""label"":""1979-01-01""},""end"":{""millis"":315532799000,""label"":""1979-12-31""}}]}"
4782,,454,Fili Stadium,Moscow,Russian Federation,296006400000,296006400000,"Sun 20 May 1979, 00:00 GMT",1700,1168,USSR,URS,43,Spain,ESP,15,9,C,A,831,1979 Federation Internationale de Rugby Amateur Championship,mru,283996800000,1979-01-01,315532799000,1979-12-31,"{""matchId"":4782,""venue"":{""id"":454,""name"":""Fili Stadium"",""city"":""Moscow"",""country"":""Russian Federation""},""time"":{""millis"":296006400000,""label"":""Sun 20 May 1979, 00:00 GMT""},""attendance"":1700,""teams"":[{""id"":1168,""name"":""USSR"",""abbreviation"":""URS""},{""id"":43,""name"":""Spain"",""abbreviation"":""ESP""}],""scores"":[15,9],""status"":""C"",""outcome"":""A"",""events"":[{""id"":831,""label"":""1979 Federation Internationale de Rugby Amateur Championship"",""sport"":""mru"",""start"":{""millis"":283996800000,""label"":""1979-01-01""},""end"":{""millis"":315532799000,""label"":""1979-12-31""}}]}"
6556,,250,Perry Lakes Stadium,Perth,Australia,296006400000,296006400000,"Sun 20 May 1979, 00:00 GMT",,1140,Western Australia,,36,Ireland,IRE,3,39,C,B,331,1979 Ireland Tour of Australia,mru,283996800000,1979-01-01,315532799000,1979-12-31,"{""matchId"":6556,""venue"":{""id"":250,""name"":""Perry Lakes Stadium"",""city"":""Perth"",""country"":""Australia""},""time"":{""millis"":296006400000,""label"":""Sun 20 May 1979, 00:00 GMT""},""teams"":[{""id"":1140,""name"":""Western Australia""},{""id"":36,""name"":""Ireland"",""abbreviation"":""IRE""}],""scores"":[3,39],""status"":""C"",""outcome"":""B"",""events"":[{""id"":331,""label"":""1979 Ireland Tour of Australia"",""sport"":""mru"",""start"":{""millis"":283996800000,""label"":""1979-01-01""},""end"":{""millis"":315532799000,""label"":""1979-12-31""}}]}"
4882,,,,,,296179200000,296179200000,"Tue 22 May 1979, 00:00 GMT",,45,Samoa,SAM,53,New Zealand Maori,MAB,3,26,C,B,,,,,,,,"{""matchId"":4882,""time"":{""millis"":296179200000,""label"":""Tue 22 May 1979, 00:00 GMT""},""teams"":[{""id"":45,""name"":""Samoa"",""abbreviation"":""SAM""},{""id"":53,""name"":""New Zealand Maori"",""abbreviation"":""MAB""}],""scores"":[3,26],""status"":""C"",""outcome"":""B"",""events"":[]}"
6557,,246,Manuka Oval,Canberra,Australia,296265600000,296265600000,"Wed 23 May 1979, 00:00 GMT",,398,ACT,,36,Ireland,IRE,7,35,C,B,331,1979 Ireland Tour of Australia,mru,283996800000,1979-01-01,315532799000,1979-12-31,"{""matchId"":6557,""venue"":{""id"":246,""name"":""Manuka Oval"",""city"":""Canberra"",""country"":""Australia""},""time"":{""millis"":296265600000,""label"":""Wed 23 May 1979, 00:00 GMT""},""teams"":[{""id"":398,""name"":""ACT""},{""id"":36,""name"":""Ireland"",""abbreviation"":""IRE""}],""scores"":[7,35],""status"":""C"",""outcome"":""B"",""events"":[{""id"":331,""label"":""1979 Ireland Tour of Australia"",""sport"":""mru"",""start"":{""millis"":283996800000,""label"":""1979-01-01""},""end"":{""millis"":315532799000,""label"":""1979-12-31""}}]}"
3643,,50,Teufaiva Stadium,Nuku'alofa,Tonga,296438400000,296438400000,"Fri 25 May 1979, 00:00 GMT",,47,Tonga,TGA,53,New Zealand Maori,MAB,9,26,C,B,,,,,,,,"{""matchId"":3643,""venue"":{""id"":50,""name"":""Teufaiva Stadium"",""city"":""Nuku'alofa"",""country"":""Tonga""},""time"":{""millis"":296438400000,""label"":""Fri 25 May 1979, 00:00 GMT""},""teams"":[{""id"":47,""name"":""Tonga"",""abbreviation"":""TGA""},{""id"":53,""name"":""New Zealand Maori"",""abbreviation"":""MAB""}],""scores"":[9,26],""status"":""C"",""outcome"":""B"",""events"":[]}"
4138,,,,,,296524800000,296524800000,"Sat 26 May 1979, 00:00 GMT",,1234,Fiji Juniors,,34,England,ENG,22,39,C,B,294,"1979 England Tour of Japan, Fiji & Tonga",mru,283996800000,1979-01-01,315532799000,1979-12-31,"{""matchId"":4138,""time"":{""millis"":296524800000,""label"":""Sat 26 May 1979, 00:00 GMT""},""teams"":[{""id"":1234,""name"":""Fiji Juniors""},{""id"":34,""name"":""England"",""abbreviation"":""ENG""}],""scores"":[22,39],""status"":""C"",""outcome"":""B"",""events"":[{""id"":294,""label"":""1979 England Tour of Japan, Fiji & Tonga"",""sport"":""mru"",""start"":{""millis"":283996800000,""label"":""1979-01-01""},""end"":{""millis"":315532799000,""label"":""1979-12-31""}}]}"
6558,,82,Sydney Sports Ground,Sydney,Australia,296524800000,296524800000,"Sat 26 May 1979, 00:00 GMT",,62,New South Wales,,36,Ireland,IRE,12,16,C,B,331,1979 Ireland Tour of Australia,mru,283996800000,1979-01-01,315532799000,1979-12-31,"{""matchId"":6558,""venue"":{""id"":82,""name"":""Sydney Sports Ground"",""city"":""Sydney"",""country"":""Australia""},""time"":{""millis"":296524800000,""label"":""Sat 26 May 1979, 00:00 GMT""},""teams"":[{""id"":62,""name"":""New South Wales""},{""id"":36,""name"":""Ireland"",""abbreviation"":""IRE""}],""scores"":[12,16],""status"":""C"",""outcome"":""B"",""events"":[{""id"":331,""label"":""1979 Ireland Tour of Australia"",""sport"":""mru"",""start"":{""millis"":283996800000,""label"":""1979-01-01""},""end"":{""millis"":315532799000,""label"":""1979-12-31""}}]}"
3481,,57,National Stadium,Suva,Fiji,296784000000,296784000000,"Tue 29 May 1979, 00:00 GMT",,46,Fiji,FJI,34,England,ENG,7,19,C,B,294,"1979 England Tour of Japan, Fiji & Tonga",mru,283996800000,1979-01-01,315532799000,1979-12-31,"{""matchId"":3481,""venue"":{""id"":57,""name"":""National Stadium"",""city"":""Suva"",""country"":""Fiji""},""time"":{""millis"":296784000000,""label"":""Tue 29 May 1979, 00:00 GMT""},""teams"":[{""id"":46,""name"":""Fiji"",""abbreviation"":""FJI""},{""id"":34,""name"":""England"",""abbreviation"":""ENG""}],""scores"":[7,19],""status"":""C"",""outcome"":""B"",""events"":[{""id"":294,""label"":""1979 England Tour of Japan, Fiji & Tonga"",""sport"":""mru"",""start"":{""millis"":283996800000,""label"":""1979-01-01""},""end"":{""millis"":315532799000,""label"":""1979-12-31""}}]}"
6559,,65,Ballymore,Brisbane,Australia,296784000000,296784000000,"Tue 29 May 1979, 00:00 GMT",,400,Queensland,,36,Ireland,IRE,15,18,C,B,331,1979 Ireland Tour of Australia,mru,283996800000,1979-01-01,315532799000,1979-12-31,"{""matchId"":6559,""venue"":{""id"":65,""name"":""Ballymore"",""city"":""Brisbane"",""country"":""Australia""},""time"":{""millis"":296784000000,""label"":""Tue 29 May 1979, 00:00 GMT""},""teams"":[{""id"":400,""name"":""Queensland""},{""id"":36,""name"":""Ireland"",""abbreviation"":""IRE""}],""scores"":[15,18],""status"":""C"",""outcome"":""B"",""events"":[{""id"":331,""label"":""1979 Ireland Tour of Australia"",""sport"":""mru"",""start"":{""millis"":283996800000,""label"":""1979-01-01""},""end"":{""millis"":315532799000,""label"":""1979-12-31""}}]}"
4140,,50,Teufaiva Stadium,Nuku'alofa,Tonga,297043200000,297043200000,"Fri 1 Jun 1979, 00:00 GMT",,47,Tonga,TGA,34,England,ENG,17,37,C,B,294,"1979 England Tour of Japan, Fiji & Tonga",mru,283996800000,1979-01-01,315532799000,1979-12-31,"{""matchId"":4140,""venue"":{""id"":50,""name"":""Teufaiva Stadium"",""city"":""Nuku'alofa"",""country"":""Tonga""},""time"":{""millis"":297043200000,""label"":""Fri 1 Jun 1979, 00:00 GMT""},""teams"":[{""id"":47,""name"":""Tonga"",""abbreviation"":""TGA""},{""id"":34,""name"":""England"",""abbreviation"":""ENG""}],""scores"":[17,37],""status"":""C"",""outcome"":""B"",""events"":[{""id"":294,""label"":""1979 England Tour of Japan, Fiji & Tonga"",""sport"":""mru"",""start"":{""millis"":283996800000,""label"":""1979-01-01""},""end"":{""millis"":315532799000,""label"":""1979-12-31""}}]}"
1555,,65,Ballymore,Brisbane,Australia,297270000000,297270000000,"Sun 3 Jun 1979, 15:00 GMT",16500,38,Australia,AUS,36,Ireland,IRE,12,27,C,B,331,1979 Ireland Tour of Australia,mru,283996800000,1979-01-01,315532799000,1979-12-31,"{""matchId"":1555,""venue"":{""id"":65,""name"":""Ballymore"",""city"":""Brisbane"",""country"":""Australia""},""time"":{""millis"":297270000000,""label"":""Sun 3 Jun 1979, 15:00 GMT""},""attendance"":16500,""teams"":[{""id"":38,""name"":""Australia"",""abbreviation"":""AUS""},{""id"":36,""name"":""Ireland"",""abbreviation"":""IRE""}],""scores"":[12,27],""status"":""C"",""outcome"":""B"",""events"":[{""id"":331,""label"":""1979 Ireland Tour of Australia"",""sport"":""mru"",""start"":{""millis"":283996800000,""label"":""1979-01-01""},""end"":{""millis"":315532799000,""label"":""1979-12-31""}}]}"
6560,,496,Wade Park,Orange,Australia,297388800000,297388800000,"Tue 5 Jun 1979, 00:00 GMT",,397,New South Wales Country,,36,Ireland,IRE,7,28,C,B,331,1979 Ireland Tour of Australia,mru,283996800000,1979-01-01,315532799000,1979-12-31,"{""matchId"":6560,""venue"":{""id"":496,""name"":""Wade Park"",""city"":""Orange"",""country"":""Australia""},""time"":{""millis"":297388800000,""label"":""Tue 5 Jun 1979, 00:00 GMT""},""teams"":[{""id"":397,""name"":""New South Wales Country""},{""id"":36,""name"":""Ireland"",""abbreviation"":""IRE""}],""scores"":[7,28],""status"":""C"",""outcome"":""B"",""events"":[{""id"":331,""label"":""1979 Ireland Tour of Australia"",""sport"":""mru"",""start"":{""millis"":283996800000,""label"":""1979-01-01""},""end"":{""millis"":315532799000,""label"":""1979-12-31""}}]}"
3903,,300,Varsity Stadium,Toronto,Canada,297734400000,297734400000,"Sat 9 Jun 1979, 00:00 GMT",,50,Canada,CAN,51,USA,USA,19,12,C,A,,,,,,,,"{""matchId"":3903,""venue"":{""id"":300,""name"":""Varsity Stadium"",""city"":""Toronto"",""country"":""Canada""},""time"":{""millis"":297734400000,""label"":""Sat 9 Jun 1979, 00:00 GMT""},""teams"":[{""id"":50,""name"":""Canada"",""abbreviation"":""CAN""},{""id"":51,""name"":""USA"",""abbreviation"":""USA""}],""scores"":[19,12],""status"":""C"",""outcome"":""A"",""events"":[]}"
6563,,82,Sydney Sports Ground,Sydney,Australia,297734400000,297734400000,"Sat 9 Jun 1979, 00:00 GMT",,377,Sydney,,36,Ireland,IRE,16,12,C,A,331,1979 Ireland Tour of Australia,mru,283996800000,1979-01-01,315532799000,1979-12-31,"{""matchId"":6563,""venue"":{""id"":82,""name"":""Sydney Sports Ground"",""city"":""Sydney"",""country"":""Australia""},""time"":{""millis"":297734400000,""label"":""Sat 9 Jun 1979, 00:00 GMT""},""teams"":[{""id"":377,""name"":""Sydney""},{""id"":36,""name"":""Ireland"",""abbreviation"":""IRE""}],""scores"":[16,12],""status"":""C"",""outcome"":""A"",""events"":[{""id"":331,""label"":""1979 Ireland Tour of Australia"",""sport"":""mru"",""start"":{""millis"":283996800000,""label"":""1979-01-01""},""end"":{""millis"":315532799000,""label"":""1979-12-31""}}]}"
3665,,57,National Stadium,Suva,Fiji,298339200000,298339200000,"Sat 16 Jun 1979, 00:00 GMT",20000,46,Fiji,FJI,42,France,FRA,4,13,C,B,77,1979 France Tour of Fiji & New Zealand,mru,283996800000,1979-01-01,315532799000,1979-12-31,"{""matchId"":3665,""venue"":{""id"":57,""name"":""National Stadium"",""city"":""Suva"",""country"":""Fiji""},""time"":{""millis"":298339200000,""label"":""Sat 16 Jun 1979, 00:00 GMT""},""attendance"":20000,""teams"":[{""id"":46,""name"":""Fiji"",""abbreviation"":""FJI""},{""id"":42,""name"":""France"",""abbreviation"":""FRA""}],""scores"":[4,13],""status"":""C"",""outcome"":""B"",""events"":[{""id"":77,""label"":""1979 France Tour of Fiji & New Zealand"",""sport"":""mru"",""start"":{""millis"":283996800000,""label"":""1979-01-01""},""end"":{""millis"":315532799000,""label"":""1979-12-31""}}]}"
1556,,66,Sydney Cricket Ground,Sydney,Australia,298393200000,298393200000,"Sat 16 Jun 1979, 15:00 GMT",33476,38,Australia,AUS,36,Ireland,IRE,3,9,C,B,331,1979 Ireland Tour of Australia,mru,283996800000,1979-01-01,315532799000,1979-12-31,"{""matchId"":1556,""venue"":{""id"":66,""name"":""Sydney Cricket Ground"",""city"":""Sydney"",""country"":""Australia""},""time"":{""millis"":298393200000,""label"":""Sat 16 Jun 1979, 15:00 GMT""},""attendance"":33476,""teams"":[{""id"":38,""name"":""Australia"",""abbreviation"":""AUS""},{""id"":36,""name"":""Ireland"",""abbreviation"":""IRE""}],""scores"":[3,9],""status"":""C"",""outcome"":""B"",""events"":[{""id"":331,""label"":""1979 Ireland Tour of Australia"",""sport"":""mru"",""start"":{""millis"":283996800000,""label"":""1979-01-01""},""end"":{""millis"":315532799000,""label"":""1979-12-31""}}]}"
6569,,,,,,298684800000,298684800000,"Wed 20 Jun 1979, 00:00 GMT",,353,Marlborough,,42,France,FRA,15,35,C,B,77,1979 France Tour of Fiji & New Zealand,mru,283996800000,1979-01-01,315532799000,1979-12-31,"{""matchId"":6569,""time"":{""millis"":298684800000,""label"":""Wed 20 Jun 1979, 00:00 GMT""},""teams"":[{""id"":353,""name"":""Marlborough""},{""id"":42,""name"":""France"",""abbreviation"":""FRA""}],""scores"":[15,35],""status"":""C"",""outcome"":""B"",""events"":[{""id"":77,""label"":""1979 France Tour of Fiji & New Zealand"",""sport"":""mru"",""start"":{""millis"":283996800000,""label"":""1979-01-01""},""end"":{""millis"":315532799000,""label"":""1979-12-31""}}]}"
6570,,,,,,298944000000,298944000000,"Sat 23 Jun 1979, 00:00 GMT",,345,Waikato,,42,France,FRA,18,15,C,A,77,1979 France Tour of Fiji & New Zealand,mru,283996800000,1979-01-01,315532799000,1979-12-31,"{""matchId"":6570,""time"":{""millis"":298944000000,""label"":""Sat 23 Jun 1979, 00:00 GMT""},""teams"":[{""id"":345,""name"":""Waikato""},{""id"":42,""name"":""France"",""abbreviation"":""FRA""}],""scores"":[18,15],""status"":""C"",""outcome"":""A"",""events"":[{""id"":77,""label"":""1979 France Tour of Fiji & New Zealand"",""sport"":""mru"",""start"":{""millis"":283996800000,""label"":""1979-01-01""},""end"":{""millis"":315532799000,""label"":""1979-12-31""}}]}"
8848,,,,,,298944000000,298944000000,"Sat 23 Jun 1979, 00:00 GMT",,715,Denmark,DEN,749,Norway,NOR,30,12,C,A,,,,,,,,"{""matchId"":8848,""time"":{""millis"":298944000000,""label"":""Sat 23 Jun 1979, 00:00 GMT""},""teams"":[{""id"":715,""name"":""Denmark"",""abbreviation"":""DEN""},{""id"":749,""name"":""Norway"",""abbreviation"":""NOR""}],""scores"":[30,12],""status"":""C"",""outcome"":""A"",""events"":[]}"
8137,,,,,,299086200000,299086200000,"Sun 24 Jun 1979, 15:30 GMT",,68,Uruguay,URU,40,Argentina,ARG,7,58,C,B,,,,,,,,"{""matchId"":8137,""time"":{""millis"":299086200000,""label"":""Sun 24 Jun 1979, 15:30 GMT""},""teams"":[{""id"":68,""name"":""Uruguay"",""abbreviation"":""URU""},{""id"":40,""name"":""Argentina"",""abbreviation"":""ARG""}],""scores"":[7,58],""status"":""C"",""outcome"":""B"",""events"":[]}"
6571,,,,,,299289600000,299289600000,"Wed 27 Jun 1979, 00:00 GMT",,349,North Auckland,,42,France,FRA,3,16,C,B,77,1979 France Tour of Fiji & New Zealand,mru,283996800000,1979-01-01,315532799000,1979-12-31,"{""matchId"":6571,""time"":{""millis"":299289600000,""label"":""Wed 27 Jun 1979, 00:00 GMT""},""teams"":[{""id"":349,""name"":""North Auckland""},{""id"":42,""name"":""France"",""abbreviation"":""FRA""}],""scores"":[3,16],""status"":""C"",""outcome"":""B"",""events"":[{""id"":77,""label"":""1979 France Tour of Fiji & New Zealand"",""sport"":""mru"",""start"":{""millis"":283996800000,""label"":""1979-01-01""},""end"":{""millis"":315532799000,""label"":""1979-12-31""}}]}"
6572,,,,,,299548800000,299548800000,"Sat 30 Jun 1979, 00:00 GMT",,346,Wellington,,42,France,FRA,9,14,C,B,77,1979 France Tour of Fiji & New Zealand,mru,283996800000,1979-01-01,315532799000,1979-12-31,"{""matchId"":6572,""time"":{""millis"":299548800000,""label"":""Sat 30 Jun 1979, 00:00 GMT""},""teams"":[{""id"":346,""name"":""Wellington""},{""id"":42,""name"":""France"",""abbreviation"":""FRA""}],""scores"":[9,14],""status"":""C"",""outcome"":""B"",""events"":[{""id"":77,""label"":""1979 France Tour of Fiji & New Zealand"",""sport"":""mru"",""start"":{""millis"":283996800000,""label"":""1979-01-01""},""end"":{""millis"":315532799000,""label"":""1979-12-31""}}]}"
6573,,,,,,299808000000,299808000000,"Tue 3 Jul 1979, 00:00 GMT",,242,Hawke's Bay,,42,France,FRA,13,31,C,B,77,1979 France Tour of Fiji & New Zealand,mru,283996800000,1979-01-01,315532799000,1979-12-31,"{""matchId"":6573,""time"":{""millis"":299808000000,""label"":""Tue 3 Jul 1979, 00:00 GMT""},""teams"":[{""id"":242,""name"":""Hawke's Bay""},{""id"":42,""name"":""France"",""abbreviation"":""FRA""}],""scores"":[13,31],""status"":""C"",""outcome"":""B"",""events"":[{""id"":77,""label"":""1979 France Tour of Fiji & New Zealand"",""sport"":""mru"",""start"":{""millis"":283996800000,""label"":""1979-01-01""},""end"":{""millis"":315532799000,""label"":""1979-12-31""}}]}"
1801,,113,Lancaster Park,Christchurch,New Zealand,300205800000,300205800000,"Sat 7 Jul 1979, 14:30 GMT",40000,37,New Zealand,NZL,42,France,FRA,23,9,C,A,77,1979 France Tour of Fiji & New Zealand,mru,283996800000,1979-01-01,315532799000,1979-12-31,"{""matchId"":1801,""venue"":{""id"":113,""name"":""Lancaster Park"",""city"":""Christchurch"",""country"":""New Zealand""},""time"":{""millis"":300205800000,""label"":""Sat 7 Jul 1979, 14:30 GMT""},""attendance"":40000,""teams"":[{""id"":37,""name"":""New Zealand"",""abbreviation"":""NZL""},{""id"":42,""name"":""France"",""abbreviation"":""FRA""}],""scores"":[23,9],""status"":""C"",""outcome"":""A"",""events"":[{""id"":77,""label"":""1979 France Tour of Fiji & New Zealand"",""sport"":""mru"",""start"":{""millis"":283996800000,""label"":""1979-01-01""},""end"":{""millis"":315532799000,""label"":""1979-12-31""}}]}"
11050,,,,,,300326400000,300326400000,"Mon 9 Jul 1979, 00:00 GMT",,40,Argentina,ARG,708,Chile,CHL,88,7,C,A,,,,,,,,"{""matchId"":11050,""time"":{""millis"":300326400000,""label"":""Mon 9 Jul 1979, 00:00 GMT""},""teams"":[{""id"":40,""name"":""Argentina"",""abbreviation"":""ARG""},{""id"":708,""name"":""Chile"",""abbreviation"":""CHL""}],""scores"":[88,7],""status"":""C"",""outcome"":""A"",""events"":[]}"
6575,,,,,,300412800000,300412800000,"Tue 10 Jul 1979, 00:00 GMT",,344,Southland,,42,France,FRA,12,11,C,A,77,1979 France Tour of Fiji & New Zealand,mru,283996800000,1979-01-01,315532799000,1979-12-31,"{""matchId"":6575,""time"":{""millis"":300412800000,""label"":""Tue 10 Jul 1979, 00:00 GMT""},""teams"":[{""id"":344,""name"":""Southland""},{""id"":42,""name"":""France"",""abbreviation"":""FRA""}],""scores"":[12,11],""status"":""C"",""outcome"":""A"",""events"":[{""id"":77,""label"":""1979 France Tour of Fiji & New Zealand"",""sport"":""mru"",""start"":{""millis"":283996800000,""label"":""1979-01-01""},""end"":{""millis"":315532799000,""label"":""1979-12-31""}}]}"
1802,,62,Eden Park,Auckland,New Zealand,300810600000,300810600000,"Sat 14 Jul 1979, 14:30 GMT",57000,37,New Zealand,NZL,42,France,FRA,19,24,C,B,77,1979 France Tour of Fiji & New Zealand,mru,283996800000,1979-01-01,315532799000,1979-12-31,"{""matchId"":1802,""venue"":{""id"":62,""name"":""Eden Park"",""city"":""Auckland"",""country"":""New Zealand""},""time"":{""millis"":300810600000,""label"":""Sat 14 Jul 1979, 14:30 GMT""},""attendance"":57000,""teams"":[{""id"":37,""name"":""New Zealand"",""abbreviation"":""NZL""},{""id"":42,""name"":""France"",""abbreviation"":""FRA""}],""scores"":[19,24],""status"":""C"",""outcome"":""B"",""events"":[{""id"":77,""label"":""1979 France Tour of Fiji & New Zealand"",""sport"":""mru"",""start"":{""millis"":283996800000,""label"":""1979-01-01""},""end"":{""millis"":315532799000,""label"":""1979-12-31""}}]}"
6555,,65,Ballymore,Brisbane,Australia,301622400000,301622400000,"Tue 24 Jul 1979, 00:00 GMT",,1207,Queensland B,,37,New Zealand,NZL,3,35,C,B,768,1979 New Zealand Tour of Australia,mru,283996800000,1979-01-01,315532799000,1979-12-31,"{""matchId"":6555,""venue"":{""id"":65,""name"":""Ballymore"",""city"":""Brisbane"",""country"":""Australia""},""time"":{""millis"":301622400000,""label"":""Tue 24 Jul 1979, 00:00 GMT""},""teams"":[{""id"":1207,""name"":""Queensland B""},{""id"":37,""name"":""New Zealand"",""abbreviation"":""NZL""}],""scores"":[3,35],""status"":""C"",""outcome"":""B"",""events"":[{""id"":768,""label"":""1979 New Zealand Tour of Australia"",""sport"":""mru"",""start"":{""millis"":283996800000,""label"":""1979-01-01""},""end"":{""millis"":315532799000,""label"":""1979-12-31""}}]}"
1557,,66,Sydney Cricket Ground,Sydney,Australia,302022000000,302022000000,"Sat 28 Jul 1979, 15:00 GMT",32935,38,Australia,AUS,37,New Zealand,NZL,12,6,C,A,562,1979 Bledisloe Cup,mru,283996800000,1979-01-01,315532799000,1979-12-31,"{""matchId"":1557,""venue"":{""id"":66,""name"":""Sydney Cricket Ground"",""city"":""Sydney"",""country"":""Australia""},""time"":{""millis"":302022000000,""label"":""Sat 28 Jul 1979, 15:00 GMT""},""attendance"":32935,""teams"":[{""id"":38,""name"":""Australia"",""abbreviation"":""AUS""},{""id"":37,""name"":""New Zealand"",""abbreviation"":""NZL""}],""scores"":[12,6],""status"":""C"",""outcome"":""A"",""events"":[{""id"":562,""label"":""1979 Bledisloe Cup"",""sport"":""mru"",""start"":{""millis"":283996800000,""label"":""1979-01-01""},""end"":{""millis"":315532799000,""label"":""1979-12-31""}},{""id"":768,""label"":""1979 New Zealand Tour of Australia"",""sport"":""mru"",""start"":{""millis"":283996800000,""label"":""1979-01-01""},""end"":{""millis"":315532799000,""label"":""1979-12-31""}}]}"
6594,,,,,,304128000000,304128000000,"Wed 22 Aug 1979, 00:00 GMT",,352,Poverty Bay,,40,Argentina,ARG,3,26,C,B,78,1979 Argentina Tour of New Zealand,mru,283996800000,1979-01-01,315532799000,1979-12-31,"{""matchId"":6594,""time"":{""millis"":304128000000,""label"":""Wed 22 Aug 1979, 00:00 GMT""},""teams"":[{""id"":352,""name"":""Poverty Bay""},{""id"":40,""name"":""Argentina"",""abbreviation"":""ARG""}],""scores"":[3,26],""status"":""C"",""outcome"":""B"",""events"":[{""id"":78,""label"":""1979 Argentina Tour of New Zealand"",""sport"":""mru"",""start"":{""millis"":283996800000,""label"":""1979-01-01""},""end"":{""millis"":315532799000,""label"":""1979-12-31""}}]}"
6595,,,,,,304387200000,304387200000,"Sat 25 Aug 1979, 00:00 GMT",,343,Auckland,,40,Argentina,ARG,13,18,C,B,78,1979 Argentina Tour of New Zealand,mru,283996800000,1979-01-01,315532799000,1979-12-31,"{""matchId"":6595,""time"":{""millis"":304387200000,""label"":""Sat 25 Aug 1979, 00:00 GMT""},""teams"":[{""id"":343,""name"":""Auckland""},{""id"":40,""name"":""Argentina"",""abbreviation"":""ARG""}],""scores"":[13,18],""status"":""C"",""outcome"":""B"",""events"":[{""id"":78,""label"":""1979 Argentina Tour of New Zealand"",""sport"":""mru"",""start"":{""millis"":283996800000,""label"":""1979-01-01""},""end"":{""millis"":315532799000,""label"":""1979-12-31""}}]}"
6596,,,,,,304732800000,304732800000,"Wed 29 Aug 1979, 00:00 GMT",,338,Manawatu,,40,Argentina,ARG,10,21,C,B,78,1979 Argentina Tour of New Zealand,mru,283996800000,1979-01-01,315532799000,1979-12-31,"{""matchId"":6596,""time"":{""millis"":304732800000,""label"":""Wed 29 Aug 1979, 00:00 GMT""},""teams"":[{""id"":338,""name"":""Manawatu""},{""id"":40,""name"":""Argentina"",""abbreviation"":""ARG""}],""scores"":[10,21],""status"":""C"",""outcome"":""B"",""events"":[{""id"":78,""label"":""1979 Argentina Tour of New Zealand"",""sport"":""mru"",""start"":{""millis"":283996800000,""label"":""1979-01-01""},""end"":{""millis"":315532799000,""label"":""1979-12-31""}}]}"
3478,,57,National Stadium,Suva,Fiji,304819200000,304819200000,"Thu 30 Aug 1979, 00:00 GMT",,46,Fiji,FJI,750,Papua New Guinea,PNG,86,0,C,A,,,,,,,,"{""matchId"":3478,""venue"":{""id"":57,""name"":""National Stadium"",""city"":""Suva"",""country"":""Fiji""},""time"":{""millis"":304819200000,""label"":""Thu 30 Aug 1979, 00:00 GMT""},""teams"":[{""id"":46,""name"":""Fiji"",""abbreviation"":""FJI""},{""id"":750,""name"":""Papua New Guinea"",""abbreviation"":""PNG""}],""scores"":[86,0],""status"":""C"",""outcome"":""A"",""events"":[]}"
4883,,,,,,304992000000,304992000000,"Sat 1 Sep 1979, 00:00 GMT",,47,Tonga,TGA,45,Samoa,SAM,18,10,C,A,,,,,,,,"{""matchId"":4883,""time"":{""millis"":304992000000,""label"":""Sat 1 Sep 1979, 00:00 GMT""},""teams"":[{""id"":47,""name"":""Tonga"",""abbreviation"":""TGA""},{""id"":45,""name"":""Samoa"",""abbreviation"":""SAM""}],""scores"":[18,10],""status"":""C"",""outcome"":""A"",""events"":[]}"
6597,,,,,,304992000000,304992000000,"Sat 1 Sep 1979, 00:00 GMT",,350,Bay of Plenty,,40,Argentina,ARG,12,32,C,B,78,1979 Argentina Tour of New Zealand,mru,283996800000,1979-01-01,315532799000,1979-12-31,"{""matchId"":6597,""time"":{""millis"":304992000000,""label"":""Sat 1 Sep 1979, 00:00 GMT""},""teams"":[{""id"":350,""name"":""Bay of Plenty""},{""id"":40,""name"":""Argentina"",""abbreviation"":""ARG""}],""scores"":[12,32],""status"":""C"",""outcome"":""B"",""events"":[{""id"":78,""label"":""1979 Argentina Tour of New Zealand"",""sport"":""mru"",""start"":{""millis"":283996800000,""label"":""1979-01-01""},""end"":{""millis"":315532799000,""label"":""1979-12-31""}}]}"
3477,,57,National Stadium,Suva,Fiji,305078400000,305078400000,"Sun 2 Sep 1979, 00:00 GMT",,46,Fiji,FJI,1172,New Caledonia,NCL,60,3,C,A,800,1979 South Pacific Games of Fiji,mru,283996800000,1979-01-01,315532799000,1979-12-31,"{""matchId"":3477,""venue"":{""id"":57,""name"":""National Stadium"",""city"":""Suva"",""country"":""Fiji""},""time"":{""millis"":305078400000,""label"":""Sun 2 Sep 1979, 00:00 GMT""},""teams"":[{""id"":46,""name"":""Fiji"",""abbreviation"":""FJI""},{""id"":1172,""name"":""New Caledonia"",""abbreviation"":""NCL""}],""scores"":[60,3],""status"":""C"",""outcome"":""A"",""events"":[{""id"":800,""label"":""1979 South Pacific Games of Fiji"",""sport"":""mru"",""start"":{""millis"":283996800000,""label"":""1979-01-01""},""end"":{""millis"":315532799000,""label"":""1979-12-31""}}]}"
6598,,,,,,305251200000,305251200000,"Tue 4 Sep 1979, 00:00 GMT",,237,Taranaki,,40,Argentina,ARG,9,19,C,B,78,1979 Argentina Tour of New Zealand,mru,283996800000,1979-01-01,315532799000,1979-12-31,"{""matchId"":6598,""time"":{""millis"":305251200000,""label"":""Tue 4 Sep 1979, 00:00 GMT""},""teams"":[{""id"":237,""name"":""Taranaki""},{""id"":40,""name"":""Argentina"",""abbreviation"":""ARG""}],""scores"":[9,19],""status"":""C"",""outcome"":""B"",""events"":[{""id"":78,""label"":""1979 Argentina Tour of New Zealand"",""sport"":""mru"",""start"":{""millis"":283996800000,""label"":""1979-01-01""},""end"":{""millis"":315532799000,""label"":""1979-12-31""}}]}"
3476,,57,National Stadium,Suva,Fiji,305337600000,305337600000,"Wed 5 Sep 1979, 00:00 GMT",,46,Fiji,FJI,45,Samoa,SAM,16,13,C,A,800,1979 South Pacific Games of Fiji,mru,283996800000,1979-01-01,315532799000,1979-12-31,"{""matchId"":3476,""eventPhase"":""Semi Finals"",""venue"":{""id"":57,""name"":""National Stadium"",""city"":""Suva"",""country"":""Fiji""},""time"":{""millis"":305337600000,""label"":""Wed 5 Sep 1979, 00:00 GMT""},""teams"":[{""id"":46,""name"":""Fiji"",""abbreviation"":""FJI""},{""id"":45,""name"":""Samoa"",""abbreviation"":""SAM""}],""scores"":[16,13],""status"":""C"",""outcome"":""A"",""events"":[{""id"":800,""label"":""1979 South Pacific Games of Fiji"",""sport"":""mru"",""start"":{""millis"":283996800000,""label"":""1979-01-01""},""end"":{""millis"":315532799000,""label"":""1979-12-31""}}]}"
3480,,57,National Stadium,Suva,Fiji,305596800000,305596800000,"Sat 8 Sep 1979, 00:00 GMT",29000,46,Fiji,FJI,47,Tonga,TGA,3,6,C,B,800,1979 South Pacific Games of Fiji,mru,283996800000,1979-01-01,315532799000,1979-12-31,"{""matchId"":3480,""eventPhase"":""Final"",""venue"":{""id"":57,""name"":""National Stadium"",""city"":""Suva"",""country"":""Fiji""},""time"":{""millis"":305596800000,""label"":""Sat 8 Sep 1979, 00:00 GMT""},""attendance"":29000,""teams"":[{""id"":46,""name"":""Fiji"",""abbreviation"":""FJI""},{""id"":47,""name"":""Tonga"",""abbreviation"":""TGA""}],""scores"":[3,6],""status"":""C"",""outcome"":""B"",""events"":[{""id"":800,""label"":""1979 South Pacific Games of Fiji"",""sport"":""mru"",""start"":{""millis"":283996800000,""label"":""1979-01-01""},""end"":{""millis"":315532799000,""label"":""1979-12-31""}}]}"
5267,,81,Carisbrook,Dunedin,New Zealand,305596800000,305596800000,"Sat 8 Sep 1979, 00:00 GMT",,37,New Zealand,NZL,40,Argentina,ARG,18,9,C,A,78,1979 Argentina Tour of New Zealand,mru,283996800000,1979-01-01,315532799000,1979-12-31,"{""matchId"":5267,""venue"":{""id"":81,""name"":""Carisbrook"",""city"":""Dunedin"",""country"":""New Zealand""},""time"":{""millis"":305596800000,""label"":""Sat 8 Sep 1979, 00:00 GMT""},""teams"":[{""id"":37,""name"":""New Zealand"",""abbreviation"":""NZL""},{""id"":40,""name"":""Argentina"",""abbreviation"":""ARG""}],""scores"":[18,9],""status"":""C"",""outcome"":""A"",""events"":[{""id"":78,""label"":""1979 Argentina Tour of New Zealand"",""sport"":""mru"",""start"":{""millis"":283996800000,""label"":""1979-01-01""},""end"":{""millis"":315532799000,""label"":""1979-12-31""}}]}"
11881,,,,,,305683200000,305683200000,"Sun 9 Sep 1979, 00:00 GMT",,1168,USSR,URS,3187,USSR A,,26,6,C,A,1096,1979 Socialisticheskaya Industriya,mru,304992000000,1979-09-01,307583999000,1979-09-30,"{""matchId"":11881,""time"":{""millis"":305683200000,""label"":""Sun 9 Sep 1979, 00:00 GMT""},""teams"":[{""id"":1168,""name"":""USSR"",""abbreviation"":""URS""},{""id"":3187,""name"":""USSR A""}],""scores"":[26,6],""status"":""C"",""outcome"":""A"",""events"":[{""id"":1096,""label"":""1979 Socialisticheskaya Industriya"",""sport"":""mru"",""start"":{""millis"":304992000000,""label"":""1979-09-01""},""end"":{""millis"":307583999000,""label"":""1979-09-30""}}]}"
11621,,1027,Ulyanov-Lenin Stadium,Kazan,Russian Federation,305769600000,305769600000,"Mon 10 Sep 1979, 00:00 GMT",,1168,USSR,URS,753,Poland,POL,30,0,C,A,1096,1979 Socialisticheskaya Industriya,mru,304992000000,1979-09-01,307583999000,1979-09-30,"{""matchId"":11621,""venue"":{""id"":1027,""name"":""Ulyanov-Lenin Stadium"",""city"":""Kazan"",""country"":""Russian Federation""},""time"":{""millis"":305769600000,""label"":""Mon 10 Sep 1979, 00:00 GMT""},""teams"":[{""id"":1168,""name"":""USSR"",""abbreviation"":""URS""},{""id"":753,""name"":""Poland"",""abbreviation"":""POL""}],""scores"":[30,0],""status"":""C"",""outcome"":""A"",""events"":[{""id"":1096,""label"":""1979 Socialisticheskaya Industriya"",""sport"":""mru"",""start"":{""millis"":304992000000,""label"":""1979-09-01""},""end"":{""millis"":307583999000,""label"":""1979-09-30""}}]}"
6599,,,,,,305856000000,305856000000,"Tue 11 Sep 1979, 00:00 GMT",,584,South Canterbury,,40,Argentina,ARG,13,23,C,B,78,1979 Argentina Tour of New Zealand,mru,283996800000,1979-01-01,315532799000,1979-12-31,"{""matchId"":6599,""time"":{""millis"":305856000000,""label"":""Tue 11 Sep 1979, 00:00 GMT""},""teams"":[{""id"":584,""name"":""South Canterbury""},{""id"":40,""name"":""Argentina"",""abbreviation"":""ARG""}],""scores"":[13,23],""status"":""C"",""outcome"":""B"",""events"":[{""id"":78,""label"":""1979 Argentina Tour of New Zealand"",""sport"":""mru"",""start"":{""millis"":283996800000,""label"":""1979-01-01""},""end"":{""millis"":315532799000,""label"":""1979-12-31""}}]}"
6635,,,,,,305942400000,305942400000,"Wed 12 Sep 1979, 00:00 GMT",,1476,Somerset,,50,Canada,CAN,6,15,C,B,769,1979 Canada Tour of UK & France,mru,283996800000,1979-01-01,315532799000,1979-12-31,"{""matchId"":6635,""time"":{""millis"":305942400000,""label"":""Wed 12 Sep 1979, 00:00 GMT""},""teams"":[{""id"":1476,""name"":""Somerset""},{""id"":50,""name"":""Canada"",""abbreviation"":""CAN""}],""scores"":[6,15],""status"":""C"",""outcome"":""B"",""events"":[{""id"":769,""label"":""1979 Canada Tour of UK & France"",""sport"":""mru"",""start"":{""millis"":283996800000,""label"":""1979-01-01""},""end"":{""millis"":315532799000,""label"":""1979-12-31""}}]}"
11882,,,,,,306028800000,306028800000,"Thu 13 Sep 1979, 00:00 GMT",,1168,USSR,URS,3187,USSR A,,34,7,C,A,1096,1979 Socialisticheskaya Industriya,mru,304992000000,1979-09-01,307583999000,1979-09-30,"{""matchId"":11882,""time"":{""millis"":306028800000,""label"":""Thu 13 Sep 1979, 00:00 GMT""},""teams"":[{""id"":1168,""name"":""USSR"",""abbreviation"":""URS""},{""id"":3187,""name"":""USSR A""}],""scores"":[34,7],""status"":""C"",""outcome"":""A"",""events"":[{""id"":1096,""label"":""1979 Socialisticheskaya Industriya"",""sport"":""mru"",""start"":{""millis"":304992000000,""label"":""1979-09-01""},""end"":{""millis"":307583999000,""label"":""1979-09-30""}}]}"
5268,,45,Athletic Park,Wellington,New Zealand,306201600000,306201600000,"Sat 15 Sep 1979, 00:00 GMT",,37,New Zealand,NZL,40,Argentina,ARG,15,6,C,A,78,1979 Argentina Tour of New Zealand,mru,283996800000,1979-01-01,315532799000,1979-12-31,"{""matchId"":5268,""venue"":{""id"":45,""name"":""Athletic Park"",""city"":""Wellington"",""country"":""New Zealand""},""time"":{""millis"":306201600000,""label"":""Sat 15 Sep 1979, 00:00 GMT""},""teams"":[{""id"":37,""name"":""New Zealand"",""abbreviation"":""NZL""},{""id"":40,""name"":""Argentina"",""abbreviation"":""ARG""}],""scores"":[15,6],""status"":""C"",""outcome"":""A"",""events"":[{""id"":78,""label"":""1979 Argentina Tour of New Zealand"",""sport"":""mru"",""start"":{""millis"":283996800000,""label"":""1979-01-01""},""end"":{""millis"":315532799000,""label"":""1979-12-31""}}]}"
6636,,,,,,306201600000,306201600000,"Sat 15 Sep 1979, 00:00 GMT",,1263,Cornwall,,50,Canada,CAN,6,10,C,B,769,1979 Canada Tour of UK & France,mru,283996800000,1979-01-01,315532799000,1979-12-31,"{""matchId"":6636,""time"":{""millis"":306201600000,""label"":""Sat 15 Sep 1979, 00:00 GMT""},""teams"":[{""id"":1263,""name"":""Cornwall""},{""id"":50,""name"":""Canada"",""abbreviation"":""CAN""}],""scores"":[6,10],""status"":""C"",""outcome"":""B"",""events"":[{""id"":769,""label"":""1979 Canada Tour of UK & France"",""sport"":""mru"",""start"":{""millis"":283996800000,""label"":""1979-01-01""},""end"":{""millis"":315532799000,""label"":""1979-12-31""}}]}"
4630,,,,,,306288000000,306288000000,"Sun 16 Sep 1979, 00:00 GMT",,783,Yugoslavia,YUG,775,Tunisia,TUN,23,0,C,A,,,,,,,,"{""matchId"":4630,""time"":{""millis"":306288000000,""label"":""Sun 16 Sep 1979, 00:00 GMT""},""teams"":[{""id"":783,""name"":""Yugoslavia"",""abbreviation"":""YUG""},{""id"":775,""name"":""Tunisia"",""abbreviation"":""TUN""}],""scores"":[23,0],""status"":""C"",""outcome"":""A"",""events"":[]}"
4784,,886,Hajduk Stadium,Split,Croatia,306288000000,306288000000,"Sun 16 Sep 1979, 00:00 GMT",,745,Morocco,MAR,43,Spain,ESP,16,8,C,A,1013,1979 Mediterranean Games,mru,283996800000,1979-01-01,315532799000,1979-12-31,"{""matchId"":4784,""venue"":{""id"":886,""name"":""Hajduk Stadium"",""city"":""Split"",""country"":""Croatia""},""time"":{""millis"":306288000000,""label"":""Sun 16 Sep 1979, 00:00 GMT""},""teams"":[{""id"":745,""name"":""Morocco"",""abbreviation"":""MAR""},{""id"":43,""name"":""Spain"",""abbreviation"":""ESP""}],""scores"":[16,8],""status"":""C"",""outcome"":""A"",""events"":[{""id"":1013,""label"":""1979 Mediterranean Games"",""sport"":""mru"",""start"":{""millis"":283996800000,""label"":""1979-01-01""},""end"":{""millis"":315532799000,""label"":""1979-12-31""}}]}"
11622,,1027,Ulyanov-Lenin Stadium,Kazan,Russian Federation,306288000000,306288000000,"Sun 16 Sep 1979, 00:00 GMT",,1168,USSR,URS,753,Poland,POL,42,6,C,A,1096,1979 Socialisticheskaya Industriya,mru,304992000000,1979-09-01,307583999000,1979-09-30,"{""matchId"":11622,""venue"":{""id"":1027,""name"":""Ulyanov-Lenin Stadium"",""city"":""Kazan"",""country"":""Russian Federation""},""time"":{""millis"":306288000000,""label"":""Sun 16 Sep 1979, 00:00 GMT""},""teams"":[{""id"":1168,""name"":""USSR"",""abbreviation"":""URS""},{""id"":753,""name"":""Poland"",""abbreviation"":""POL""}],""scores"":[42,6],""status"":""C"",""outcome"":""A"",""events"":[{""id"":1096,""label"":""1979 Socialisticheskaya Industriya"",""sport"":""mru"",""start"":{""millis"":304992000000,""label"":""1979-09-01""},""end"":{""millis"":307583999000,""label"":""1979-09-30""}}]}"
3795,,,,,,306460800000,306460800000,"Tue 18 Sep 1979, 00:00 GMT",,41,Italy,ITA,43,Spain,ESP,16,9,C,A,1013,1979 Mediterranean Games,mru,283996800000,1979-01-01,315532799000,1979-12-31,"{""matchId"":3795,""time"":{""millis"":306460800000,""label"":""Tue 18 Sep 1979, 00:00 GMT""},""teams"":[{""id"":41,""name"":""Italy"",""abbreviation"":""ITA""},{""id"":43,""name"":""Spain"",""abbreviation"":""ESP""}],""scores"":[16,9],""status"":""C"",""outcome"":""A"",""events"":[{""id"":1013,""label"":""1979 Mediterranean Games"",""sport"":""mru"",""start"":{""millis"":283996800000,""label"":""1979-01-01""},""end"":{""millis"":315532799000,""label"":""1979-12-31""}}]}"
4632,,,,,,306460800000,306460800000,"Tue 18 Sep 1979, 00:00 GMT",,775,Tunisia,TUN,42,France,FRA,3,104,C,B,,,,,,,,"{""matchId"":4632,""time"":{""millis"":306460800000,""label"":""Tue 18 Sep 1979, 00:00 GMT""},""teams"":[{""id"":775,""name"":""Tunisia"",""abbreviation"":""TUN""},{""id"":42,""name"":""France"",""abbreviation"":""FRA""}],""scores"":[3,104],""status"":""C"",""outcome"":""B"",""events"":[]}"
6600,,,,,,306460800000,306460800000,"Tue 18 Sep 1979, 00:00 GMT",,348,Counties,,40,Argentina,ARG,18,11,C,A,78,1979 Argentina Tour of New Zealand,mru,283996800000,1979-01-01,315532799000,1979-12-31,"{""matchId"":6600,""time"":{""millis"":306460800000,""label"":""Tue 18 Sep 1979, 00:00 GMT""},""teams"":[{""id"":348,""name"":""Counties""},{""id"":40,""name"":""Argentina"",""abbreviation"":""ARG""}],""scores"":[18,11],""status"":""C"",""outcome"":""A"",""events"":[{""id"":78,""label"":""1979 Argentina Tour of New Zealand"",""sport"":""mru"",""start"":{""millis"":283996800000,""label"":""1979-01-01""},""end"":{""millis"":315532799000,""label"":""1979-12-31""}}]}"
6637,,,,,,306547200000,306547200000,"Wed 19 Sep 1979, 00:00 GMT",,3,Cardiff,,50,Canada,CAN,19,8,C,A,769,1979 Canada Tour of UK & France,mru,283996800000,1979-01-01,315532799000,1979-12-31,"{""matchId"":6637,""time"":{""millis"":306547200000,""label"":""Wed 19 Sep 1979, 00:00 GMT""},""teams"":[{""id"":3,""name"":""Cardiff""},{""id"":50,""name"":""Canada"",""abbreviation"":""CAN""}],""scores"":[19,8],""status"":""C"",""outcome"":""A"",""events"":[{""id"":769,""label"":""1979 Canada Tour of UK & France"",""sport"":""mru"",""start"":{""millis"":283996800000,""label"":""1979-01-01""},""end"":{""millis"":315532799000,""label"":""1979-12-31""}}]}"
3794,,,,,,306633600000,306633600000,"Thu 20 Sep 1979, 00:00 GMT",,41,Italy,ITA,745,Morocco,MAR,10,7,C,A,,,,,,,,"{""matchId"":3794,""time"":{""millis"":306633600000,""label"":""Thu 20 Sep 1979, 00:00 GMT""},""teams"":[{""id"":41,""name"":""Italy"",""abbreviation"":""ITA""},{""id"":745,""name"":""Morocco"",""abbreviation"":""MAR""}],""scores"":[10,7],""status"":""C"",""outcome"":""A"",""events"":[]}"
3793,,,,,,306806400000,306806400000,"Sat 22 Sep 1979, 00:00 GMT",,42,France,FRA,41,Italy,ITA,38,12,C,A,,,,,,,,"{""matchId"":3793,""time"":{""millis"":306806400000,""label"":""Sat 22 Sep 1979, 00:00 GMT""},""teams"":[{""id"":42,""name"":""France"",""abbreviation"":""FRA""},{""id"":41,""name"":""Italy"",""abbreviation"":""ITA""}],""scores"":[38,12],""status"":""C"",""outcome"":""A"",""events"":[]}"
4633,,886,Hajduk Stadium,Split,Croatia,306806400000,306806400000,"Sat 22 Sep 1979, 00:00 GMT",,43,Spain,ESP,775,Tunisia,TUN,63,0,C,A,1013,1979 Mediterranean Games,mru,283996800000,1979-01-01,315532799000,1979-12-31,"{""matchId"":4633,""venue"":{""id"":886,""name"":""Hajduk Stadium"",""city"":""Split"",""country"":""Croatia""},""time"":{""millis"":306806400000,""label"":""Sat 22 Sep 1979, 00:00 GMT""},""teams"":[{""id"":43,""name"":""Spain"",""abbreviation"":""ESP""},{""id"":775,""name"":""Tunisia"",""abbreviation"":""TUN""}],""scores"":[63,0],""status"":""C"",""outcome"":""A"",""events"":[{""id"":1013,""label"":""1979 Mediterranean Games"",""sport"":""mru"",""start"":{""millis"":283996800000,""label"":""1979-01-01""},""end"":{""millis"":315532799000,""label"":""1979-12-31""}}]}"
6617,,,,,,306806400000,306806400000,"Sat 22 Sep 1979, 00:00 GMT",,1,Ebbw Vale,,52,Romania,ROM,0,12,C,B,80,1979 Romania Tour of Wales,mru,283996800000,1979-01-01,315532799000,1979-12-31,"{""matchId"":6617,""time"":{""millis"":306806400000,""label"":""Sat 22 Sep 1979, 00:00 GMT""},""teams"":[{""id"":1,""name"":""Ebbw Vale""},{""id"":52,""name"":""Romania"",""abbreviation"":""ROM""}],""scores"":[0,12],""status"":""C"",""outcome"":""B"",""events"":[{""id"":80,""label"":""1979 Romania Tour of Wales"",""sport"":""mru"",""start"":{""millis"":283996800000,""label"":""1979-01-01""},""end"":{""millis"":315532799000,""label"":""1979-12-31""}}]}"
6638,,,,,,306806400000,306806400000,"Sat 22 Sep 1979, 00:00 GMT",,1174,Southern Counties,,50,Canada,CAN,6,6,C,D,769,1979 Canada Tour of UK & France,mru,283996800000,1979-01-01,315532799000,1979-12-31,"{""matchId"":6638,""time"":{""millis"":306806400000,""label"":""Sat 22 Sep 1979, 00:00 GMT""},""teams"":[{""id"":1174,""name"":""Southern Counties""},{""id"":50,""name"":""Canada"",""abbreviation"":""CAN""}],""scores"":[6,6],""status"":""C"",""outcome"":""D"",""events"":[{""id"":769,""label"":""1979 Canada Tour of UK & France"",""sport"":""mru"",""start"":{""millis"":283996800000,""label"":""1979-01-01""},""end"":{""millis"":315532799000,""label"":""1979-12-31""}}]}"
8850,,,,,,306806400000,306806400000,"Sat 22 Sep 1979, 00:00 GMT",,783,Yugoslavia,YUG,745,Morocco,MAR,7,22,C,B,,,,,,,,"{""matchId"":8850,""time"":{""millis"":306806400000,""label"":""Sat 22 Sep 1979, 00:00 GMT""},""teams"":[{""id"":783,""name"":""Yugoslavia"",""abbreviation"":""YUG""},{""id"":745,""name"":""Morocco"",""abbreviation"":""MAR""}],""scores"":[7,22],""status"":""C"",""outcome"":""B"",""events"":[]}"
4497,,,,,,306979200000,306979200000,"Mon 24 Sep 1979, 00:00 GMT",,49,Japan,JPN,13,Cambridge University,,19,28,C,B,,,,,,,,"{""matchId"":4497,""time"":{""millis"":306979200000,""label"":""Mon 24 Sep 1979, 00:00 GMT""},""teams"":[{""id"":49,""name"":""Japan"",""abbreviation"":""JPN""},{""id"":13,""name"":""Cambridge University""}],""scores"":[19,28],""status"":""C"",""outcome"":""B"",""events"":[]}"
6618,,,,,,307152000000,307152000000,"Wed 26 Sep 1979, 00:00 GMT",,6,Pontypridd,,52,Romania,ROM,3,9,C,B,80,1979 Romania Tour of Wales,mru,283996800000,1979-01-01,315532799000,1979-12-31,"{""matchId"":6618,""time"":{""millis"":307152000000,""label"":""Wed 26 Sep 1979, 00:00 GMT""},""teams"":[{""id"":6,""name"":""Pontypridd""},{""id"":52,""name"":""Romania"",""abbreviation"":""ROM""}],""scores"":[3,9],""status"":""C"",""outcome"":""B"",""events"":[{""id"":80,""label"":""1979 Romania Tour of Wales"",""sport"":""mru"",""start"":{""millis"":283996800000,""label"":""1979-01-01""},""end"":{""millis"":315532799000,""label"":""1979-12-31""}}]}"
6639,,,,,,307152000000,307152000000,"Wed 26 Sep 1979, 00:00 GMT",,1201,France B,,50,Canada,CAN,4,14,C,B,769,1979 Canada Tour of UK & France,mru,283996800000,1979-01-01,315532799000,1979-12-31,"{""matchId"":6639,""time"":{""millis"":307152000000,""label"":""Wed 26 Sep 1979, 00:00 GMT""},""teams"":[{""id"":1201,""name"":""France B""},{""id"":50,""name"":""Canada"",""abbreviation"":""CAN""}],""scores"":[4,14],""status"":""C"",""outcome"":""B"",""events"":[{""id"":769,""label"":""1979 Canada Tour of UK & France"",""sport"":""mru"",""start"":{""millis"":283996800000,""label"":""1979-01-01""},""end"":{""millis"":315532799000,""label"":""1979-12-31""}}]}"
3978,,5,Parc des Princes,Paris,France,307411200000,307411200000,"Sat 29 Sep 1979, 00:00 GMT",,1200,France A,,50,Canada,CAN,34,15,C,A,,,,,,,,"{""matchId"":3978,""venue"":{""id"":5,""name"":""Parc des Princes"",""city"":""Paris"",""country"":""France""},""time"":{""millis"":307411200000,""label"":""Sat 29 Sep 1979, 00:00 GMT""},""teams"":[{""id"":1200,""name"":""France A""},{""id"":50,""name"":""Canada"",""abbreviation"":""CAN""}],""scores"":[34,15],""status"":""C"",""outcome"":""A"",""events"":[]}"
5193,,,,,,307411200000,307411200000,"Sat 29 Sep 1979, 00:00 GMT",,1211,Czechoslovakia,TCH,699,Belgium,BEL,44,9,C,A,,,,,,,,"{""matchId"":5193,""time"":{""millis"":307411200000,""label"":""Sat 29 Sep 1979, 00:00 GMT""},""teams"":[{""id"":1211,""name"":""Czechoslovakia"",""abbreviation"":""TCH""},{""id"":699,""name"":""Belgium"",""abbreviation"":""BEL""}],""scores"":[44,9],""status"":""C"",""outcome"":""A"",""events"":[]}"
6619,,,,,,307411200000,307411200000,"Sat 29 Sep 1979, 00:00 GMT",,1887,North Wales,,52,Romania,ROM,15,38,C,B,80,1979 Romania Tour of Wales,mru,283996800000,1979-01-01,315532799000,1979-12-31,"{""matchId"":6619,""time"":{""millis"":307411200000,""label"":""Sat 29 Sep 1979, 00:00 GMT""},""teams"":[{""id"":1887,""name"":""North Wales""},{""id"":52,""name"":""Romania"",""abbreviation"":""ROM""}],""scores"":[15,38],""status"":""C"",""outcome"":""B"",""events"":[{""id"":80,""label"":""1979 Romania Tour of Wales"",""sport"":""mru"",""start"":{""millis"":283996800000,""label"":""1979-01-01""},""end"":{""millis"":315532799000,""label"":""1979-12-31""}}]}"
6640,,,,,,307411200000,307411200000,"Sat 29 Sep 1979, 00:00 GMT",,1200,France A,,50,Canada,CAN,34,15,C,A,769,1979 Canada Tour of UK & France,mru,283996800000,1979-01-01,315532799000,1979-12-31,"{""matchId"":6640,""time"":{""millis"":307411200000,""label"":""Sat 29 Sep 1979, 00:00 GMT""},""teams"":[{""id"":1200,""name"":""France A""},{""id"":50,""name"":""Canada"",""abbreviation"":""CAN""}],""scores"":[34,15],""status"":""C"",""outcome"":""A"",""events"":[{""id"":769,""label"":""1979 Canada Tour of UK & France"",""sport"":""mru"",""start"":{""millis"":283996800000,""label"":""1979-01-01""},""end"":{""millis"":315532799000,""label"":""1979-12-31""}}]}"
3792,,,,,,307497600000,307497600000,"Sun 30 Sep 1979, 00:00 GMT",,753,Poland,POL,41,Italy,ITA,3,13,C,B,,,,,,,,"{""matchId"":3792,""time"":{""millis"":307497600000,""label"":""Sun 30 Sep 1979, 00:00 GMT""},""teams"":[{""id"":753,""name"":""Poland"",""abbreviation"":""POL""},{""id"":41,""name"":""Italy"",""abbreviation"":""ITA""}],""scores"":[3,13],""status"":""C"",""outcome"":""B"",""events"":[]}"
6620,,,,,,307670400000,307670400000,"Tue 2 Oct 1979, 00:00 GMT",,1216,West Wales,,52,Romania,ROM,11,15,C,B,80,1979 Romania Tour of Wales,mru,283996800000,1979-01-01,315532799000,1979-12-31,"{""matchId"":6620,""time"":{""millis"":307670400000,""label"":""Tue 2 Oct 1979, 00:00 GMT""},""teams"":[{""id"":1216,""name"":""West Wales""},{""id"":52,""name"":""Romania"",""abbreviation"":""ROM""}],""scores"":[11,15],""status"":""C"",""outcome"":""B"",""events"":[{""id"":80,""label"":""1979 Romania Tour of Wales"",""sport"":""mru"",""start"":{""millis"":283996800000,""label"":""1979-01-01""},""end"":{""millis"":315532799000,""label"":""1979-12-31""}}]}"
3267,,320,Stade Franais,Santiago,Chile,307843200000,307843200000,"Thu 4 Oct 1979, 00:00 GMT",,40,Argentina,ARG,68,Uruguay,URU,19,16,C,A,417,1979 South American Championship,mru,283996800000,1979-01-01,315532799000,1979-12-31,"{""matchId"":3267,""venue"":{""id"":320,""name"":""Stade Franais"",""city"":""Santiago"",""country"":""Chile""},""time"":{""millis"":307843200000,""label"":""Thu 4 Oct 1979, 00:00 GMT""},""teams"":[{""id"":40,""name"":""Argentina"",""abbreviation"":""ARG""},{""id"":68,""name"":""Uruguay"",""abbreviation"":""URU""}],""scores"":[19,16],""status"":""C"",""outcome"":""A"",""events"":[{""id"":417,""label"":""1979 South American Championship"",""sport"":""mru"",""start"":{""millis"":283996800000,""label"":""1979-01-01""},""end"":{""millis"":315532799000,""label"":""1979-12-31""}}]}"
8852,,320,Stade Franais,Santiago,Chile,307843200000,307843200000,"Thu 4 Oct 1979, 00:00 GMT",,708,Chile,CHL,751,Paraguay,PAR,27,13,C,A,417,1979 South American Championship,mru,283996800000,1979-01-01,315532799000,1979-12-31,"{""matchId"":8852,""venue"":{""id"":320,""name"":""Stade Franais"",""city"":""Santiago"",""country"":""Chile""},""time"":{""millis"":307843200000,""label"":""Thu 4 Oct 1979, 00:00 GMT""},""teams"":[{""id"":708,""name"":""Chile"",""abbreviation"":""CHL""},{""id"":751,""name"":""Paraguay"",""abbreviation"":""PAR""}],""scores"":[27,13],""status"":""C"",""outcome"":""A"",""events"":[{""id"":417,""label"":""1979 South American Championship"",""sport"":""mru"",""start"":{""millis"":283996800000,""label"":""1979-01-01""},""end"":{""millis"":315532799000,""label"":""1979-12-31""}}]}"
3266,,320,Stade Franais,Santiago,Chile,308016000000,308016000000,"Sat 6 Oct 1979, 00:00 GMT",5000,40,Argentina,ARG,708,Chile,CHL,34,15,C,A,417,1979 South American Championship,mru,283996800000,1979-01-01,315532799000,1979-12-31,"{""matchId"":3266,""venue"":{""id"":320,""name"":""Stade Franais"",""city"":""Santiago"",""country"":""Chile""},""time"":{""millis"":308016000000,""label"":""Sat 6 Oct 1979, 00:00 GMT""},""attendance"":5000,""teams"":[{""id"":40,""name"":""Argentina"",""abbreviation"":""ARG""},{""id"":708,""name"":""Chile"",""abbreviation"":""CHL""}],""scores"":[34,15],""status"":""C"",""outcome"":""A"",""events"":[{""id"":417,""label"":""1979 South American Championship"",""sport"":""mru"",""start"":{""millis"":283996800000,""label"":""1979-01-01""},""end"":{""millis"":315532799000,""label"":""1979-12-31""}}]}"
4424,,320,Stade Franais,Santiago,Chile,308016000000,308016000000,"Sat 6 Oct 1979, 00:00 GMT",,68,Uruguay,URU,703,Brazil,BRA,48,0,C,A,417,1979 South American Championship,mru,283996800000,1979-01-01,315532799000,1979-12-31,"{""matchId"":4424,""venue"":{""id"":320,""name"":""Stade Franais"",""city"":""Santiago"",""country"":""Chile""},""time"":{""millis"":308016000000,""label"":""Sat 6 Oct 1979, 00:00 GMT""},""teams"":[{""id"":68,""name"":""Uruguay"",""abbreviation"":""URU""},{""id"":703,""name"":""Brazil"",""abbreviation"":""BRA""}],""scores"":[48,0],""status"":""C"",""outcome"":""A"",""events"":[{""id"":417,""label"":""1979 South American Championship"",""sport"":""mru"",""start"":{""millis"":283996800000,""label"":""1979-01-01""},""end"":{""millis"":315532799000,""label"":""1979-12-31""}}]}"
2756,,2,Cardiff Arms Park,Cardiff,Wales,308070000000,308070000000,"Sat 6 Oct 1979, 15:00 GMT",39000,33,Wales,WAL,52,Romania,ROM,13,12,C,A,80,1979 Romania Tour of Wales,mru,283996800000,1979-01-01,315532799000,1979-12-31,"{""matchId"":2756,""venue"":{""id"":2,""name"":""Cardiff Arms Park"",""city"":""Cardiff"",""country"":""Wales""},""time"":{""millis"":308070000000,""label"":""Sat 6 Oct 1979, 15:00 GMT""},""attendance"":39000,""teams"":[{""id"":33,""name"":""Wales"",""abbreviation"":""WAL""},{""id"":52,""name"":""Romania"",""abbreviation"":""ROM""}],""scores"":[13,12],""status"":""C"",""outcome"":""A"",""events"":[{""id"":80,""label"":""1979 Romania Tour of Wales"",""sport"":""mru"",""start"":{""millis"":283996800000,""label"":""1979-01-01""},""end"":{""millis"":315532799000,""label"":""1979-12-31""}}]}"
3265,,367,Estadio Sausalito,Via Del Mar,Chile,308102400000,308102400000,"Sun 7 Oct 1979, 00:00 GMT",,40,Argentina,ARG,751,Paraguay,PAR,76,13,C,A,417,1979 South American Championship,mru,283996800000,1979-01-01,315532799000,1979-12-31,"{""matchId"":3265,""venue"":{""id"":367,""name"":""Estadio Sausalito"",""city"":""Via Del Mar"",""country"":""Chile""},""time"":{""millis"":308102400000,""label"":""Sun 7 Oct 1979, 00:00 GMT""},""teams"":[{""id"":40,""name"":""Argentina"",""abbreviation"":""ARG""},{""id"":751,""name"":""Paraguay"",""abbreviation"":""PAR""}],""scores"":[76,13],""status"":""C"",""outcome"":""A"",""events"":[{""id"":417,""label"":""1979 South American Championship"",""sport"":""mru"",""start"":{""millis"":283996800000,""label"":""1979-01-01""},""end"":{""millis"":315532799000,""label"":""1979-12-31""}}]}"
8851,,367,Estadio Sausalito,Via Del Mar,Chile,308102400000,308102400000,"Sun 7 Oct 1979, 00:00 GMT",,708,Chile,CHL,703,Brazil,BRA,53,6,C,A,417,1979 South American Championship,mru,283996800000,1979-01-01,315532799000,1979-12-31,"{""matchId"":8851,""venue"":{""id"":367,""name"":""Estadio Sausalito"",""city"":""Via Del Mar"",""country"":""Chile""},""time"":{""millis"":308102400000,""label"":""Sun 7 Oct 1979, 00:00 GMT""},""teams"":[{""id"":708,""name"":""Chile"",""abbreviation"":""CHL""},{""id"":703,""name"":""Brazil"",""abbreviation"":""BRA""}],""scores"":[53,6],""status"":""C"",""outcome"":""A"",""events"":[{""id"":417,""label"":""1979 South American Championship"",""sport"":""mru"",""start"":{""millis"":283996800000,""label"":""1979-01-01""},""end"":{""millis"":315532799000,""label"":""1979-12-31""}}]}"
3264,,320,Stade Franais,Santiago,Chile,308275200000,308275200000,"Tue 9 Oct 1979, 00:00 GMT",,40,Argentina,ARG,703,Brazil,BRA,109,3,C,A,417,1979 South American Championship,mru,283996800000,1979-01-01,315532799000,1979-12-31,"{""matchId"":3264,""venue"":{""id"":320,""name"":""Stade Franais"",""city"":""Santiago"",""country"":""Chile""},""time"":{""millis"":308275200000,""label"":""Tue 9 Oct 1979, 00:00 GMT""},""teams"":[{""id"":40,""name"":""Argentina"",""abbreviation"":""ARG""},{""id"":703,""name"":""Brazil"",""abbreviation"":""BRA""}],""scores"":[109,3],""status"":""C"",""outcome"":""A"",""events"":[{""id"":417,""label"":""1979 South American Championship"",""sport"":""mru"",""start"":{""millis"":283996800000,""label"":""1979-01-01""},""end"":{""millis"":315532799000,""label"":""1979-12-31""}}]}"
4427,,,,,,308275200000,308275200000,"Tue 9 Oct 1979, 00:00 GMT",,751,Paraguay,PAR,68,Uruguay,URU,9,53,C,B,417,1979 South American Championship,mru,283996800000,1979-01-01,315532799000,1979-12-31,"{""matchId"":4427,""time"":{""millis"":308275200000,""label"":""Tue 9 Oct 1979, 00:00 GMT""},""teams"":[{""id"":751,""name"":""Paraguay"",""abbreviation"":""PAR""},{""id"":68,""name"":""Uruguay"",""abbreviation"":""URU""}],""scores"":[9,53],""status"":""C"",""outcome"":""B"",""events"":[{""id"":417,""label"":""1979 South American Championship"",""sport"":""mru"",""start"":{""millis"":283996800000,""label"":""1979-01-01""},""end"":{""millis"":315532799000,""label"":""1979-12-31""}}]}"
4426,,320,Stade Franais,Santiago,Chile,308534400000,308534400000,"Fri 12 Oct 1979, 00:00 GMT",,708,Chile,CHL,68,Uruguay,URU,9,9,C,D,417,1979 South American Championship,mru,283996800000,1979-01-01,315532799000,1979-12-31,"{""matchId"":4426,""venue"":{""id"":320,""name"":""Stade Franais"",""city"":""Santiago"",""country"":""Chile""},""time"":{""millis"":308534400000,""label"":""Fri 12 Oct 1979, 00:00 GMT""},""teams"":[{""id"":708,""name"":""Chile"",""abbreviation"":""CHL""},{""id"":68,""name"":""Uruguay"",""abbreviation"":""URU""}],""scores"":[9,9],""status"":""C"",""outcome"":""D"",""events"":[{""id"":417,""label"":""1979 South American Championship"",""sport"":""mru"",""start"":{""millis"":283996800000,""label"":""1979-01-01""},""end"":{""millis"":315532799000,""label"":""1979-12-31""}}]}"
6641,,,,,,308620800000,308620800000,"Sat 13 Oct 1979, 00:00 GMT",,885,San Isidro,,38,Australia,AUS,12,17,C,B,595,1979 Australia Tour of Argentina,mru,283996800000,1979-01-01,315532799000,1979-12-31,"{""matchId"":6641,""time"":{""millis"":308620800000,""label"":""Sat 13 Oct 1979, 00:00 GMT""},""teams"":[{""id"":885,""name"":""San Isidro""},{""id"":38,""name"":""Australia"",""abbreviation"":""AUS""}],""scores"":[12,17],""status"":""C"",""outcome"":""B"",""events"":[{""id"":595,""label"":""1979 Australia Tour of Argentina"",""sport"":""mru"",""start"":{""millis"":283996800000,""label"":""1979-01-01""},""end"":{""millis"":315532799000,""label"":""1979-12-31""}}]}"
6643,,,,,,308880000000,308880000000,"Tue 16 Oct 1979, 00:00 GMT",,1163,Interior Selection,,38,Australia,AUS,12,47,C,B,595,1979 Australia Tour of Argentina,mru,283996800000,1979-01-01,315532799000,1979-12-31,"{""matchId"":6643,""time"":{""millis"":308880000000,""label"":""Tue 16 Oct 1979, 00:00 GMT""},""teams"":[{""id"":1163,""name"":""Interior Selection""},{""id"":38,""name"":""Australia"",""abbreviation"":""AUS""}],""scores"":[12,47],""status"":""C"",""outcome"":""B"",""events"":[{""id"":595,""label"":""1979 Australia Tour of Argentina"",""sport"":""mru"",""start"":{""millis"":283996800000,""label"":""1979-01-01""},""end"":{""millis"":315532799000,""label"":""1979-12-31""}}]}"
6645,,,,,,309225600000,309225600000,"Sat 20 Oct 1979, 00:00 GMT",,834,Buenos Aires,,38,Australia,AUS,6,22,C,B,595,1979 Australia Tour of Argentina,mru,283996800000,1979-01-01,315532799000,1979-12-31,"{""matchId"":6645,""time"":{""millis"":309225600000,""label"":""Sat 20 Oct 1979, 00:00 GMT""},""teams"":[{""id"":834,""name"":""Buenos Aires""},{""id"":38,""name"":""Australia"",""abbreviation"":""AUS""}],""scores"":[6,22],""status"":""C"",""outcome"":""B"",""events"":[{""id"":595,""label"":""1979 Australia Tour of Argentina"",""sport"":""mru"",""start"":{""millis"":283996800000,""label"":""1979-01-01""},""end"":{""millis"":315532799000,""label"":""1979-12-31""}}]}"
8853,,,,,,309225600000,309225600000,"Sat 20 Oct 1979, 00:00 GMT",,769,Sweden,SWE,1166,West Germany,FRG,4,10,C,B,,,,,,,,"{""matchId"":8853,""time"":{""millis"":309225600000,""label"":""Sat 20 Oct 1979, 00:00 GMT""},""teams"":[{""id"":769,""name"":""Sweden"",""abbreviation"":""SWE""},{""id"":1166,""name"":""West Germany"",""abbreviation"":""FRG""}],""scores"":[4,10],""status"":""C"",""outcome"":""B"",""events"":[]}"
6647,,,,,,309484800000,309484800000,"Tue 23 Oct 1979, 00:00 GMT",,836,Rosario,,38,Australia,AUS,13,21,C,B,595,1979 Australia Tour of Argentina,mru,283996800000,1979-01-01,315532799000,1979-12-31,"{""matchId"":6647,""time"":{""millis"":309484800000,""label"":""Tue 23 Oct 1979, 00:00 GMT""},""teams"":[{""id"":836,""name"":""Rosario""},{""id"":38,""name"":""Australia"",""abbreviation"":""AUS""}],""scores"":[13,21],""status"":""C"",""outcome"":""B"",""events"":[{""id"":595,""label"":""1979 Australia Tour of Argentina"",""sport"":""mru"",""start"":{""millis"":283996800000,""label"":""1979-01-01""},""end"":{""millis"":315532799000,""label"":""1979-12-31""}}]}"
6531,,,,,,309571200000,309571200000,"Wed 24 Oct 1979, 00:00 GMT",,1939,London Division,,37,New Zealand,NZL,18,21,C,B,79,"1979 New Zealand Tour of England, Scotland & Italy",mru,283996800000,1979-01-01,315532799000,1979-12-31,"{""matchId"":6531,""time"":{""millis"":309571200000,""label"":""Wed 24 Oct 1979, 00:00 GMT""},""teams"":[{""id"":1939,""name"":""London Division""},{""id"":37,""name"":""New Zealand"",""abbreviation"":""NZL""}],""scores"":[18,21],""status"":""C"",""outcome"":""B"",""events"":[{""id"":79,""label"":""1979 New Zealand Tour of England, Scotland & Italy"",""sport"":""mru"",""start"":{""millis"":283996800000,""label"":""1979-01-01""},""end"":{""millis"":315532799000,""label"":""1979-12-31""}}]}"
1558,,97,Ferro Carril Oeste Stadium,Buenos Aires,Argentina,309830400000,309830400000,"Sat 27 Oct 1979, 00:00 GMT",25000,40,Argentina,ARG,38,Australia,AUS,24,13,C,A,595,1979 Australia Tour of Argentina,mru,283996800000,1979-01-01,315532799000,1979-12-31,"{""matchId"":1558,""venue"":{""id"":97,""name"":""Ferro Carril Oeste Stadium"",""city"":""Buenos Aires"",""country"":""Argentina""},""time"":{""millis"":309830400000,""label"":""Sat 27 Oct 1979, 00:00 GMT""},""attendance"":25000,""teams"":[{""id"":40,""name"":""Argentina"",""abbreviation"":""ARG""},{""id"":38,""name"":""Australia"",""abbreviation"":""AUS""}],""scores"":[24,13],""status"":""C"",""outcome"":""A"",""events"":[{""id"":595,""label"":""1979 Australia Tour of Argentina"",""sport"":""mru"",""start"":{""millis"":283996800000,""label"":""1979-01-01""},""end"":{""millis"":315532799000,""label"":""1979-12-31""}}]}"
6533,,,,,,309830400000,309830400000,"Sat 27 Oct 1979, 00:00 GMT",,1729,South of Scotland,,37,New Zealand,NZL,3,19,C,B,79,"1979 New Zealand Tour of England, Scotland & Italy",mru,283996800000,1979-01-01,315532799000,1979-12-31,"{""matchId"":6533,""time"":{""millis"":309830400000,""label"":""Sat 27 Oct 1979, 00:00 GMT""},""teams"":[{""id"":1729,""name"":""South of Scotland""},{""id"":37,""name"":""New Zealand"",""abbreviation"":""NZL""}],""scores"":[3,19],""status"":""C"",""outcome"":""B"",""events"":[{""id"":79,""label"":""1979 New Zealand Tour of England, Scotland & Italy"",""sport"":""mru"",""start"":{""millis"":283996800000,""label"":""1979-01-01""},""end"":{""millis"":315532799000,""label"":""1979-12-31""}}]}"
3791,,454,Fili Stadium,Moscow,Russian Federation,309916800000,309916800000,"Sun 28 Oct 1979, 00:00 GMT",3500,1168,USSR,URS,41,Italy,ITA,9,0,C,A,831,1979 Federation Internationale de Rugby Amateur Championship,mru,283996800000,1979-01-01,315532799000,1979-12-31,"{""matchId"":3791,""eventPhase"":""A"",""venue"":{""id"":454,""name"":""Fili Stadium"",""city"":""Moscow"",""country"":""Russian Federation""},""time"":{""millis"":309916800000,""label"":""Sun 28 Oct 1979, 00:00 GMT""},""attendance"":3500,""teams"":[{""id"":1168,""name"":""USSR"",""abbreviation"":""URS""},{""id"":41,""name"":""Italy"",""abbreviation"":""ITA""}],""scores"":[9,0],""status"":""C"",""outcome"":""A"",""events"":[{""id"":831,""label"":""1979 Federation Internationale de Rugby Amateur Championship"",""sport"":""mru"",""start"":{""millis"":283996800000,""label"":""1979-01-01""},""end"":{""millis"":315532799000,""label"":""1979-12-31""}}]}"
6653,,,,,,310089600000,310089600000,"Tue 30 Oct 1979, 00:00 GMT",,1151,Cuyo,,38,Australia,AUS,4,43,C,B,595,1979 Australia Tour of Argentina,mru,283996800000,1979-01-01,315532799000,1979-12-31,"{""matchId"":6653,""time"":{""millis"":310089600000,""label"":""Tue 30 Oct 1979, 00:00 GMT""},""teams"":[{""id"":1151,""name"":""Cuyo""},{""id"":38,""name"":""Australia"",""abbreviation"":""AUS""}],""scores"":[4,43],""status"":""C"",""outcome"":""B"",""events"":[{""id"":595,""label"":""1979 Australia Tour of Argentina"",""sport"":""mru"",""start"":{""millis"":283996800000,""label"":""1979-01-01""},""end"":{""millis"":315532799000,""label"":""1979-12-31""}}]}"
6534,,539,Myreside,Edinburgh,Scotland,310176000000,310176000000,"Wed 31 Oct 1979, 00:00 GMT",,1751,Edinburgh,,37,New Zealand,NZL,4,16,C,B,79,"1979 New Zealand Tour of England, Scotland & Italy",mru,283996800000,1979-01-01,315532799000,1979-12-31,"{""matchId"":6534,""venue"":{""id"":539,""name"":""Myreside"",""city"":""Edinburgh"",""country"":""Scotland""},""time"":{""millis"":310176000000,""label"":""Wed 31 Oct 1979, 00:00 GMT""},""teams"":[{""id"":1751,""name"":""Edinburgh""},{""id"":37,""name"":""New Zealand"",""abbreviation"":""NZL""}],""scores"":[4,16],""status"":""C"",""outcome"":""B"",""events"":[{""id"":79,""label"":""1979 New Zealand Tour of England, Scotland & Italy"",""sport"":""mru"",""start"":{""millis"":283996800000,""label"":""1979-01-01""},""end"":{""millis"":315532799000,""label"":""1979-12-31""}}]}"
8854,,,,,,310262400000,310262400000,"Thu 1 Nov 1979, 00:00 GMT",,703,Brazil,BRA,751,Paraguay,PAR,16,6,C,A,,,,,,,,"{""matchId"":8854,""time"":{""millis"":310262400000,""label"":""Thu 1 Nov 1979, 00:00 GMT""},""teams"":[{""id"":703,""name"":""Brazil"",""abbreviation"":""BRA""},{""id"":751,""name"":""Paraguay"",""abbreviation"":""PAR""}],""scores"":[16,6],""status"":""C"",""outcome"":""A"",""events"":[]}"
1559,,97,Ferro Carril Oeste Stadium,Buenos Aires,Argentina,310435200000,310435200000,"Sat 3 Nov 1979, 00:00 GMT",30000,40,Argentina,ARG,38,Australia,AUS,12,17,C,B,595,1979 Australia Tour of Argentina,mru,283996800000,1979-01-01,315532799000,1979-12-31,"{""matchId"":1559,""venue"":{""id"":97,""name"":""Ferro Carril Oeste Stadium"",""city"":""Buenos Aires"",""country"":""Argentina""},""time"":{""millis"":310435200000,""label"":""Sat 3 Nov 1979, 00:00 GMT""},""attendance"":30000,""teams"":[{""id"":40,""name"":""Argentina"",""abbreviation"":""ARG""},{""id"":38,""name"":""Australia"",""abbreviation"":""AUS""}],""scores"":[12,17],""status"":""C"",""outcome"":""B"",""events"":[{""id"":595,""label"":""1979 Australia Tour of Argentina"",""sport"":""mru"",""start"":{""millis"":283996800000,""label"":""1979-01-01""},""end"":{""millis"":315532799000,""label"":""1979-12-31""}}]}"
6535,,,,,,310435200000,310435200000,"Sat 3 Nov 1979, 00:00 GMT",,1747,Midland Division,,37,New Zealand,NZL,7,33,C,B,79,"1979 New Zealand Tour of England, Scotland & Italy",mru,283996800000,1979-01-01,315532799000,1979-12-31,"{""matchId"":6535,""time"":{""millis"":310435200000,""label"":""Sat 3 Nov 1979, 00:00 GMT""},""teams"":[{""id"":1747,""name"":""Midland Division""},{""id"":37,""name"":""New Zealand"",""abbreviation"":""NZL""}],""scores"":[7,33],""status"":""C"",""outcome"":""B"",""events"":[{""id"":79,""label"":""1979 New Zealand Tour of England, Scotland & Italy"",""sport"":""mru"",""start"":{""millis"":283996800000,""label"":""1979-01-01""},""end"":{""millis"":315532799000,""label"":""1979-12-31""}}]}"
8855,,,,,,310521600000,310521600000,"Sun 4 Nov 1979, 00:00 GMT",,64,Netherlands,NED,769,Sweden,SWE,12,0,C,A,,,,,,,,"{""matchId"":8855,""time"":{""millis"":310521600000,""label"":""Sun 4 Nov 1979, 00:00 GMT""},""teams"":[{""id"":64,""name"":""Netherlands"",""abbreviation"":""NED""},{""id"":769,""name"":""Sweden"",""abbreviation"":""SWE""}],""scores"":[12,0],""status"":""C"",""outcome"":""A"",""events"":[]}"
6536,,557,Hughenden,Glasgow,Scotland,310694400000,310694400000,"Tue 6 Nov 1979, 00:00 GMT",,1936,Glasgow,,37,New Zealand,NZL,6,12,C,B,79,"1979 New Zealand Tour of England, Scotland & Italy",mru,283996800000,1979-01-01,315532799000,1979-12-31,"{""matchId"":6536,""venue"":{""id"":557,""name"":""Hughenden"",""city"":""Glasgow"",""country"":""Scotland""},""time"":{""millis"":310694400000,""label"":""Tue 6 Nov 1979, 00:00 GMT""},""teams"":[{""id"":1936,""name"":""Glasgow""},{""id"":37,""name"":""New Zealand"",""abbreviation"":""NZL""}],""scores"":[6,12],""status"":""C"",""outcome"":""B"",""events"":[{""id"":79,""label"":""1979 New Zealand Tour of England, Scotland & Italy"",""sport"":""mru"",""start"":{""millis"":283996800000,""label"":""1979-01-01""},""end"":{""millis"":315532799000,""label"":""1979-12-31""}}]}"
1803,,7,Murrayfield,Edinburgh,Scotland,311090400000,311090400000,"Sat 10 Nov 1979, 14:00 GMT",70000,35,Scotland,SCO,37,New Zealand,NZL,6,20,C,B,79,"1979 New Zealand Tour of England, Scotland & Italy",mru,283996800000,1979-01-01,315532799000,1979-12-31,"{""matchId"":1803,""venue"":{""id"":7,""name"":""Murrayfield"",""city"":""Edinburgh"",""country"":""Scotland""},""time"":{""millis"":311090400000,""label"":""Sat 10 Nov 1979, 14:00 GMT""},""attendance"":70000,""teams"":[{""id"":35,""name"":""Scotland"",""abbreviation"":""SCO""},{""id"":37,""name"":""New Zealand"",""abbreviation"":""NZL""}],""scores"":[6,20],""status"":""C"",""outcome"":""B"",""events"":[{""id"":79,""label"":""1979 New Zealand Tour of England, Scotland & Italy"",""sport"":""mru"",""start"":{""millis"":283996800000,""label"":""1979-01-01""},""end"":{""millis"":315532799000,""label"":""1979-12-31""}}]}"
5195,,,,,,311126400000,311126400000,"Sun 11 Nov 1979, 00:00 GMT",,1166,West Germany,FRG,1211,Czechoslovakia,TCH,6,27,C,B,,,,,,,,"{""matchId"":5195,""time"":{""millis"":311126400000,""label"":""Sun 11 Nov 1979, 00:00 GMT""},""teams"":[{""id"":1166,""name"":""West Germany"",""abbreviation"":""FRG""},{""id"":1211,""name"":""Czechoslovakia"",""abbreviation"":""TCH""}],""scores"":[6,27],""status"":""C"",""outcome"":""B"",""events"":[]}"
6540,,,,,,311385600000,311385600000,"Wed 14 Nov 1979, 00:00 GMT",,1937,Anglo-Scots,,37,New Zealand,NZL,9,18,C,B,79,"1979 New Zealand Tour of England, Scotland & Italy",mru,283996800000,1979-01-01,315532799000,1979-12-31,"{""matchId"":6540,""time"":{""millis"":311385600000,""label"":""Wed 14 Nov 1979, 00:00 GMT""},""teams"":[{""id"":1937,""name"":""Anglo-Scots""},{""id"":37,""name"":""New Zealand"",""abbreviation"":""NZL""}],""scores"":[9,18],""status"":""C"",""outcome"":""B"",""events"":[{""id"":79,""label"":""1979 New Zealand Tour of England, Scotland & Italy"",""sport"":""mru"",""start"":{""millis"":283996800000,""label"":""1979-01-01""},""end"":{""millis"":315532799000,""label"":""1979-12-31""}}]}"
6541,,,,,,311644800000,311644800000,"Sat 17 Nov 1979, 00:00 GMT",,1745,Northern Division,,37,New Zealand,NZL,21,9,C,A,79,"1979 New Zealand Tour of England, Scotland & Italy",mru,283996800000,1979-01-01,315532799000,1979-12-31,"{""matchId"":6541,""time"":{""millis"":311644800000,""label"":""Sat 17 Nov 1979, 00:00 GMT""},""teams"":[{""id"":1745,""name"":""Northern Division""},{""id"":37,""name"":""New Zealand"",""abbreviation"":""NZL""}],""scores"":[21,9],""status"":""C"",""outcome"":""A"",""events"":[{""id"":79,""label"":""1979 New Zealand Tour of England, Scotland & Italy"",""sport"":""mru"",""start"":{""millis"":283996800000,""label"":""1979-01-01""},""end"":{""millis"":315532799000,""label"":""1979-12-31""}}]}"
2755,,277,Stadionul Giulesti,Bucuresti,Romania,311779800000,311779800000,"Sun 18 Nov 1979, 13:30 GMT",,52,Romania,ROM,753,Poland,POL,49,15,C,A,831,1979 Federation Internationale de Rugby Amateur Championship,mru,283996800000,1979-01-01,315532799000,1979-12-31,"{""matchId"":2755,""eventPhase"":""C"",""venue"":{""id"":277,""name"":""Stadionul Giulesti"",""city"":""Bucuresti"",""country"":""Romania""},""time"":{""millis"":311779800000,""label"":""Sun 18 Nov 1979, 13:30 GMT""},""teams"":[{""id"":52,""name"":""Romania"",""abbreviation"":""ROM""},{""id"":753,""name"":""Poland"",""abbreviation"":""POL""}],""scores"":[49,15],""status"":""C"",""outcome"":""A"",""events"":[{""id"":831,""label"":""1979 Federation Internationale de Rugby Amateur Championship"",""sport"":""mru"",""start"":{""millis"":283996800000,""label"":""1979-01-01""},""end"":{""millis"":315532799000,""label"":""1979-12-31""}}]}"
6542,,,,,,311904000000,311904000000,"Tue 20 Nov 1979, 00:00 GMT",,1940,South & South West Division,,37,New Zealand,NZL,0,16,C,B,79,"1979 New Zealand Tour of England, Scotland & Italy",mru,283996800000,1979-01-01,315532799000,1979-12-31,"{""matchId"":6542,""time"":{""millis"":311904000000,""label"":""Tue 20 Nov 1979, 00:00 GMT""},""teams"":[{""id"":1940,""name"":""South & South West Division""},{""id"":37,""name"":""New Zealand"",""abbreviation"":""NZL""}],""scores"":[0,16],""status"":""C"",""outcome"":""B"",""events"":[{""id"":79,""label"":""1979 New Zealand Tour of England, Scotland & Italy"",""sport"":""mru"",""start"":{""millis"":283996800000,""label"":""1979-01-01""},""end"":{""millis"":315532799000,""label"":""1979-12-31""}}]}"
1022,,3,Twickenham,London,England,312301800000,312301800000,"Sat 24 Nov 1979, 14:30 GMT",70000,34,England,ENG,37,New Zealand,NZL,9,10,C,B,79,"1979 New Zealand Tour of England, Scotland & Italy",mru,283996800000,1979-01-01,315532799000,1979-12-31,"{""matchId"":1022,""venue"":{""id"":3,""name"":""Twickenham"",""city"":""London"",""country"":""England""},""time"":{""millis"":312301800000,""label"":""Sat 24 Nov 1979, 14:30 GMT""},""attendance"":70000,""teams"":[{""id"":34,""name"":""England"",""abbreviation"":""ENG""},{""id"":37,""name"":""New Zealand"",""abbreviation"":""NZL""}],""scores"":[9,10],""status"":""C"",""outcome"":""B"",""events"":[{""id"":79,""label"":""1979 New Zealand Tour of England, Scotland & Italy"",""sport"":""mru"",""start"":{""millis"":283996800000,""label"":""1979-01-01""},""end"":{""millis"":315532799000,""label"":""1979-12-31""}}]}"
4786,,,,,,312336000000,312336000000,"Sun 25 Nov 1979, 00:00 GMT",1000,1166,West Germany,FRG,43,Spain,ESP,0,13,C,B,,,,,,,,"{""matchId"":4786,""time"":{""millis"":312336000000,""label"":""Sun 25 Nov 1979, 00:00 GMT""},""attendance"":1000,""teams"":[{""id"":1166,""name"":""West Germany"",""abbreviation"":""FRG""},{""id"":43,""name"":""Spain"",""abbreviation"":""ESP""}],""scores"":[0,13],""status"":""C"",""outcome"":""B"",""events"":[]}"
10485,,,,,,312336000000,312336000000,"Sun 25 Nov 1979, 00:00 GMT",,745,Morocco,MAR,1168,USSR,URS,3,11,C,B,832,1980 Federation Internationale de Rugby Amateur Championship,mru,315532800000,1980-01-01,347155199000,1980-12-31,"{""matchId"":10485,""eventPhase"":""A"",""time"":{""millis"":312336000000,""label"":""Sun 25 Nov 1979, 00:00 GMT""},""teams"":[{""id"":745,""name"":""Morocco"",""abbreviation"":""MAR""},{""id"":1168,""name"":""USSR"",""abbreviation"":""URS""}],""scores"":[3,11],""status"":""C"",""outcome"":""B"",""events"":[{""id"":832,""label"":""1980 Federation Internationale de Rugby Amateur Championship"",""sport"":""mru"",""start"":{""millis"":315532800000,""label"":""1980-01-01""},""end"":{""millis"":347155199000,""label"":""1980-12-31""}}]}"
3790,,98,Stadio Mario Battaglini,Rovigo,Italy,312648300000,312648300000,"Wed 28 Nov 1979, 14:45 GMT",,41,Italy,ITA,37,New Zealand,NZL,12,18,C,B,79,"1979 New Zealand Tour of England, Scotland & Italy",mru,283996800000,1979-01-01,315532799000,1979-12-31,"{""matchId"":3790,""venue"":{""id"":98,""name"":""Stadio Mario Battaglini"",""city"":""Rovigo"",""country"":""Italy""},""time"":{""millis"":312648300000,""label"":""Wed 28 Nov 1979, 14:45 GMT""},""teams"":[{""id"":41,""name"":""Italy"",""abbreviation"":""ITA""},{""id"":37,""name"":""New Zealand"",""abbreviation"":""NZL""}],""scores"":[12,18],""status"":""C"",""outcome"":""B"",""events"":[{""id"":79,""label"":""1979 New Zealand Tour of England, Scotland & Italy"",""sport"":""mru"",""start"":{""millis"":283996800000,""label"":""1979-01-01""},""end"":{""millis"":315532799000,""label"":""1979-12-31""}}]}"
2601,,690,Stade de Sapiac,Montauban,France,312940800000,312940800000,"Sun 2 Dec 1979, 00:00 GMT",7059,42,France,FRA,52,Romania,ROM,30,12,C,A,831,1979 Federation Internationale de Rugby Amateur Championship,mru,283996800000,1979-01-01,315532799000,1979-12-31,"{""matchId"":2601,""eventPhase"":""C"",""venue"":{""id"":690,""name"":""Stade de Sapiac"",""city"":""Montauban"",""country"":""France""},""time"":{""millis"":312940800000,""label"":""Sun 2 Dec 1979, 00:00 GMT""},""attendance"":7059,""teams"":[{""id"":42,""name"":""France"",""abbreviation"":""FRA""},{""id"":52,""name"":""Romania"",""abbreviation"":""ROM""}],""scores"":[30,12],""status"":""C"",""outcome"":""A"",""events"":[{""id"":831,""label"":""1979 Federation Internationale de Rugby Amateur Championship"",""sport"":""mru"",""start"":{""millis"":283996800000,""label"":""1979-01-01""},""end"":{""millis"":315532799000,""label"":""1979-12-31""}}]}"
8856,,,,,,314150400000,314150400000,"Sun 16 Dec 1979, 00:00 GMT",,783,Yugoslavia,YUG,64,Netherlands,NED,10,6,C,A,,,,,,,,"{""matchId"":8856,""time"":{""millis"":314150400000,""label"":""Sun 16 Dec 1979, 00:00 GMT""},""teams"":[{""id"":783,""name"":""Yugoslavia"",""abbreviation"":""YUG""},{""id"":64,""name"":""Netherlands"",""abbreviation"":""NED""}],""scores"":[10,6],""status"":""C"",""outcome"":""A"",""events"":[]}"
3789,,,,,,314668800000,314668800000,"Sat 22 Dec 1979, 00:00 GMT",,41,Italy,ITA,745,Morocco,MAR,34,6,C,A,,,,,,,,"{""matchId"":3789,""time"":{""millis"":314668800000,""label"":""Sat 22 Dec 1979, 00:00 GMT""},""teams"":[{""id"":41,""name"":""Italy"",""abbreviation"":""ITA""},{""id"":745,""name"":""Morocco"",""abbreviation"":""MAR""}],""scores"":[34,6],""status"":""C"",""outcome"":""A"",""events"":[]}"
4787,,861,Orcasitas Stadium,Madrid,Spain,314668800000,314668800000,"Sat 22 Dec 1979, 00:00 GMT",,43,Spain,ESP,783,Yugoslavia,YUG,25,3,C,A,,,,,,,,"{""matchId"":4787,""venue"":{""id"":861,""name"":""Orcasitas Stadium"",""city"":""Madrid"",""country"":""Spain""},""time"":{""millis"":314668800000,""label"":""Sat 22 Dec 1979, 00:00 GMT""},""teams"":[{""id"":43,""name"":""Spain"",""abbreviation"":""ESP""},{""id"":783,""name"":""Yugoslavia"",""abbreviation"":""YUG""}],""scores"":[25,3],""status"":""C"",""outcome"":""A"",""events"":[]}"
6982,,,,,,315360000000,315360000000,"Sun 30 Dec 1979, 00:00 GMT",,1139,Leinster,,41,Italy,ITA,26,10,C,A,789,1979 Italy Tour of Ireland,mru,283996800000,1979-01-01,347155199000,1980-12-31,"{""matchId"":6982,""time"":{""millis"":315360000000,""label"":""Sun 30 Dec 1979, 00:00 GMT""},""teams"":[{""id"":1139,""name"":""Leinster""},{""id"":41,""name"":""Italy"",""abbreviation"":""ITA""}],""scores"":[26,10],""status"":""C"",""outcome"":""A"",""events"":[{""id"":789,""label"":""1979 Italy Tour of Ireland"",""sport"":""mru"",""start"":{""millis"":283996800000,""label"":""1979-01-01""},""end"":{""millis"":347155199000,""label"":""1980-12-31""}}]}"
