8065,,,,,,441763200000,441763200000,"Sun 1 Jan 1984, 00:00 GMT",,57,Zimbabwe,ZIM,735,Kenya,KEN,56,7,C,A,,,,,,,,"{""matchId"":8065,""time"":{""millis"":441763200000,""label"":""Sun 1 Jan 1984, 00:00 GMT""},""teams"":[{""id"":57,""name"":""Zimbabwe"",""abbreviation"":""ZIM""},{""id"":735,""name"":""Kenya"",""abbreviation"":""KEN""}],""scores"":[56,7],""status"":""C"",""outcome"":""A"",""events"":[]}"
8906,,,,,,441763200000,441763200000,"Sun 1 Jan 1984, 00:00 GMT",,699,Belgium,BEL,64,Netherlands,NED,6,6,C,D,,,,,,,,"{""matchId"":8906,""time"":{""millis"":441763200000,""label"":""Sun 1 Jan 1984, 00:00 GMT""},""teams"":[{""id"":699,""name"":""Belgium"",""abbreviation"":""BEL""},{""id"":64,""name"":""Netherlands"",""abbreviation"":""NED""}],""scores"":[6,6],""status"":""C"",""outcome"":""D"",""events"":[]}"
8907,,,,,,441763200000,441763200000,"Sun 1 Jan 1984, 00:00 GMT",,775,Tunisia,TUN,1166,West Germany,FRG,23,9,C,A,,,,,,,,"{""matchId"":8907,""time"":{""millis"":441763200000,""label"":""Sun 1 Jan 1984, 00:00 GMT""},""teams"":[{""id"":775,""name"":""Tunisia"",""abbreviation"":""TUN""},{""id"":1166,""name"":""West Germany"",""abbreviation"":""FRG""}],""scores"":[23,9],""status"":""C"",""outcome"":""A"",""events"":[]}"
2522,,5,Parc des Princes,Paris,France,443491200000,443491200000,"Sat 21 Jan 1984, 00:00 GMT",45023,42,France,FRA,36,Ireland,IRE,25,12,C,A,163,1984 Five Nations,mru,441763200000,1984-01-01,473385599000,1984-12-31,"{""matchId"":2522,""venue"":{""id"":5,""name"":""Parc des Princes"",""city"":""Paris"",""country"":""France""},""time"":{""millis"":443491200000,""label"":""Sat 21 Jan 1984, 00:00 GMT""},""attendance"":45023,""teams"":[{""id"":42,""name"":""France"",""abbreviation"":""FRA""},{""id"":36,""name"":""Ireland"",""abbreviation"":""IRE""}],""scores"":[25,12],""status"":""C"",""outcome"":""A"",""events"":[{""id"":163,""label"":""1984 Five Nations"",""sport"":""mru"",""start"":{""millis"":441763200000,""label"":""1984-01-01""},""end"":{""millis"":473385599000,""label"":""1984-12-31""}}]}"
601,,2,Cardiff Arms Park,Cardiff,Wales,443543400000,443543400000,"Sat 21 Jan 1984, 14:30 GMT",,33,Wales,WAL,35,Scotland,SCO,9,15,C,B,163,1984 Five Nations,mru,441763200000,1984-01-01,473385599000,1984-12-31,"{""matchId"":601,""venue"":{""id"":2,""name"":""Cardiff Arms Park"",""city"":""Cardiff"",""country"":""Wales""},""time"":{""millis"":443543400000,""label"":""Sat 21 Jan 1984, 14:30 GMT""},""teams"":[{""id"":33,""name"":""Wales"",""abbreviation"":""WAL""},{""id"":35,""name"":""Scotland"",""abbreviation"":""SCO""}],""scores"":[9,15],""status"":""C"",""outcome"":""B"",""events"":[{""id"":163,""label"":""1984 Five Nations"",""sport"":""mru"",""start"":{""millis"":441763200000,""label"":""1984-01-01""},""end"":{""millis"":473385599000,""label"":""1984-12-31""}}]}"
1038,,7,Murrayfield,Edinburgh,Scotland,444753000000,444753000000,"Sat 4 Feb 1984, 14:30 GMT",,35,Scotland,SCO,34,England,ENG,18,6,C,A,163,1984 Five Nations,mru,441763200000,1984-01-01,473385599000,1984-12-31,"{""matchId"":1038,""venue"":{""id"":7,""name"":""Murrayfield"",""city"":""Edinburgh"",""country"":""Scotland""},""time"":{""millis"":444753000000,""label"":""Sat 4 Feb 1984, 14:30 GMT""},""teams"":[{""id"":35,""name"":""Scotland"",""abbreviation"":""SCO""},{""id"":34,""name"":""England"",""abbreviation"":""ENG""}],""scores"":[18,6],""status"":""C"",""outcome"":""A"",""events"":[{""id"":163,""label"":""1984 Five Nations"",""sport"":""mru"",""start"":{""millis"":441763200000,""label"":""1984-01-01""},""end"":{""millis"":473385599000,""label"":""1984-12-31""}}]}"
602,,4,Lansdowne Road,Dublin,Ireland,444754800000,444754800000,"Sat 4 Feb 1984, 15:00 GMT",,36,Ireland,IRE,33,Wales,WAL,9,18,C,B,163,1984 Five Nations,mru,441763200000,1984-01-01,473385599000,1984-12-31,"{""matchId"":602,""venue"":{""id"":4,""name"":""Lansdowne Road"",""city"":""Dublin"",""country"":""Ireland""},""time"":{""millis"":444754800000,""label"":""Sat 4 Feb 1984, 15:00 GMT""},""teams"":[{""id"":36,""name"":""Ireland"",""abbreviation"":""IRE""},{""id"":33,""name"":""Wales"",""abbreviation"":""WAL""}],""scores"":[9,18],""status"":""C"",""outcome"":""B"",""events"":[{""id"":163,""label"":""1984 Five Nations"",""sport"":""mru"",""start"":{""millis"":441763200000,""label"":""1984-01-01""},""end"":{""millis"":473385599000,""label"":""1984-12-31""}}]}"
603,,2,Cardiff Arms Park,Cardiff,Wales,445962600000,445962600000,"Sat 18 Feb 1984, 14:30 GMT",62000,33,Wales,WAL,42,France,FRA,16,21,C,B,163,1984 Five Nations,mru,441763200000,1984-01-01,473385599000,1984-12-31,"{""matchId"":603,""venue"":{""id"":2,""name"":""Cardiff Arms Park"",""city"":""Cardiff"",""country"":""Wales""},""time"":{""millis"":445962600000,""label"":""Sat 18 Feb 1984, 14:30 GMT""},""attendance"":62000,""teams"":[{""id"":33,""name"":""Wales"",""abbreviation"":""WAL""},{""id"":42,""name"":""France"",""abbreviation"":""FRA""}],""scores"":[16,21],""status"":""C"",""outcome"":""B"",""events"":[{""id"":163,""label"":""1984 Five Nations"",""sport"":""mru"",""start"":{""millis"":441763200000,""label"":""1984-01-01""},""end"":{""millis"":473385599000,""label"":""1984-12-31""}}]}"
1039,,3,Twickenham,London,England,445962600000,445962600000,"Sat 18 Feb 1984, 14:30 GMT",,34,England,ENG,36,Ireland,IRE,12,9,C,A,163,1984 Five Nations,mru,441763200000,1984-01-01,473385599000,1984-12-31,"{""matchId"":1039,""venue"":{""id"":3,""name"":""Twickenham"",""city"":""London"",""country"":""England""},""time"":{""millis"":445962600000,""label"":""Sat 18 Feb 1984, 14:30 GMT""},""teams"":[{""id"":34,""name"":""England"",""abbreviation"":""ENG""},{""id"":36,""name"":""Ireland"",""abbreviation"":""IRE""}],""scores"":[12,9],""status"":""C"",""outcome"":""A"",""events"":[{""id"":163,""label"":""1984 Five Nations"",""sport"":""mru"",""start"":{""millis"":441763200000,""label"":""1984-01-01""},""end"":{""millis"":473385599000,""label"":""1984-12-31""}}]}"
3767,,,,,,445996800000,445996800000,"Sun 19 Feb 1984, 00:00 GMT",,42,France,FRA,41,Italy,ITA,38,16,C,A,,,,,,,,"{""matchId"":3767,""time"":{""millis"":445996800000,""label"":""Sun 19 Feb 1984, 00:00 GMT""},""teams"":[{""id"":42,""name"":""France"",""abbreviation"":""FRA""},{""id"":41,""name"":""Italy"",""abbreviation"":""ITA""}],""scores"":[38,16],""status"":""C"",""outcome"":""A"",""events"":[]}"
4678,,861,Orcasitas Stadium,Madrid,Spain,446571000000,446571000000,"Sat 25 Feb 1984, 15:30 GMT",1500,43,Spain,ESP,64,Netherlands,NED,32,6,C,A,,,,,,,,"{""matchId"":4678,""venue"":{""id"":861,""name"":""Orcasitas Stadium"",""city"":""Madrid"",""country"":""Spain""},""time"":{""millis"":446571000000,""label"":""Sat 25 Feb 1984, 15:30 GMT""},""attendance"":1500,""teams"":[{""id"":43,""name"":""Spain"",""abbreviation"":""ESP""},{""id"":64,""name"":""Netherlands"",""abbreviation"":""NED""}],""scores"":[32,6],""status"":""C"",""outcome"":""A"",""events"":[]}"
1040,,5,Parc des Princes,Paris,France,447120000000,447120000000,"Sat 3 Mar 1984, 00:00 GMT",45240,42,France,FRA,34,England,ENG,32,18,C,A,163,1984 Five Nations,mru,441763200000,1984-01-01,473385599000,1984-12-31,"{""matchId"":1040,""venue"":{""id"":5,""name"":""Parc des Princes"",""city"":""Paris"",""country"":""France""},""time"":{""millis"":447120000000,""label"":""Sat 3 Mar 1984, 00:00 GMT""},""attendance"":45240,""teams"":[{""id"":42,""name"":""France"",""abbreviation"":""FRA""},{""id"":34,""name"":""England"",""abbreviation"":""ENG""}],""scores"":[32,18],""status"":""C"",""outcome"":""A"",""events"":[{""id"":163,""label"":""1984 Five Nations"",""sport"":""mru"",""start"":{""millis"":441763200000,""label"":""1984-01-01""},""end"":{""millis"":473385599000,""label"":""1984-12-31""}}]}"
2063,,4,Lansdowne Road,Dublin,Ireland,447174000000,447174000000,"Sat 3 Mar 1984, 15:00 GMT",,36,Ireland,IRE,35,Scotland,SCO,9,32,C,B,163,1984 Five Nations,mru,441763200000,1984-01-01,473385599000,1984-12-31,"{""matchId"":2063,""venue"":{""id"":4,""name"":""Lansdowne Road"",""city"":""Dublin"",""country"":""Ireland""},""time"":{""millis"":447174000000,""label"":""Sat 3 Mar 1984, 15:00 GMT""},""teams"":[{""id"":36,""name"":""Ireland"",""abbreviation"":""IRE""},{""id"":35,""name"":""Scotland"",""abbreviation"":""SCO""}],""scores"":[9,32],""status"":""C"",""outcome"":""B"",""events"":[{""id"":163,""label"":""1984 Five Nations"",""sport"":""mru"",""start"":{""millis"":441763200000,""label"":""1984-01-01""},""end"":{""millis"":473385599000,""label"":""1984-12-31""}}]}"
9921,,,,,,447206400000,447206400000,"Sun 4 Mar 1984, 00:00 GMT",,42,France,FRA,745,Morocco,MAR,45,10,C,A,,,,,,,,"{""matchId"":9921,""time"":{""millis"":447206400000,""label"":""Sun 4 Mar 1984, 00:00 GMT""},""teams"":[{""id"":42,""name"":""France"",""abbreviation"":""FRA""},{""id"":745,""name"":""Morocco"",""abbreviation"":""MAR""}],""scores"":[45,10],""status"":""C"",""outcome"":""A"",""events"":[]}"
4680,,393,Estadio Universitario,Lisbon,Portugal,447781500000,447781500000,"Sat 10 Mar 1984, 15:45 GMT",2000,44,Portugal,POR,43,Spain,ESP,6,6,C,D,685,1984 Federation Internationale de Rugby Amateur Championship,mru,441763200000,1984-01-01,473385599000,1984-12-31,"{""matchId"":4680,""venue"":{""id"":393,""name"":""Estadio Universitario"",""city"":""Lisbon"",""country"":""Portugal""},""time"":{""millis"":447781500000,""label"":""Sat 10 Mar 1984, 15:45 GMT""},""attendance"":2000,""teams"":[{""id"":44,""name"":""Portugal"",""abbreviation"":""POR""},{""id"":43,""name"":""Spain"",""abbreviation"":""ESP""}],""scores"":[6,6],""status"":""C"",""outcome"":""D"",""events"":[{""id"":685,""label"":""1984 Federation Internationale de Rugby Amateur Championship"",""sport"":""mru"",""start"":{""millis"":441763200000,""label"":""1984-01-01""},""end"":{""millis"":473385599000,""label"":""1984-12-31""}}]}"
604,,3,Twickenham,London,England,448383600000,448383600000,"Sat 17 Mar 1984, 15:00 GMT",,34,England,ENG,33,Wales,WAL,15,24,C,B,163,1984 Five Nations,mru,441763200000,1984-01-01,473385599000,1984-12-31,"{""matchId"":604,""venue"":{""id"":3,""name"":""Twickenham"",""city"":""London"",""country"":""England""},""time"":{""millis"":448383600000,""label"":""Sat 17 Mar 1984, 15:00 GMT""},""teams"":[{""id"":34,""name"":""England"",""abbreviation"":""ENG""},{""id"":33,""name"":""Wales"",""abbreviation"":""WAL""}],""scores"":[15,24],""status"":""C"",""outcome"":""B"",""events"":[{""id"":163,""label"":""1984 Five Nations"",""sport"":""mru"",""start"":{""millis"":441763200000,""label"":""1984-01-01""},""end"":{""millis"":473385599000,""label"":""1984-12-31""}}]}"
2524,,7,Murrayfield,Edinburgh,Scotland,448383600000,448383600000,"Sat 17 Mar 1984, 15:00 GMT",62000,35,Scotland,SCO,42,France,FRA,21,12,C,A,163,1984 Five Nations,mru,441763200000,1984-01-01,473385599000,1984-12-31,"{""matchId"":2524,""venue"":{""id"":7,""name"":""Murrayfield"",""city"":""Edinburgh"",""country"":""Scotland""},""time"":{""millis"":448383600000,""label"":""Sat 17 Mar 1984, 15:00 GMT""},""attendance"":62000,""teams"":[{""id"":35,""name"":""Scotland"",""abbreviation"":""SCO""},{""id"":42,""name"":""France"",""abbreviation"":""FRA""}],""scores"":[21,12],""status"":""C"",""outcome"":""A"",""events"":[{""id"":163,""label"":""1984 Five Nations"",""sport"":""mru"",""start"":{""millis"":441763200000,""label"":""1984-01-01""},""end"":{""millis"":473385599000,""label"":""1984-12-31""}}]}"
3766,,,,,,448416000000,448416000000,"Sun 18 Mar 1984, 00:00 GMT",,41,Italy,ITA,745,Morocco,MAR,27,0,C,A,,,,,,,,"{""matchId"":3766,""time"":{""millis"":448416000000,""label"":""Sun 18 Mar 1984, 00:00 GMT""},""teams"":[{""id"":41,""name"":""Italy"",""abbreviation"":""ITA""},{""id"":745,""name"":""Morocco"",""abbreviation"":""MAR""}],""scores"":[27,0],""status"":""C"",""outcome"":""A"",""events"":[]}"
8410,,803,Est치dio Universit치rio,Coimbra,Portugal,448934400000,448934400000,"Sat 24 Mar 1984, 00:00 GMT",,44,Portugal,POR,64,Netherlands,NED,21,3,C,A,685,1984 Federation Internationale de Rugby Amateur Championship,mru,441763200000,1984-01-01,473385599000,1984-12-31,"{""matchId"":8410,""venue"":{""id"":803,""name"":""Est치dio Universit치rio"",""city"":""Coimbra"",""country"":""Portugal""},""time"":{""millis"":448934400000,""label"":""Sat 24 Mar 1984, 00:00 GMT""},""teams"":[{""id"":44,""name"":""Portugal"",""abbreviation"":""POR""},{""id"":64,""name"":""Netherlands"",""abbreviation"":""NED""}],""scores"":[21,3],""status"":""C"",""outcome"":""A"",""events"":[{""id"":685,""label"":""1984 Federation Internationale de Rugby Amateur Championship"",""sport"":""mru"",""start"":{""millis"":441763200000,""label"":""1984-01-01""},""end"":{""millis"":473385599000,""label"":""1984-12-31""}}]}"
4682,,858,Granja Terra,Valladolid,Spain,448990200000,448990200000,"Sat 24 Mar 1984, 15:30 GMT",1000,43,Spain,ESP,699,Belgium,BEL,12,3,C,A,,,,,,,,"{""matchId"":4682,""venue"":{""id"":858,""name"":""Granja Terra"",""city"":""Valladolid"",""country"":""Spain""},""time"":{""millis"":448990200000,""label"":""Sat 24 Mar 1984, 15:30 GMT""},""attendance"":1000,""teams"":[{""id"":43,""name"":""Spain"",""abbreviation"":""ESP""},{""id"":699,""name"":""Belgium"",""abbreviation"":""BEL""}],""scores"":[12,3],""status"":""C"",""outcome"":""A"",""events"":[]}"
9932,,,,,,449539200000,449539200000,"Sat 31 Mar 1984, 00:00 GMT",,745,Morocco,MAR,753,Poland,POL,6,7,C,B,,,,,,,,"{""matchId"":9932,""time"":{""millis"":449539200000,""label"":""Sat 31 Mar 1984, 00:00 GMT""},""teams"":[{""id"":745,""name"":""Morocco"",""abbreviation"":""MAR""},{""id"":753,""name"":""Poland"",""abbreviation"":""POL""}],""scores"":[6,7],""status"":""C"",""outcome"":""B"",""events"":[]}"
8411,,,,,,449971200000,449971200000,"Thu 5 Apr 1984, 00:00 GMT",,699,Belgium,BEL,44,Portugal,POR,9,12,C,B,685,1984 Federation Internationale de Rugby Amateur Championship,mru,441763200000,1984-01-01,473385599000,1984-12-31,"{""matchId"":8411,""time"":{""millis"":449971200000,""label"":""Thu 5 Apr 1984, 00:00 GMT""},""teams"":[{""id"":699,""name"":""Belgium"",""abbreviation"":""BEL""},{""id"":44,""name"":""Portugal"",""abbreviation"":""POR""}],""scores"":[9,12],""status"":""C"",""outcome"":""B"",""events"":[{""id"":685,""label"":""1984 Federation Internationale de Rugby Amateur Championship"",""sport"":""mru"",""start"":{""millis"":441763200000,""label"":""1984-01-01""},""end"":{""millis"":473385599000,""label"":""1984-12-31""}}]}"
8412,,,,,,450230400000,450230400000,"Sun 8 Apr 1984, 00:00 GMT",,715,Denmark,DEN,44,Portugal,POR,3,40,C,B,685,1984 Federation Internationale de Rugby Amateur Championship,mru,441763200000,1984-01-01,473385599000,1984-12-31,"{""matchId"":8412,""time"":{""millis"":450230400000,""label"":""Sun 8 Apr 1984, 00:00 GMT""},""teams"":[{""id"":715,""name"":""Denmark"",""abbreviation"":""DEN""},{""id"":44,""name"":""Portugal"",""abbreviation"":""POR""}],""scores"":[3,40],""status"":""C"",""outcome"":""B"",""events"":[{""id"":685,""label"":""1984 Federation Internationale de Rugby Amateur Championship"",""sport"":""mru"",""start"":{""millis"":441763200000,""label"":""1984-01-01""},""end"":{""millis"":473385599000,""label"":""1984-12-31""}}]}"
4671,,,,,,450662400000,450662400000,"Fri 13 Apr 1984, 00:00 GMT",,1211,Czechoslovakia,TCH,775,Tunisia,TUN,10,20,C,B,685,1984 Federation Internationale de Rugby Amateur Championship,mru,441763200000,1984-01-01,473385599000,1984-12-31,"{""matchId"":4671,""eventPhase"":""B2"",""time"":{""millis"":450662400000,""label"":""Fri 13 Apr 1984, 00:00 GMT""},""teams"":[{""id"":1211,""name"":""Czechoslovakia"",""abbreviation"":""TCH""},{""id"":775,""name"":""Tunisia"",""abbreviation"":""TUN""}],""scores"":[10,20],""status"":""C"",""outcome"":""B"",""events"":[{""id"":685,""label"":""1984 Federation Internationale de Rugby Amateur Championship"",""sport"":""mru"",""start"":{""millis"":441763200000,""label"":""1984-01-01""},""end"":{""millis"":473385599000,""label"":""1984-12-31""}}]}"
5208,,,,,,450835200000,450835200000,"Sun 15 Apr 1984, 00:00 GMT",,1166,West Germany,FRG,1211,Czechoslovakia,TCH,3,15,C,B,,,,,,,,"{""matchId"":5208,""time"":{""millis"":450835200000,""label"":""Sun 15 Apr 1984, 00:00 GMT""},""teams"":[{""id"":1166,""name"":""West Germany"",""abbreviation"":""FRG""},{""id"":1211,""name"":""Czechoslovakia"",""abbreviation"":""TCH""}],""scores"":[3,15],""status"":""C"",""outcome"":""B"",""events"":[]}"
2776,,,,,,451440000000,451440000000,"Sun 22 Apr 1984, 00:00 GMT",,41,Italy,ITA,52,Romania,ROM,12,3,C,A,685,1984 Federation Internationale de Rugby Amateur Championship,mru,441763200000,1984-01-01,473385599000,1984-12-31,"{""matchId"":2776,""time"":{""millis"":451440000000,""label"":""Sun 22 Apr 1984, 00:00 GMT""},""teams"":[{""id"":41,""name"":""Italy"",""abbreviation"":""ITA""},{""id"":52,""name"":""Romania"",""abbreviation"":""ROM""}],""scores"":[12,3],""status"":""C"",""outcome"":""A"",""events"":[{""id"":685,""label"":""1984 Federation Internationale de Rugby Amateur Championship"",""sport"":""mru"",""start"":{""millis"":441763200000,""label"":""1984-01-01""},""end"":{""millis"":473385599000,""label"":""1984-12-31""}}]}"
4684,,859,Valby Idraetspark,Copenhagen,Denmark,452012400000,452012400000,"Sat 28 Apr 1984, 15:00 GMT",1000,715,Denmark,DEN,43,Spain,ESP,13,53,C,B,,,,,,,,"{""matchId"":4684,""venue"":{""id"":859,""name"":""Valby Idraetspark"",""city"":""Copenhagen"",""country"":""Denmark""},""time"":{""millis"":452012400000,""label"":""Sat 28 Apr 1984, 15:00 GMT""},""attendance"":1000,""teams"":[{""id"":715,""name"":""Denmark"",""abbreviation"":""DEN""},{""id"":43,""name"":""Spain"",""abbreviation"":""ESP""}],""scores"":[13,53],""status"":""C"",""outcome"":""B"",""events"":[]}"
11630,,,,,,452217600000,452217600000,"Tue 1 May 1984, 00:00 GMT",,3187,USSR A,,1165,East Germany,EGR,51,3,C,A,1101,1984 Golden Sands Cup,mru,452131200000,1984-04-30,454895999000,1984-05-31,"{""matchId"":11630,""time"":{""millis"":452217600000,""label"":""Tue 1 May 1984, 00:00 GMT""},""teams"":[{""id"":3187,""name"":""USSR A""},{""id"":1165,""name"":""East Germany"",""abbreviation"":""EGR""}],""scores"":[51,3],""status"":""C"",""outcome"":""A"",""events"":[{""id"":1101,""label"":""1984 Golden Sands Cup"",""sport"":""mru"",""start"":{""millis"":452131200000,""label"":""1984-04-30""},""end"":{""millis"":454895999000,""label"":""1984-05-31""}}]}"
4672,,,,,,452563200000,452563200000,"Sat 5 May 1984, 00:00 GMT",,783,Yugoslavia,YUG,775,Tunisia,TUN,12,22,C,B,,,,,,,,"{""matchId"":4672,""time"":{""millis"":452563200000,""label"":""Sat 5 May 1984, 00:00 GMT""},""teams"":[{""id"":783,""name"":""Yugoslavia"",""abbreviation"":""YUG""},{""id"":775,""name"":""Tunisia"",""abbreviation"":""TUN""}],""scores"":[12,22],""status"":""C"",""outcome"":""B"",""events"":[]}"
8908,,,,,,452563200000,452563200000,"Sat 5 May 1984, 00:00 GMT",,769,Sweden,SWE,1166,West Germany,FRG,15,13,C,A,,,,,,,,"{""matchId"":8908,""time"":{""millis"":452563200000,""label"":""Sat 5 May 1984, 00:00 GMT""},""teams"":[{""id"":769,""name"":""Sweden"",""abbreviation"":""SWE""},{""id"":1166,""name"":""West Germany"",""abbreviation"":""FRG""}],""scores"":[15,13],""status"":""C"",""outcome"":""A"",""events"":[]}"
10491,,993,Olimpic Centre,Rabat,Morocco,452649600000,452649600000,"Sun 6 May 1984, 00:00 GMT",,745,Morocco,MAR,1168,USSR,URS,9,23,C,B,685,1984 Federation Internationale de Rugby Amateur Championship,mru,441763200000,1984-01-01,473385599000,1984-12-31,"{""matchId"":10491,""eventPhase"":""A"",""venue"":{""id"":993,""name"":""Olimpic Centre"",""city"":""Rabat"",""country"":""Morocco""},""time"":{""millis"":452649600000,""label"":""Sun 6 May 1984, 00:00 GMT""},""teams"":[{""id"":745,""name"":""Morocco"",""abbreviation"":""MAR""},{""id"":1168,""name"":""USSR"",""abbreviation"":""URS""}],""scores"":[9,23],""status"":""C"",""outcome"":""B"",""events"":[{""id"":685,""label"":""1984 Federation Internationale de Rugby Amateur Championship"",""sport"":""mru"",""start"":{""millis"":441763200000,""label"":""1984-01-01""},""end"":{""millis"":473385599000,""label"":""1984-12-31""}}]}"
4153,,61,King's Park,Durban,South Africa,453772800000,453772800000,"Sat 19 May 1984, 00:00 GMT",,1239,Currie Cup Select,,34,England,ENG,21,31,C,B,297,1984 England Tour of South Africa,mru,441763200000,1984-01-01,473385599000,1984-12-31,"{""matchId"":4153,""venue"":{""id"":61,""name"":""King's Park"",""city"":""Durban"",""country"":""South Africa""},""time"":{""millis"":453772800000,""label"":""Sat 19 May 1984, 00:00 GMT""},""teams"":[{""id"":1239,""name"":""Currie Cup Select""},{""id"":34,""name"":""England"",""abbreviation"":""ENG""}],""scores"":[21,31],""status"":""C"",""outcome"":""B"",""events"":[{""id"":297,""label"":""1984 England Tour of South Africa"",""sport"":""mru"",""start"":{""millis"":441763200000,""label"":""1984-01-01""},""end"":{""millis"":473385599000,""label"":""1984-12-31""}}]}"
10492,,454,Fili Stadium,Moscow,Russian Federation,453859200000,453859200000,"Sun 20 May 1984, 00:00 GMT",4500,1168,USSR,URS,1200,France A,,3,32,C,B,685,1984 Federation Internationale de Rugby Amateur Championship,mru,441763200000,1984-01-01,473385599000,1984-12-31,"{""matchId"":10492,""eventPhase"":""A"",""venue"":{""id"":454,""name"":""Fili Stadium"",""city"":""Moscow"",""country"":""Russian Federation""},""time"":{""millis"":453859200000,""label"":""Sun 20 May 1984, 00:00 GMT""},""attendance"":4500,""teams"":[{""id"":1168,""name"":""USSR"",""abbreviation"":""URS""},{""id"":1200,""name"":""France A""}],""scores"":[3,32],""status"":""C"",""outcome"":""B"",""events"":[{""id"":685,""label"":""1984 Federation Internationale de Rugby Amateur Championship"",""sport"":""mru"",""start"":{""millis"":441763200000,""label"":""1984-01-01""},""end"":{""millis"":473385599000,""label"":""1984-12-31""}}]}"
22492,Match 3,,,,,453859200000,453859200000,"Sun 20 May 1984, 00:00 GMT",,43,Spain,ESP,1199,England U23,,9,16,C,B,1597,1984 England U23 Tour (ESP),mru,453168000000,1984-05-12,453945599000,1984-05-20,"{""matchId"":22492,""description"":""Match 3"",""time"":{""millis"":453859200000,""label"":""Sun 20 May 1984, 00:00 GMT""},""teams"":[{""id"":43,""name"":""Spain"",""abbreviation"":""ESP""},{""id"":1199,""name"":""England U23""}],""scores"":[9,16],""status"":""C"",""outcome"":""B"",""events"":[{""id"":1597,""label"":""1984 England U23 Tour (ESP)"",""sport"":""mru"",""start"":{""millis"":453168000000,""label"":""1984-05-12""},""end"":{""millis"":453945599000,""label"":""1984-05-20""}}]}"
2535,,136,Stadionul 23 August,Bucuresti,Romania,453920400000,453920400000,"Sun 20 May 1984, 17:00 GMT",25000,52,Romania,ROM,35,Scotland,SCO,28,22,C,A,,,,,,,,"{""matchId"":2535,""venue"":{""id"":136,""name"":""Stadionul 23 August"",""city"":""Bucuresti"",""country"":""Romania""},""time"":{""millis"":453920400000,""label"":""Sun 20 May 1984, 17:00 GMT""},""attendance"":25000,""teams"":[{""id"":52,""name"":""Romania"",""abbreviation"":""ROM""},{""id"":35,""name"":""Scotland"",""abbreviation"":""SCO""}],""scores"":[28,22],""status"":""C"",""outcome"":""A"",""events"":[]}"
4154,,109,Danie Craven Stadium,Stellenbosch,South Africa,454118400000,454118400000,"Wed 23 May 1984, 00:00 GMT",,1230,South Africa Rugby Federation XV,,34,England,ENG,21,23,C,B,297,1984 England Tour of South Africa,mru,441763200000,1984-01-01,473385599000,1984-12-31,"{""matchId"":4154,""venue"":{""id"":109,""name"":""Danie Craven Stadium"",""city"":""Stellenbosch"",""country"":""South Africa""},""time"":{""millis"":454118400000,""label"":""Wed 23 May 1984, 00:00 GMT""},""teams"":[{""id"":1230,""name"":""South Africa Rugby Federation XV""},{""id"":34,""name"":""England"",""abbreviation"":""ENG""}],""scores"":[21,23],""status"":""C"",""outcome"":""B"",""events"":[{""id"":297,""label"":""1984 England Tour of South Africa"",""sport"":""mru"",""start"":{""millis"":441763200000,""label"":""1984-01-01""},""end"":{""millis"":473385599000,""label"":""1984-12-31""}}]}"
4155,,85,Newlands Stadium,Cape Town,South Africa,454377600000,454377600000,"Sat 26 May 1984, 00:00 GMT",,254,Western Province,,34,England,ENG,15,15,C,D,297,1984 England Tour of South Africa,mru,441763200000,1984-01-01,473385599000,1984-12-31,"{""matchId"":4155,""venue"":{""id"":85,""name"":""Newlands Stadium"",""city"":""Cape Town"",""country"":""South Africa""},""time"":{""millis"":454377600000,""label"":""Sat 26 May 1984, 00:00 GMT""},""teams"":[{""id"":254,""name"":""Western Province""},{""id"":34,""name"":""England"",""abbreviation"":""ENG""}],""scores"":[15,15],""status"":""C"",""outcome"":""D"",""events"":[{""id"":297,""label"":""1984 England Tour of South Africa"",""sport"":""mru"",""start"":{""millis"":441763200000,""label"":""1984-01-01""},""end"":{""millis"":473385599000,""label"":""1984-12-31""}}]}"
10493,,,,,,454464000000,454464000000,"Sun 27 May 1984, 00:00 GMT",,753,Poland,POL,1168,USSR,URS,3,22,C,B,685,1984 Federation Internationale de Rugby Amateur Championship,mru,441763200000,1984-01-01,473385599000,1984-12-31,"{""matchId"":10493,""eventPhase"":""A"",""time"":{""millis"":454464000000,""label"":""Sun 27 May 1984, 00:00 GMT""},""teams"":[{""id"":753,""name"":""Poland"",""abbreviation"":""POL""},{""id"":1168,""name"":""USSR"",""abbreviation"":""URS""}],""scores"":[3,22],""status"":""C"",""outcome"":""B"",""events"":[{""id"":685,""label"":""1984 Federation Internationale de Rugby Amateur Championship"",""sport"":""mru"",""start"":{""millis"":441763200000,""label"":""1984-01-01""},""end"":{""millis"":473385599000,""label"":""1984-12-31""}}]}"
13130,,,,,,454464000000,454464000000,"Sun 27 May 1984, 00:00 GMT",,2907,Netherlands,NED,2519,France,FRA,0,3,C,B,,,,,,,,"{""matchId"":13130,""time"":{""millis"":454464000000,""label"":""Sun 27 May 1984, 00:00 GMT""},""teams"":[{""id"":2907,""name"":""Netherlands"",""abbreviation"":""NED""},{""id"":2519,""name"":""France"",""abbreviation"":""FRA""}],""scores"":[0,3],""status"":""C"",""outcome"":""B"",""events"":[]}"
4156,,262,Boland RU Ground,East London,South Africa,454636800000,454636800000,"Tue 29 May 1984, 00:00 GMT",,1240,South Africa Rugby Association,,34,England,ENG,8,30,C,B,297,1984 England Tour of South Africa,mru,441763200000,1984-01-01,473385599000,1984-12-31,"{""matchId"":4156,""venue"":{""id"":262,""name"":""Boland RU Ground"",""city"":""East London"",""country"":""South Africa""},""time"":{""millis"":454636800000,""label"":""Tue 29 May 1984, 00:00 GMT""},""teams"":[{""id"":1240,""name"":""South Africa Rugby Association""},{""id"":34,""name"":""England"",""abbreviation"":""ENG""}],""scores"":[8,30],""status"":""C"",""outcome"":""B"",""events"":[{""id"":297,""label"":""1984 England Tour of South Africa"",""sport"":""mru"",""start"":{""millis"":441763200000,""label"":""1984-01-01""},""end"":{""millis"":473385599000,""label"":""1984-12-31""}}]}"
6293,,,,,,454982400000,454982400000,"Sat 2 Jun 1984, 00:00 GMT",,237,Taranaki,,42,France,FRA,18,30,C,B,94,1984 France Tour of New Zealand,mru,441763200000,1984-01-01,473385599000,1984-12-31,"{""matchId"":6293,""time"":{""millis"":454982400000,""label"":""Sat 2 Jun 1984, 00:00 GMT""},""teams"":[{""id"":237,""name"":""Taranaki""},{""id"":42,""name"":""France"",""abbreviation"":""FRA""}],""scores"":[18,30],""status"":""C"",""outcome"":""B"",""events"":[{""id"":94,""label"":""1984 France Tour of New Zealand"",""sport"":""mru"",""start"":{""millis"":441763200000,""label"":""1984-01-01""},""end"":{""millis"":473385599000,""label"":""1984-12-31""}}]}"
1041,,91,Boet Erasmus Stadium,Port Elizabeth,South Africa,455038200000,455038200000,"Sat 2 Jun 1984, 15:30 GMT",46000,39,South Africa,RSA,34,England,ENG,33,15,C,A,297,1984 England Tour of South Africa,mru,441763200000,1984-01-01,473385599000,1984-12-31,"{""matchId"":1041,""venue"":{""id"":91,""name"":""Boet Erasmus Stadium"",""city"":""Port Elizabeth"",""country"":""South Africa""},""time"":{""millis"":455038200000,""label"":""Sat 2 Jun 1984, 15:30 GMT""},""attendance"":46000,""teams"":[{""id"":39,""name"":""South Africa"",""abbreviation"":""RSA""},{""id"":34,""name"":""England"",""abbreviation"":""ENG""}],""scores"":[33,15],""status"":""C"",""outcome"":""A"",""events"":[{""id"":297,""label"":""1984 England Tour of South Africa"",""sport"":""mru"",""start"":{""millis"":441763200000,""label"":""1984-01-01""},""end"":{""millis"":473385599000,""label"":""1984-12-31""}}]}"
4157,,261,DP de Villiers Stadium,Sasolburg,South Africa,455241600000,455241600000,"Tue 5 Jun 1984, 00:00 GMT",,1241,South Africa Country Districts,,34,England,ENG,12,33,C,B,297,1984 England Tour of South Africa,mru,441763200000,1984-01-01,473385599000,1984-12-31,"{""matchId"":4157,""venue"":{""id"":261,""name"":""DP de Villiers Stadium"",""city"":""Sasolburg"",""country"":""South Africa""},""time"":{""millis"":455241600000,""label"":""Tue 5 Jun 1984, 00:00 GMT""},""teams"":[{""id"":1241,""name"":""South Africa Country Districts""},{""id"":34,""name"":""England"",""abbreviation"":""ENG""}],""scores"":[12,33],""status"":""C"",""outcome"":""B"",""events"":[{""id"":297,""label"":""1984 England Tour of South Africa"",""sport"":""mru"",""start"":{""millis"":441763200000,""label"":""1984-01-01""},""end"":{""millis"":473385599000,""label"":""1984-12-31""}}]}"
6294,,,,,,455328000000,455328000000,"Wed 6 Jun 1984, 00:00 GMT",,353,Marlborough,,42,France,FRA,9,36,C,B,94,1984 France Tour of New Zealand,mru,441763200000,1984-01-01,473385599000,1984-12-31,"{""matchId"":6294,""time"":{""millis"":455328000000,""label"":""Wed 6 Jun 1984, 00:00 GMT""},""teams"":[{""id"":353,""name"":""Marlborough""},{""id"":42,""name"":""France"",""abbreviation"":""FRA""}],""scores"":[9,36],""status"":""C"",""outcome"":""B"",""events"":[{""id"":94,""label"":""1984 France Tour of New Zealand"",""sport"":""mru"",""start"":{""millis"":441763200000,""label"":""1984-01-01""},""end"":{""millis"":473385599000,""label"":""1984-12-31""}}]}"
1580,,57,National Stadium,Suva,Fiji,455587200000,455587200000,"Sat 9 Jun 1984, 00:00 GMT",20000,46,Fiji,FJI,38,Australia,AUS,3,16,C,B,,,,,,,,"{""matchId"":1580,""venue"":{""id"":57,""name"":""National Stadium"",""city"":""Suva"",""country"":""Fiji""},""time"":{""millis"":455587200000,""label"":""Sat 9 Jun 1984, 00:00 GMT""},""attendance"":20000,""teams"":[{""id"":46,""name"":""Fiji"",""abbreviation"":""FJI""},{""id"":38,""name"":""Australia"",""abbreviation"":""AUS""}],""scores"":[3,16],""status"":""C"",""outcome"":""B"",""events"":[]}"
3912,,343,Winnemac Park,Chicago,United States,455587200000,455587200000,"Sat 9 Jun 1984, 00:00 GMT",,51,USA,USA,50,Canada,CAN,21,13,C,A,,,,,,,,"{""matchId"":3912,""venue"":{""id"":343,""name"":""Winnemac Park"",""city"":""Chicago"",""country"":""United States""},""time"":{""millis"":455587200000,""label"":""Sat 9 Jun 1984, 00:00 GMT""},""teams"":[{""id"":51,""name"":""USA"",""abbreviation"":""USA""},{""id"":50,""name"":""Canada"",""abbreviation"":""CAN""}],""scores"":[21,13],""status"":""C"",""outcome"":""A"",""events"":[]}"
6295,,,,,,455587200000,455587200000,"Sat 9 Jun 1984, 00:00 GMT",,346,Wellington,,42,France,FRA,18,38,C,B,94,1984 France Tour of New Zealand,mru,441763200000,1984-01-01,473385599000,1984-12-31,"{""matchId"":6295,""time"":{""millis"":455587200000,""label"":""Sat 9 Jun 1984, 00:00 GMT""},""teams"":[{""id"":346,""name"":""Wellington""},{""id"":42,""name"":""France"",""abbreviation"":""FRA""}],""scores"":[18,38],""status"":""C"",""outcome"":""B"",""events"":[{""id"":94,""label"":""1984 France Tour of New Zealand"",""sport"":""mru"",""start"":{""millis"":441763200000,""label"":""1984-01-01""},""end"":{""millis"":473385599000,""label"":""1984-12-31""}}]}"
1042,,37,Ellis Park,Johannesburg,South Africa,455643000000,455643000000,"Sat 9 Jun 1984, 15:30 GMT",70000,39,South Africa,RSA,34,England,ENG,35,9,C,A,297,1984 England Tour of South Africa,mru,441763200000,1984-01-01,473385599000,1984-12-31,"{""matchId"":1042,""venue"":{""id"":37,""name"":""Ellis Park"",""city"":""Johannesburg"",""country"":""South Africa""},""time"":{""millis"":455643000000,""label"":""Sat 9 Jun 1984, 15:30 GMT""},""attendance"":70000,""teams"":[{""id"":39,""name"":""South Africa"",""abbreviation"":""RSA""},{""id"":34,""name"":""England"",""abbreviation"":""ENG""}],""scores"":[35,9],""status"":""C"",""outcome"":""A"",""events"":[{""id"":297,""label"":""1984 England Tour of South Africa"",""sport"":""mru"",""start"":{""millis"":441763200000,""label"":""1984-01-01""},""end"":{""millis"":473385599000,""label"":""1984-12-31""}}]}"
6296,,,,,,455846400000,455846400000,"Tue 12 Jun 1984, 00:00 GMT",,339,Otago,,42,France,FRA,10,20,C,B,94,1984 France Tour of New Zealand,mru,441763200000,1984-01-01,473385599000,1984-12-31,"{""matchId"":6296,""time"":{""millis"":455846400000,""label"":""Tue 12 Jun 1984, 00:00 GMT""},""teams"":[{""id"":339,""name"":""Otago""},{""id"":42,""name"":""France"",""abbreviation"":""FRA""}],""scores"":[10,20],""status"":""C"",""outcome"":""B"",""events"":[{""id"":94,""label"":""1984 France Tour of New Zealand"",""sport"":""mru"",""start"":{""millis"":441763200000,""label"":""1984-01-01""},""end"":{""millis"":473385599000,""label"":""1984-12-31""}}]}"
1817,,113,Lancaster Park,Christchurch,New Zealand,456244200000,456244200000,"Sat 16 Jun 1984, 14:30 GMT",40000,37,New Zealand,NZL,42,France,FRA,10,9,C,A,94,1984 France Tour of New Zealand,mru,441763200000,1984-01-01,473385599000,1984-12-31,"{""matchId"":1817,""venue"":{""id"":113,""name"":""Lancaster Park"",""city"":""Christchurch"",""country"":""New Zealand""},""time"":{""millis"":456244200000,""label"":""Sat 16 Jun 1984, 14:30 GMT""},""attendance"":40000,""teams"":[{""id"":37,""name"":""New Zealand"",""abbreviation"":""NZL""},{""id"":42,""name"":""France"",""abbreviation"":""FRA""}],""scores"":[10,9],""status"":""C"",""outcome"":""A"",""events"":[{""id"":94,""label"":""1984 France Tour of New Zealand"",""sport"":""mru"",""start"":{""millis"":441763200000,""label"":""1984-01-01""},""end"":{""millis"":473385599000,""label"":""1984-12-31""}}]}"
6297,,,,,,456451200000,456451200000,"Tue 19 Jun 1984, 00:00 GMT",,242,Hawke's Bay,,42,France,FRA,18,40,C,B,94,1984 France Tour of New Zealand,mru,441763200000,1984-01-01,473385599000,1984-12-31,"{""matchId"":6297,""time"":{""millis"":456451200000,""label"":""Tue 19 Jun 1984, 00:00 GMT""},""teams"":[{""id"":242,""name"":""Hawke's Bay""},{""id"":42,""name"":""France"",""abbreviation"":""FRA""}],""scores"":[18,40],""status"":""C"",""outcome"":""B"",""events"":[{""id"":94,""label"":""1984 France Tour of New Zealand"",""sport"":""mru"",""start"":{""millis"":441763200000,""label"":""1984-01-01""},""end"":{""millis"":473385599000,""label"":""1984-12-31""}}]}"
1818,,62,Eden Park,Auckland,New Zealand,456849000000,456849000000,"Sat 23 Jun 1984, 14:30 GMT",53000,37,New Zealand,NZL,42,France,FRA,31,18,C,A,94,1984 France Tour of New Zealand,mru,441763200000,1984-01-01,473385599000,1984-12-31,"{""matchId"":1818,""venue"":{""id"":62,""name"":""Eden Park"",""city"":""Auckland"",""country"":""New Zealand""},""time"":{""millis"":456849000000,""label"":""Sat 23 Jun 1984, 14:30 GMT""},""attendance"":53000,""teams"":[{""id"":37,""name"":""New Zealand"",""abbreviation"":""NZL""},{""id"":42,""name"":""France"",""abbreviation"":""FRA""}],""scores"":[31,18],""status"":""C"",""outcome"":""A"",""events"":[{""id"":94,""label"":""1984 France Tour of New Zealand"",""sport"":""mru"",""start"":{""millis"":441763200000,""label"":""1984-01-01""},""end"":{""millis"":473385599000,""label"":""1984-12-31""}}]}"
6307,,,,,,457056000000,457056000000,"Tue 26 Jun 1984, 00:00 GMT",,348,Counties,,42,France,FRA,24,33,C,B,94,1984 France Tour of New Zealand,mru,441763200000,1984-01-01,473385599000,1984-12-31,"{""matchId"":6307,""time"":{""millis"":457056000000,""label"":""Tue 26 Jun 1984, 00:00 GMT""},""teams"":[{""id"":348,""name"":""Counties""},{""id"":42,""name"":""France"",""abbreviation"":""FRA""}],""scores"":[24,33],""status"":""C"",""outcome"":""B"",""events"":[{""id"":94,""label"":""1984 France Tour of New Zealand"",""sport"":""mru"",""start"":{""millis"":441763200000,""label"":""1984-01-01""},""end"":{""millis"":473385599000,""label"":""1984-12-31""}}]}"
3451,,57,National Stadium,Suva,Fiji,457457400000,457457400000,"Sat 30 Jun 1984, 15:30 GMT",,46,Fiji,FJI,45,Samoa,SAM,17,10,C,A,,,,,,,,"{""matchId"":3451,""venue"":{""id"":57,""name"":""National Stadium"",""city"":""Suva"",""country"":""Fiji""},""time"":{""millis"":457457400000,""label"":""Sat 30 Jun 1984, 15:30 GMT""},""teams"":[{""id"":46,""name"":""Fiji"",""abbreviation"":""FJI""},{""id"":45,""name"":""Samoa"",""abbreviation"":""SAM""}],""scores"":[17,10],""status"":""C"",""outcome"":""A"",""events"":[]}"
5483,,,,,,457747200000,457747200000,"Wed 4 Jul 1984, 00:00 GMT",,45,Samoa,SAM,47,Tonga,TGA,10,4,C,A,,,,,,,,"{""matchId"":5483,""time"":{""millis"":457747200000,""label"":""Wed 4 Jul 1984, 00:00 GMT""},""teams"":[{""id"":45,""name"":""Samoa"",""abbreviation"":""SAM""},{""id"":47,""name"":""Tonga"",""abbreviation"":""TGA""}],""scores"":[10,4],""status"":""C"",""outcome"":""A"",""events"":[]}"
6274,,65,Ballymore,Brisbane,Australia,457747200000,457747200000,"Wed 4 Jul 1984, 00:00 GMT",,1207,Queensland B,,37,New Zealand,NZL,0,37,C,B,764,1984 New Zealand Tour of Australia,mru,441763200000,1984-01-01,473385599000,1984-12-31,"{""matchId"":6274,""venue"":{""id"":65,""name"":""Ballymore"",""city"":""Brisbane"",""country"":""Australia""},""time"":{""millis"":457747200000,""label"":""Wed 4 Jul 1984, 00:00 GMT""},""teams"":[{""id"":1207,""name"":""Queensland B""},{""id"":37,""name"":""New Zealand"",""abbreviation"":""NZL""}],""scores"":[0,37],""status"":""C"",""outcome"":""B"",""events"":[{""id"":764,""label"":""1984 New Zealand Tour of Australia"",""sport"":""mru"",""start"":{""millis"":441763200000,""label"":""1984-01-01""},""end"":{""millis"":473385599000,""label"":""1984-12-31""}}]}"
6275,,100,Concord Oval,Sydney,Australia,458006400000,458006400000,"Sat 7 Jul 1984, 00:00 GMT",,62,New South Wales,,37,New Zealand,NZL,10,10,C,D,764,1984 New Zealand Tour of Australia,mru,441763200000,1984-01-01,473385599000,1984-12-31,"{""matchId"":6275,""venue"":{""id"":100,""name"":""Concord Oval"",""city"":""Sydney"",""country"":""Australia""},""time"":{""millis"":458006400000,""label"":""Sat 7 Jul 1984, 00:00 GMT""},""teams"":[{""id"":62,""name"":""New South Wales""},{""id"":37,""name"":""New Zealand"",""abbreviation"":""NZL""}],""scores"":[10,10],""status"":""C"",""outcome"":""D"",""events"":[{""id"":764,""label"":""1984 New Zealand Tour of Australia"",""sport"":""mru"",""start"":{""millis"":441763200000,""label"":""1984-01-01""},""end"":{""millis"":473385599000,""label"":""1984-12-31""}}]}"
3450,,57,National Stadium,Suva,Fiji,458062200000,458062200000,"Sat 7 Jul 1984, 15:30 GMT",,46,Fiji,FJI,47,Tonga,TGA,10,16,C,B,,,,,,,,"{""matchId"":3450,""venue"":{""id"":57,""name"":""National Stadium"",""city"":""Suva"",""country"":""Fiji""},""time"":{""millis"":458062200000,""label"":""Sat 7 Jul 1984, 15:30 GMT""},""teams"":[{""id"":46,""name"":""Fiji"",""abbreviation"":""FJI""},{""id"":47,""name"":""Tonga"",""abbreviation"":""TGA""}],""scores"":[10,16],""status"":""C"",""outcome"":""B"",""events"":[]}"
4686,,281,Hartsfield,Bulawayo,Zimbabwe,458062200000,458062200000,"Sat 7 Jul 1984, 15:30 GMT",8000,57,Zimbabwe,ZIM,43,Spain,ESP,22,13,C,A,1015,1984 Spain Tour of Zimbabwe,mru,441763200000,1984-01-01,473385599000,1984-12-31,"{""matchId"":4686,""venue"":{""id"":281,""name"":""Hartsfield"",""city"":""Bulawayo"",""country"":""Zimbabwe""},""time"":{""millis"":458062200000,""label"":""Sat 7 Jul 1984, 15:30 GMT""},""attendance"":8000,""teams"":[{""id"":57,""name"":""Zimbabwe"",""abbreviation"":""ZIM""},{""id"":43,""name"":""Spain"",""abbreviation"":""ESP""}],""scores"":[22,13],""status"":""C"",""outcome"":""A"",""events"":[{""id"":1015,""label"":""1984 Spain Tour of Zimbabwe"",""sport"":""mru"",""start"":{""millis"":441763200000,""label"":""1984-01-01""},""end"":{""millis"":473385599000,""label"":""1984-12-31""}}]}"
6276,,265,Hindmarsh Stadium,Adelaide,Australia,458352000000,458352000000,"Wed 11 Jul 1984, 00:00 GMT",,1208,South Australia,,37,New Zealand,NZL,0,99,C,B,764,1984 New Zealand Tour of Australia,mru,441763200000,1984-01-01,473385599000,1984-12-31,"{""matchId"":6276,""venue"":{""id"":265,""name"":""Hindmarsh Stadium"",""city"":""Adelaide"",""country"":""Australia""},""time"":{""millis"":458352000000,""label"":""Wed 11 Jul 1984, 00:00 GMT""},""teams"":[{""id"":1208,""name"":""South Australia""},{""id"":37,""name"":""New Zealand"",""abbreviation"":""NZL""}],""scores"":[0,99],""status"":""C"",""outcome"":""B"",""events"":[{""id"":764,""label"":""1984 New Zealand Tour of Australia"",""sport"":""mru"",""start"":{""millis"":441763200000,""label"":""1984-01-01""},""end"":{""millis"":473385599000,""label"":""1984-12-31""}}]}"
4688,,72,Police Ground,Harare,Zimbabwe,458667000000,458667000000,"Sat 14 Jul 1984, 15:30 GMT",20000,57,Zimbabwe,ZIM,43,Spain,ESP,18,30,C,B,1015,1984 Spain Tour of Zimbabwe,mru,441763200000,1984-01-01,473385599000,1984-12-31,"{""matchId"":4688,""venue"":{""id"":72,""name"":""Police Ground"",""city"":""Harare"",""country"":""Zimbabwe""},""time"":{""millis"":458667000000,""label"":""Sat 14 Jul 1984, 15:30 GMT""},""attendance"":20000,""teams"":[{""id"":57,""name"":""Zimbabwe"",""abbreviation"":""ZIM""},{""id"":43,""name"":""Spain"",""abbreviation"":""ESP""}],""scores"":[18,30],""status"":""C"",""outcome"":""B"",""events"":[{""id"":1015,""label"":""1984 Spain Tour of Zimbabwe"",""sport"":""mru"",""start"":{""millis"":441763200000,""label"":""1984-01-01""},""end"":{""millis"":473385599000,""label"":""1984-12-31""}}]}"
6278,,,,,,458697600000,458697600000,"Sun 15 Jul 1984, 00:00 GMT",,1140,Western Australia,,37,New Zealand,NZL,0,72,C,B,764,1984 New Zealand Tour of Australia,mru,441763200000,1984-01-01,473385599000,1984-12-31,"{""matchId"":6278,""time"":{""millis"":458697600000,""label"":""Sun 15 Jul 1984, 00:00 GMT""},""teams"":[{""id"":1140,""name"":""Western Australia""},{""id"":37,""name"":""New Zealand"",""abbreviation"":""NZL""}],""scores"":[0,72],""status"":""C"",""outcome"":""B"",""events"":[{""id"":764,""label"":""1984 New Zealand Tour of Australia"",""sport"":""mru"",""start"":{""millis"":441763200000,""label"":""1984-01-01""},""end"":{""millis"":473385599000,""label"":""1984-12-31""}}]}"
6279,,,,,,458870400000,458870400000,"Tue 17 Jul 1984, 00:00 GMT",,399,Victoria,,37,New Zealand,NZL,3,65,C,B,764,1984 New Zealand Tour of Australia,mru,441763200000,1984-01-01,473385599000,1984-12-31,"{""matchId"":6279,""time"":{""millis"":458870400000,""label"":""Tue 17 Jul 1984, 00:00 GMT""},""teams"":[{""id"":399,""name"":""Victoria""},{""id"":37,""name"":""New Zealand"",""abbreviation"":""NZL""}],""scores"":[3,65],""status"":""C"",""outcome"":""B"",""events"":[{""id"":764,""label"":""1984 New Zealand Tour of Australia"",""sport"":""mru"",""start"":{""millis"":441763200000,""label"":""1984-01-01""},""end"":{""millis"":473385599000,""label"":""1984-12-31""}}]}"
3449,,57,National Stadium,Suva,Fiji,459216000000,459216000000,"Sat 21 Jul 1984, 00:00 GMT",10000,46,Fiji,FJI,47,Tonga,TGA,22,12,C,A,,,,,,,,"{""matchId"":3449,""venue"":{""id"":57,""name"":""National Stadium"",""city"":""Suva"",""country"":""Fiji""},""time"":{""millis"":459216000000,""label"":""Sat 21 Jul 1984, 00:00 GMT""},""attendance"":10000,""teams"":[{""id"":46,""name"":""Fiji"",""abbreviation"":""FJI""},{""id"":47,""name"":""Tonga"",""abbreviation"":""TGA""}],""scores"":[22,12],""status"":""C"",""outcome"":""A"",""events"":[]}"
1581,,66,Sydney Cricket Ground,Sydney,Australia,459270000000,459270000000,"Sat 21 Jul 1984, 15:00 GMT",40797,38,Australia,AUS,37,New Zealand,NZL,16,9,C,A,567,1984 Bledisloe Cup,mru,441763200000,1984-01-01,473385599000,1984-12-31,"{""matchId"":1581,""venue"":{""id"":66,""name"":""Sydney Cricket Ground"",""city"":""Sydney"",""country"":""Australia""},""time"":{""millis"":459270000000,""label"":""Sat 21 Jul 1984, 15:00 GMT""},""attendance"":40797,""teams"":[{""id"":38,""name"":""Australia"",""abbreviation"":""AUS""},{""id"":37,""name"":""New Zealand"",""abbreviation"":""NZL""}],""scores"":[16,9],""status"":""C"",""outcome"":""A"",""events"":[{""id"":567,""label"":""1984 Bledisloe Cup"",""sport"":""mru"",""start"":{""millis"":441763200000,""label"":""1984-01-01""},""end"":{""millis"":473385599000,""label"":""1984-12-31""}},{""id"":764,""label"":""1984 New Zealand Tour of Australia"",""sport"":""mru"",""start"":{""millis"":441763200000,""label"":""1984-01-01""},""end"":{""millis"":473385599000,""label"":""1984-12-31""}}]}"
6281,,,,,,459561600000,459561600000,"Wed 25 Jul 1984, 00:00 GMT",,398,ACT,,37,New Zealand,NZL,16,40,C,B,764,1984 New Zealand Tour of Australia,mru,441763200000,1984-01-01,473385599000,1984-12-31,"{""matchId"":6281,""time"":{""millis"":459561600000,""label"":""Wed 25 Jul 1984, 00:00 GMT""},""teams"":[{""id"":398,""name"":""ACT""},{""id"":37,""name"":""New Zealand"",""abbreviation"":""NZL""}],""scores"":[16,40],""status"":""C"",""outcome"":""B"",""events"":[{""id"":764,""label"":""1984 New Zealand Tour of Australia"",""sport"":""mru"",""start"":{""millis"":441763200000,""label"":""1984-01-01""},""end"":{""millis"":473385599000,""label"":""1984-12-31""}}]}"
6282,,100,Concord Oval,Sydney,Australia,459820800000,459820800000,"Sat 28 Jul 1984, 00:00 GMT",,377,Sydney,,37,New Zealand,NZL,3,28,C,B,764,1984 New Zealand Tour of Australia,mru,441763200000,1984-01-01,473385599000,1984-12-31,"{""matchId"":6282,""venue"":{""id"":100,""name"":""Concord Oval"",""city"":""Sydney"",""country"":""Australia""},""time"":{""millis"":459820800000,""label"":""Sat 28 Jul 1984, 00:00 GMT""},""teams"":[{""id"":377,""name"":""Sydney""},{""id"":37,""name"":""New Zealand"",""abbreviation"":""NZL""}],""scores"":[3,28],""status"":""C"",""outcome"":""B"",""events"":[{""id"":764,""label"":""1984 New Zealand Tour of Australia"",""sport"":""mru"",""start"":{""millis"":441763200000,""label"":""1984-01-01""},""end"":{""millis"":473385599000,""label"":""1984-12-31""}}]}"
6283,,,,,,460080000000,460080000000,"Tue 31 Jul 1984, 00:00 GMT",,397,New South Wales Country,,37,New Zealand,NZL,3,21,C,B,764,1984 New Zealand Tour of Australia,mru,441763200000,1984-01-01,473385599000,1984-12-31,"{""matchId"":6283,""time"":{""millis"":460080000000,""label"":""Tue 31 Jul 1984, 00:00 GMT""},""teams"":[{""id"":397,""name"":""New South Wales Country""},{""id"":37,""name"":""New Zealand"",""abbreviation"":""NZL""}],""scores"":[3,21],""status"":""C"",""outcome"":""B"",""events"":[{""id"":764,""label"":""1984 New Zealand Tour of Australia"",""sport"":""mru"",""start"":{""millis"":441763200000,""label"":""1984-01-01""},""end"":{""millis"":473385599000,""label"":""1984-12-31""}}]}"
11892,,,,,,460425600000,460425600000,"Sat 4 Aug 1984, 00:00 GMT",,1168,USSR,URS,3187,USSR A,,38,3,C,A,1102,1984 Soviet Rugby Federation Cup,mru,460166400000,1984-08-01,462844799000,1984-08-31,"{""matchId"":11892,""time"":{""millis"":460425600000,""label"":""Sat 4 Aug 1984, 00:00 GMT""},""teams"":[{""id"":1168,""name"":""USSR"",""abbreviation"":""URS""},{""id"":3187,""name"":""USSR A""}],""scores"":[38,3],""status"":""C"",""outcome"":""A"",""events"":[{""id"":1102,""label"":""1984 Soviet Rugby Federation Cup"",""sport"":""mru"",""start"":{""millis"":460166400000,""label"":""1984-08-01""},""end"":{""millis"":462844799000,""label"":""1984-08-31""}}]}"
1582,,65,Ballymore,Brisbane,Australia,460479600000,460479600000,"Sat 4 Aug 1984, 15:00 GMT",20100,38,Australia,AUS,37,New Zealand,NZL,15,19,C,B,567,1984 Bledisloe Cup,mru,441763200000,1984-01-01,473385599000,1984-12-31,"{""matchId"":1582,""venue"":{""id"":65,""name"":""Ballymore"",""city"":""Brisbane"",""country"":""Australia""},""time"":{""millis"":460479600000,""label"":""Sat 4 Aug 1984, 15:00 GMT""},""attendance"":20100,""teams"":[{""id"":38,""name"":""Australia"",""abbreviation"":""AUS""},{""id"":37,""name"":""New Zealand"",""abbreviation"":""NZL""}],""scores"":[15,19],""status"":""C"",""outcome"":""B"",""events"":[{""id"":567,""label"":""1984 Bledisloe Cup"",""sport"":""mru"",""start"":{""millis"":441763200000,""label"":""1984-01-01""},""end"":{""millis"":473385599000,""label"":""1984-12-31""}},{""id"":764,""label"":""1984 New Zealand Tour of Australia"",""sport"":""mru"",""start"":{""millis"":441763200000,""label"":""1984-01-01""},""end"":{""millis"":473385599000,""label"":""1984-12-31""}}]}"
11631,,454,Fili Stadium,Moscow,Russian Federation,460598400000,460598400000,"Mon 6 Aug 1984, 00:00 GMT",,1168,USSR,URS,753,Poland,POL,25,10,C,A,1102,1984 Soviet Rugby Federation Cup,mru,460166400000,1984-08-01,462844799000,1984-08-31,"{""matchId"":11631,""venue"":{""id"":454,""name"":""Fili Stadium"",""city"":""Moscow"",""country"":""Russian Federation""},""time"":{""millis"":460598400000,""label"":""Mon 6 Aug 1984, 00:00 GMT""},""teams"":[{""id"":1168,""name"":""USSR"",""abbreviation"":""URS""},{""id"":753,""name"":""Poland"",""abbreviation"":""POL""}],""scores"":[25,10],""status"":""C"",""outcome"":""A"",""events"":[{""id"":1102,""label"":""1984 Soviet Rugby Federation Cup"",""sport"":""mru"",""start"":{""millis"":460166400000,""label"":""1984-08-01""},""end"":{""millis"":462844799000,""label"":""1984-08-31""}}]}"
6286,,,,,,460771200000,460771200000,"Wed 8 Aug 1984, 00:00 GMT",,1223,Queensland Country,,37,New Zealand,NZL,0,88,C,B,764,1984 New Zealand Tour of Australia,mru,441763200000,1984-01-01,473385599000,1984-12-31,"{""matchId"":6286,""time"":{""millis"":460771200000,""label"":""Wed 8 Aug 1984, 00:00 GMT""},""teams"":[{""id"":1223,""name"":""Queensland Country""},{""id"":37,""name"":""New Zealand"",""abbreviation"":""NZL""}],""scores"":[0,88],""status"":""C"",""outcome"":""B"",""events"":[{""id"":764,""label"":""1984 New Zealand Tour of Australia"",""sport"":""mru"",""start"":{""millis"":441763200000,""label"":""1984-01-01""},""end"":{""millis"":473385599000,""label"":""1984-12-31""}}]}"
11893,,,,,,460944000000,460944000000,"Fri 10 Aug 1984, 00:00 GMT",,1168,USSR,URS,1166,West Germany,FRG,50,15,C,A,1102,1984 Soviet Rugby Federation Cup,mru,460166400000,1984-08-01,462844799000,1984-08-31,"{""matchId"":11893,""time"":{""millis"":460944000000,""label"":""Fri 10 Aug 1984, 00:00 GMT""},""teams"":[{""id"":1168,""name"":""USSR"",""abbreviation"":""URS""},{""id"":1166,""name"":""West Germany"",""abbreviation"":""FRG""}],""scores"":[50,15],""status"":""C"",""outcome"":""A"",""events"":[{""id"":1102,""label"":""1984 Soviet Rugby Federation Cup"",""sport"":""mru"",""start"":{""millis"":460166400000,""label"":""1984-08-01""},""end"":{""millis"":462844799000,""label"":""1984-08-31""}}]}"
6287,,,,,,461116800000,461116800000,"Sun 12 Aug 1984, 00:00 GMT",,400,Queensland,,37,New Zealand,NZL,12,39,C,B,764,1984 New Zealand Tour of Australia,mru,441763200000,1984-01-01,473385599000,1984-12-31,"{""matchId"":6287,""time"":{""millis"":461116800000,""label"":""Sun 12 Aug 1984, 00:00 GMT""},""teams"":[{""id"":400,""name"":""Queensland""},{""id"":37,""name"":""New Zealand"",""abbreviation"":""NZL""}],""scores"":[12,39],""status"":""C"",""outcome"":""B"",""events"":[{""id"":764,""label"":""1984 New Zealand Tour of Australia"",""sport"":""mru"",""start"":{""millis"":441763200000,""label"":""1984-01-01""},""end"":{""millis"":473385599000,""label"":""1984-12-31""}}]}"
6288,,,,,,461289600000,461289600000,"Tue 14 Aug 1984, 00:00 GMT",,1242,New South Wales B,,37,New Zealand,NZL,15,21,C,B,764,1984 New Zealand Tour of Australia,mru,441763200000,1984-01-01,473385599000,1984-12-31,"{""matchId"":6288,""time"":{""millis"":461289600000,""label"":""Tue 14 Aug 1984, 00:00 GMT""},""teams"":[{""id"":1242,""name"":""New South Wales B""},{""id"":37,""name"":""New Zealand"",""abbreviation"":""NZL""}],""scores"":[15,21],""status"":""C"",""outcome"":""B"",""events"":[{""id"":764,""label"":""1984 New Zealand Tour of Australia"",""sport"":""mru"",""start"":{""millis"":441763200000,""label"":""1984-01-01""},""end"":{""millis"":473385599000,""label"":""1984-12-31""}}]}"
1583,,66,Sydney Cricket Ground,Sydney,Australia,461689200000,461689200000,"Sat 18 Aug 1984, 15:00 GMT",43949,38,Australia,AUS,37,New Zealand,NZL,24,25,C,B,567,1984 Bledisloe Cup,mru,441763200000,1984-01-01,473385599000,1984-12-31,"{""matchId"":1583,""venue"":{""id"":66,""name"":""Sydney Cricket Ground"",""city"":""Sydney"",""country"":""Australia""},""time"":{""millis"":461689200000,""label"":""Sat 18 Aug 1984, 15:00 GMT""},""attendance"":43949,""teams"":[{""id"":38,""name"":""Australia"",""abbreviation"":""AUS""},{""id"":37,""name"":""New Zealand"",""abbreviation"":""NZL""}],""scores"":[24,25],""status"":""C"",""outcome"":""B"",""events"":[{""id"":567,""label"":""1984 Bledisloe Cup"",""sport"":""mru"",""start"":{""millis"":441763200000,""label"":""1984-01-01""},""end"":{""millis"":473385599000,""label"":""1984-12-31""}},{""id"":764,""label"":""1984 New Zealand Tour of Australia"",""sport"":""mru"",""start"":{""millis"":441763200000,""label"":""1984-01-01""},""end"":{""millis"":473385599000,""label"":""1984-12-31""}}]}"
4544,,130,Hanazono Stadium,Osaka,Japan,465350400000,465350400000,"Sun 30 Sep 1984, 00:00 GMT",11000,49,Japan,JPN,42,France,FRA,0,52,C,B,737,1984 France Tour of Japan,mru,441763200000,1984-01-01,473385599000,1984-12-31,"{""matchId"":4544,""venue"":{""id"":130,""name"":""Hanazono Stadium"",""city"":""Osaka"",""country"":""Japan""},""time"":{""millis"":465350400000,""label"":""Sun 30 Sep 1984, 00:00 GMT""},""attendance"":11000,""teams"":[{""id"":49,""name"":""Japan"",""abbreviation"":""JPN""},{""id"":42,""name"":""France"",""abbreviation"":""FRA""}],""scores"":[0,52],""status"":""C"",""outcome"":""B"",""events"":[{""id"":737,""label"":""1984 France Tour of Japan"",""sport"":""mru"",""start"":{""millis"":441763200000,""label"":""1984-01-01""},""end"":{""millis"":473385599000,""label"":""1984-12-31""}}]}"
4674,,,,,,465868800000,465868800000,"Sat 6 Oct 1984, 00:00 GMT",,775,Tunisia,TUN,42,France,FRA,6,25,C,B,,,,,,,,"{""matchId"":4674,""time"":{""millis"":465868800000,""label"":""Sat 6 Oct 1984, 00:00 GMT""},""teams"":[{""id"":775,""name"":""Tunisia"",""abbreviation"":""TUN""},{""id"":42,""name"":""France"",""abbreviation"":""FRA""}],""scores"":[6,25],""status"":""C"",""outcome"":""B"",""events"":[]}"
6322,,,,,,465868800000,465868800000,"Sat 6 Oct 1984, 00:00 GMT",,1958,North East Cape / Border / Transkei,,1160,South American Jaguars,,9,19,C,B,660,1984 South American Jaguars Tour of South Africa,mru,441763200000,1984-01-01,473385599000,1984-12-31,"{""matchId"":6322,""time"":{""millis"":465868800000,""label"":""Sat 6 Oct 1984, 00:00 GMT""},""teams"":[{""id"":1958,""name"":""North East Cape / Border / Transkei""},{""id"":1160,""name"":""South American Jaguars""}],""scores"":[9,19],""status"":""C"",""outcome"":""B"",""events"":[{""id"":660,""label"":""1984 South American Jaguars Tour of South Africa"",""sport"":""mru"",""start"":{""millis"":441763200000,""label"":""1984-01-01""},""end"":{""millis"":473385599000,""label"":""1984-12-31""}}]}"
4546,,430,National Kasumigaoka Stadium,Tokyo,Japan,465955200000,465955200000,"Sun 7 Oct 1984, 00:00 GMT",40000,49,Japan,JPN,42,France,FRA,12,40,C,B,737,1984 France Tour of Japan,mru,441763200000,1984-01-01,473385599000,1984-12-31,"{""matchId"":4546,""venue"":{""id"":430,""name"":""National Kasumigaoka Stadium"",""city"":""Tokyo"",""country"":""Japan""},""time"":{""millis"":465955200000,""label"":""Sun 7 Oct 1984, 00:00 GMT""},""attendance"":40000,""teams"":[{""id"":49,""name"":""Japan"",""abbreviation"":""JPN""},{""id"":42,""name"":""France"",""abbreviation"":""FRA""}],""scores"":[12,40],""status"":""C"",""outcome"":""B"",""events"":[{""id"":737,""label"":""1984 France Tour of Japan"",""sport"":""mru"",""start"":{""millis"":441763200000,""label"":""1984-01-01""},""end"":{""millis"":473385599000,""label"":""1984-12-31""}}]}"
6324,,,,,,466214400000,466214400000,"Wed 10 Oct 1984, 00:00 GMT",,1960,South West Africa / Griqualand West / NW Cape,,1160,South American Jaguars,,18,30,C,B,660,1984 South American Jaguars Tour of South Africa,mru,441763200000,1984-01-01,473385599000,1984-12-31,"{""matchId"":6324,""time"":{""millis"":466214400000,""label"":""Wed 10 Oct 1984, 00:00 GMT""},""teams"":[{""id"":1960,""name"":""South West Africa / Griqualand West / NW Cape""},{""id"":1160,""name"":""South American Jaguars""}],""scores"":[18,30],""status"":""C"",""outcome"":""B"",""events"":[{""id"":660,""label"":""1984 South American Jaguars Tour of South Africa"",""sport"":""mru"",""start"":{""millis"":441763200000,""label"":""1984-01-01""},""end"":{""millis"":473385599000,""label"":""1984-12-31""}}]}"
5209,,,,,,466473600000,466473600000,"Sat 13 Oct 1984, 00:00 GMT",,1211,Czechoslovakia,TCH,753,Poland,POL,4,3,C,A,,,,,,,,"{""matchId"":5209,""time"":{""millis"":466473600000,""label"":""Sat 13 Oct 1984, 00:00 GMT""},""teams"":[{""id"":1211,""name"":""Czechoslovakia"",""abbreviation"":""TCH""},{""id"":753,""name"":""Poland"",""abbreviation"":""POL""}],""scores"":[4,3],""status"":""C"",""outcome"":""A"",""events"":[]}"
6326,,,,,,466473600000,466473600000,"Sat 13 Oct 1984, 00:00 GMT",,1169,SA Gazelles,,1160,South American Jaguars,,19,24,C,B,660,1984 South American Jaguars Tour of South Africa,mru,441763200000,1984-01-01,473385599000,1984-12-31,"{""matchId"":6326,""time"":{""millis"":466473600000,""label"":""Sat 13 Oct 1984, 00:00 GMT""},""teams"":[{""id"":1169,""name"":""SA Gazelles""},{""id"":1160,""name"":""South American Jaguars""}],""scores"":[19,24],""status"":""C"",""outcome"":""B"",""events"":[{""id"":660,""label"":""1984 South American Jaguars Tour of South Africa"",""sport"":""mru"",""start"":{""millis"":441763200000,""label"":""1984-01-01""},""end"":{""millis"":473385599000,""label"":""1984-12-31""}}]}"
8909,,,,,,466560000000,466560000000,"Sun 14 Oct 1984, 00:00 GMT",,64,Netherlands,NED,769,Sweden,SWE,27,3,C,A,,,,,,,,"{""matchId"":8909,""time"":{""millis"":466560000000,""label"":""Sun 14 Oct 1984, 00:00 GMT""},""teams"":[{""id"":64,""name"":""Netherlands"",""abbreviation"":""NED""},{""id"":769,""name"":""Sweden"",""abbreviation"":""SWE""}],""scores"":[27,3],""status"":""C"",""outcome"":""A"",""events"":[]}"
6328,,,,,,466732800000,466732800000,"Tue 16 Oct 1984, 00:00 GMT",,1964,Eastern Transvaal / North Natal,,1160,South American Jaguars,,16,9,C,A,660,1984 South American Jaguars Tour of South Africa,mru,441763200000,1984-01-01,473385599000,1984-12-31,"{""matchId"":6328,""time"":{""millis"":466732800000,""label"":""Tue 16 Oct 1984, 00:00 GMT""},""teams"":[{""id"":1964,""name"":""Eastern Transvaal / North Natal""},{""id"":1160,""name"":""South American Jaguars""}],""scores"":[16,9],""status"":""C"",""outcome"":""A"",""events"":[{""id"":660,""label"":""1984 South American Jaguars Tour of South Africa"",""sport"":""mru"",""start"":{""millis"":441763200000,""label"":""1984-01-01""},""end"":{""millis"":473385599000,""label"":""1984-12-31""}}]}"
6221,,3,Twickenham,London,England,466819200000,466819200000,"Wed 17 Oct 1984, 00:00 GMT",,1939,London Division,,38,Australia,AUS,3,22,C,B,95,1984 Australia Tour of UK,mru,441763200000,1984-01-01,473385599000,1984-12-31,"{""matchId"":6221,""venue"":{""id"":3,""name"":""Twickenham"",""city"":""London"",""country"":""England""},""time"":{""millis"":466819200000,""label"":""Wed 17 Oct 1984, 00:00 GMT""},""teams"":[{""id"":1939,""name"":""London Division""},{""id"":38,""name"":""Australia"",""abbreviation"":""AUS""}],""scores"":[3,22],""status"":""C"",""outcome"":""B"",""events"":[{""id"":95,""label"":""1984 Australia Tour of UK"",""sport"":""mru"",""start"":{""millis"":441763200000,""label"":""1984-01-01""},""end"":{""millis"":473385599000,""label"":""1984-12-31""}}]}"
6352,,,,,,466819200000,466819200000,"Wed 17 Oct 1984, 00:00 GMT",,1966,Presidents XV,,37,New Zealand,NZL,0,39,C,B,693,1984 New Zealand Tour of Fiji,mru,441763200000,1984-01-01,473385599000,1984-12-31,"{""matchId"":6352,""time"":{""millis"":466819200000,""label"":""Wed 17 Oct 1984, 00:00 GMT""},""teams"":[{""id"":1966,""name"":""Presidents XV""},{""id"":37,""name"":""New Zealand"",""abbreviation"":""NZL""}],""scores"":[0,39],""status"":""C"",""outcome"":""B"",""events"":[{""id"":693,""label"":""1984 New Zealand Tour of Fiji"",""sport"":""mru"",""start"":{""millis"":441763200000,""label"":""1984-01-01""},""end"":{""millis"":473385599000,""label"":""1984-12-31""}}]}"
3765,,,,,,467078400000,467078400000,"Sat 20 Oct 1984, 00:00 GMT",,41,Italy,ITA,775,Tunisia,TUN,20,6,C,A,,,,,,,,"{""matchId"":3765,""time"":{""millis"":467078400000,""label"":""Sat 20 Oct 1984, 00:00 GMT""},""teams"":[{""id"":41,""name"":""Italy"",""abbreviation"":""ITA""},{""id"":775,""name"":""Tunisia"",""abbreviation"":""TUN""}],""scores"":[20,6],""status"":""C"",""outcome"":""A"",""events"":[]}"
6226,,,,,,467078400000,467078400000,"Sat 20 Oct 1984, 00:00 GMT",,1940,South & South West Division,,38,Australia,AUS,12,12,C,D,95,1984 Australia Tour of UK,mru,441763200000,1984-01-01,473385599000,1984-12-31,"{""matchId"":6226,""time"":{""millis"":467078400000,""label"":""Sat 20 Oct 1984, 00:00 GMT""},""teams"":[{""id"":1940,""name"":""South & South West Division""},{""id"":38,""name"":""Australia"",""abbreviation"":""AUS""}],""scores"":[12,12],""status"":""C"",""outcome"":""D"",""events"":[{""id"":95,""label"":""1984 Australia Tour of UK"",""sport"":""mru"",""start"":{""millis"":441763200000,""label"":""1984-01-01""},""end"":{""millis"":473385599000,""label"":""1984-12-31""}}]}"
6353,,,,,,467078400000,467078400000,"Sat 20 Oct 1984, 00:00 GMT",,1967,Western XV,,37,New Zealand,NZL,10,32,C,B,693,1984 New Zealand Tour of Fiji,mru,441763200000,1984-01-01,473385599000,1984-12-31,"{""matchId"":6353,""time"":{""millis"":467078400000,""label"":""Sat 20 Oct 1984, 00:00 GMT""},""teams"":[{""id"":1967,""name"":""Western XV""},{""id"":37,""name"":""New Zealand"",""abbreviation"":""NZL""}],""scores"":[10,32],""status"":""C"",""outcome"":""B"",""events"":[{""id"":693,""label"":""1984 New Zealand Tour of Fiji"",""sport"":""mru"",""start"":{""millis"":441763200000,""label"":""1984-01-01""},""end"":{""millis"":473385599000,""label"":""1984-12-31""}}]}"
2496,,60,Loftus Versfeld,Pretoria,South Africa,467136000000,467136000000,"Sat 20 Oct 1984, 16:00 GMT",38000,39,South Africa,RSA,1160,South American Jaguars,,32,15,C,A,660,1984 South American Jaguars Tour of South Africa,mru,441763200000,1984-01-01,473385599000,1984-12-31,"{""matchId"":2496,""venue"":{""id"":60,""name"":""Loftus Versfeld"",""city"":""Pretoria"",""country"":""South Africa""},""time"":{""millis"":467136000000,""label"":""Sat 20 Oct 1984, 16:00 GMT""},""attendance"":38000,""teams"":[{""id"":39,""name"":""South Africa"",""abbreviation"":""RSA""},{""id"":1160,""name"":""South American Jaguars""}],""scores"":[32,15],""status"":""C"",""outcome"":""A"",""events"":[{""id"":660,""label"":""1984 South American Jaguars Tour of South Africa"",""sport"":""mru"",""start"":{""millis"":441763200000,""label"":""1984-01-01""},""end"":{""millis"":473385599000,""label"":""1984-12-31""}}]}"
4463,,,,,,467164800000,467164800000,"Sun 21 Oct 1984, 00:00 GMT",,49,Japan,JPN,725,Hong Kong,HKG,54,0,C,A,427,1984 Asian Championship,mru,441763200000,1984-01-01,473385599000,1984-12-31,"{""matchId"":4463,""eventPhase"":""Pool A"",""time"":{""millis"":467164800000,""label"":""Sun 21 Oct 1984, 00:00 GMT""},""teams"":[{""id"":49,""name"":""Japan"",""abbreviation"":""JPN""},{""id"":725,""name"":""Hong Kong"",""abbreviation"":""HKG""}],""scores"":[54,0],""status"":""C"",""outcome"":""A"",""events"":[{""id"":427,""label"":""1984 Asian Championship"",""sport"":""mru"",""start"":{""millis"":441763200000,""label"":""1984-01-01""},""end"":{""millis"":473385599000,""label"":""1984-12-31""}}]}"
4929,,,,,,467164800000,467164800000,"Sun 21 Oct 1984, 00:00 GMT",,766,Sri Lanka,SRI,736,Korea,KOR,3,69,C,B,427,1984 Asian Championship,mru,441763200000,1984-01-01,473385599000,1984-12-31,"{""matchId"":4929,""eventPhase"":""Pool B"",""time"":{""millis"":467164800000,""label"":""Sun 21 Oct 1984, 00:00 GMT""},""teams"":[{""id"":766,""name"":""Sri Lanka"",""abbreviation"":""SRI""},{""id"":736,""name"":""Korea"",""abbreviation"":""KOR""}],""scores"":[3,69],""status"":""C"",""outcome"":""B"",""events"":[{""id"":427,""label"":""1984 Asian Championship"",""sport"":""mru"",""start"":{""millis"":441763200000,""label"":""1984-01-01""},""end"":{""millis"":473385599000,""label"":""1984-12-31""}}]}"
5007,,,,,,467164800000,467164800000,"Sun 21 Oct 1984, 00:00 GMT",,741,Malaysia,MAS,772,Thailand,THA,18,18,C,D,427,1984 Asian Championship,mru,441763200000,1984-01-01,473385599000,1984-12-31,"{""matchId"":5007,""eventPhase"":""Pool B"",""time"":{""millis"":467164800000,""label"":""Sun 21 Oct 1984, 00:00 GMT""},""teams"":[{""id"":741,""name"":""Malaysia"",""abbreviation"":""MAS""},{""id"":772,""name"":""Thailand"",""abbreviation"":""THA""}],""scores"":[18,18],""status"":""C"",""outcome"":""D"",""events"":[{""id"":427,""label"":""1984 Asian Championship"",""sport"":""mru"",""start"":{""millis"":441763200000,""label"":""1984-01-01""},""end"":{""millis"":473385599000,""label"":""1984-12-31""}}]}"
5635,,,,,,467164800000,467164800000,"Sun 21 Oct 1984, 00:00 GMT",,710,Chinese Taipei,TPE,760,Singapore,SIN,55,3,C,A,427,1984 Asian Championship,mru,441763200000,1984-01-01,473385599000,1984-12-31,"{""matchId"":5635,""eventPhase"":""Pool A"",""time"":{""millis"":467164800000,""label"":""Sun 21 Oct 1984, 00:00 GMT""},""teams"":[{""id"":710,""name"":""Chinese Taipei"",""abbreviation"":""TPE""},{""id"":760,""name"":""Singapore"",""abbreviation"":""SIN""}],""scores"":[55,3],""status"":""C"",""outcome"":""A"",""events"":[{""id"":427,""label"":""1984 Asian Championship"",""sport"":""mru"",""start"":{""millis"":441763200000,""label"":""1984-01-01""},""end"":{""millis"":473385599000,""label"":""1984-12-31""}}]}"
4464,,,,,,467337600000,467337600000,"Tue 23 Oct 1984, 00:00 GMT",,49,Japan,JPN,710,Chinese Taipei,TPE,44,4,C,A,427,1984 Asian Championship,mru,441763200000,1984-01-01,473385599000,1984-12-31,"{""matchId"":4464,""eventPhase"":""Pool A"",""time"":{""millis"":467337600000,""label"":""Tue 23 Oct 1984, 00:00 GMT""},""teams"":[{""id"":49,""name"":""Japan"",""abbreviation"":""JPN""},{""id"":710,""name"":""Chinese Taipei"",""abbreviation"":""TPE""}],""scores"":[44,4],""status"":""C"",""outcome"":""A"",""events"":[{""id"":427,""label"":""1984 Asian Championship"",""sport"":""mru"",""start"":{""millis"":441763200000,""label"":""1984-01-01""},""end"":{""millis"":473385599000,""label"":""1984-12-31""}}]}"
4928,,,,,,467337600000,467337600000,"Tue 23 Oct 1984, 00:00 GMT",,736,Korea,KOR,741,Malaysia,MAS,51,6,C,A,427,1984 Asian Championship,mru,441763200000,1984-01-01,473385599000,1984-12-31,"{""matchId"":4928,""eventPhase"":""Pool B"",""time"":{""millis"":467337600000,""label"":""Tue 23 Oct 1984, 00:00 GMT""},""teams"":[{""id"":736,""name"":""Korea"",""abbreviation"":""KOR""},{""id"":741,""name"":""Malaysia"",""abbreviation"":""MAS""}],""scores"":[51,6],""status"":""C"",""outcome"":""A"",""events"":[{""id"":427,""label"":""1984 Asian Championship"",""sport"":""mru"",""start"":{""millis"":441763200000,""label"":""1984-01-01""},""end"":{""millis"":473385599000,""label"":""1984-12-31""}}]}"
5005,,,,,,467337600000,467337600000,"Tue 23 Oct 1984, 00:00 GMT",,766,Sri Lanka,SRI,772,Thailand,THA,6,9,C,B,427,1984 Asian Championship,mru,441763200000,1984-01-01,473385599000,1984-12-31,"{""matchId"":5005,""eventPhase"":""Pool B"",""time"":{""millis"":467337600000,""label"":""Tue 23 Oct 1984, 00:00 GMT""},""teams"":[{""id"":766,""name"":""Sri Lanka"",""abbreviation"":""SRI""},{""id"":772,""name"":""Thailand"",""abbreviation"":""THA""}],""scores"":[6,9],""status"":""C"",""outcome"":""B"",""events"":[{""id"":427,""label"":""1984 Asian Championship"",""sport"":""mru"",""start"":{""millis"":441763200000,""label"":""1984-01-01""},""end"":{""millis"":473385599000,""label"":""1984-12-31""}}]}"
5633,,,,,,467337600000,467337600000,"Tue 23 Oct 1984, 00:00 GMT",,725,Hong Kong,HKG,760,Singapore,SIN,64,3,C,A,427,1984 Asian Championship,mru,441763200000,1984-01-01,473385599000,1984-12-31,"{""matchId"":5633,""eventPhase"":""Pool A"",""time"":{""millis"":467337600000,""label"":""Tue 23 Oct 1984, 00:00 GMT""},""teams"":[{""id"":725,""name"":""Hong Kong"",""abbreviation"":""HKG""},{""id"":760,""name"":""Singapore"",""abbreviation"":""SIN""}],""scores"":[64,3],""status"":""C"",""outcome"":""A"",""events"":[{""id"":427,""label"":""1984 Asian Championship"",""sport"":""mru"",""start"":{""millis"":441763200000,""label"":""1984-01-01""},""end"":{""millis"":473385599000,""label"":""1984-12-31""}}]}"
6314,,,,,,467337600000,467337600000,"Tue 23 Oct 1984, 00:00 GMT",,1241,South Africa Country Districts,,1160,South American Jaguars,,24,36,C,B,660,1984 South American Jaguars Tour of South Africa,mru,441763200000,1984-01-01,473385599000,1984-12-31,"{""matchId"":6314,""time"":{""millis"":467337600000,""label"":""Tue 23 Oct 1984, 00:00 GMT""},""teams"":[{""id"":1241,""name"":""South Africa Country Districts""},{""id"":1160,""name"":""South American Jaguars""}],""scores"":[24,36],""status"":""C"",""outcome"":""B"",""events"":[{""id"":660,""label"":""1984 South American Jaguars Tour of South Africa"",""sport"":""mru"",""start"":{""millis"":441763200000,""label"":""1984-01-01""},""end"":{""millis"":473385599000,""label"":""1984-12-31""}}]}"
6228,,,,,,467424000000,467424000000,"Wed 24 Oct 1984, 00:00 GMT",,3,Cardiff,,38,Australia,AUS,16,12,C,A,95,1984 Australia Tour of UK,mru,441763200000,1984-01-01,473385599000,1984-12-31,"{""matchId"":6228,""time"":{""millis"":467424000000,""label"":""Wed 24 Oct 1984, 00:00 GMT""},""teams"":[{""id"":3,""name"":""Cardiff""},{""id"":38,""name"":""Australia"",""abbreviation"":""AUS""}],""scores"":[16,12],""status"":""C"",""outcome"":""A"",""events"":[{""id"":95,""label"":""1984 Australia Tour of UK"",""sport"":""mru"",""start"":{""millis"":441763200000,""label"":""1984-01-01""},""end"":{""millis"":473385599000,""label"":""1984-12-31""}}]}"
6354,,,,,,467424000000,467424000000,"Wed 24 Oct 1984, 00:00 GMT",,1969,Eastern XV,,37,New Zealand,NZL,0,58,C,B,693,1984 New Zealand Tour of Fiji,mru,441763200000,1984-01-01,473385599000,1984-12-31,"{""matchId"":6354,""time"":{""millis"":467424000000,""label"":""Wed 24 Oct 1984, 00:00 GMT""},""teams"":[{""id"":1969,""name"":""Eastern XV""},{""id"":37,""name"":""New Zealand"",""abbreviation"":""NZL""}],""scores"":[0,58],""status"":""C"",""outcome"":""B"",""events"":[{""id"":693,""label"":""1984 New Zealand Tour of Fiji"",""sport"":""mru"",""start"":{""millis"":441763200000,""label"":""1984-01-01""},""end"":{""millis"":473385599000,""label"":""1984-12-31""}}]}"
4465,,,,,,467510400000,467510400000,"Thu 25 Oct 1984, 00:00 GMT",,49,Japan,JPN,760,Singapore,SIN,84,6,C,A,427,1984 Asian Championship,mru,441763200000,1984-01-01,473385599000,1984-12-31,"{""matchId"":4465,""eventPhase"":""Pool A"",""time"":{""millis"":467510400000,""label"":""Thu 25 Oct 1984, 00:00 GMT""},""teams"":[{""id"":49,""name"":""Japan"",""abbreviation"":""JPN""},{""id"":760,""name"":""Singapore"",""abbreviation"":""SIN""}],""scores"":[84,6],""status"":""C"",""outcome"":""A"",""events"":[{""id"":427,""label"":""1984 Asian Championship"",""sport"":""mru"",""start"":{""millis"":441763200000,""label"":""1984-01-01""},""end"":{""millis"":473385599000,""label"":""1984-12-31""}}]}"
4927,,,,,,467510400000,467510400000,"Thu 25 Oct 1984, 00:00 GMT",,736,Korea,KOR,772,Thailand,THA,92,0,C,A,427,1984 Asian Championship,mru,441763200000,1984-01-01,473385599000,1984-12-31,"{""matchId"":4927,""eventPhase"":""Pool B"",""time"":{""millis"":467510400000,""label"":""Thu 25 Oct 1984, 00:00 GMT""},""teams"":[{""id"":736,""name"":""Korea"",""abbreviation"":""KOR""},{""id"":772,""name"":""Thailand"",""abbreviation"":""THA""}],""scores"":[92,0],""status"":""C"",""outcome"":""A"",""events"":[{""id"":427,""label"":""1984 Asian Championship"",""sport"":""mru"",""start"":{""millis"":441763200000,""label"":""1984-01-01""},""end"":{""millis"":473385599000,""label"":""1984-12-31""}}]}"
5634,,,,,,467510400000,467510400000,"Thu 25 Oct 1984, 00:00 GMT",,710,Chinese Taipei,TPE,725,Hong Kong,HKG,13,3,C,A,427,1984 Asian Championship,mru,441763200000,1984-01-01,473385599000,1984-12-31,"{""matchId"":5634,""eventPhase"":""Pool A"",""time"":{""millis"":467510400000,""label"":""Thu 25 Oct 1984, 00:00 GMT""},""teams"":[{""id"":710,""name"":""Chinese Taipei"",""abbreviation"":""TPE""},{""id"":725,""name"":""Hong Kong"",""abbreviation"":""HKG""}],""scores"":[13,3],""status"":""C"",""outcome"":""A"",""events"":[{""id"":427,""label"":""1984 Asian Championship"",""sport"":""mru"",""start"":{""millis"":441763200000,""label"":""1984-01-01""},""end"":{""millis"":473385599000,""label"":""1984-12-31""}}]}"
5636,,,,,,467510400000,467510400000,"Thu 25 Oct 1984, 00:00 GMT",,766,Sri Lanka,SRI,741,Malaysia,MAS,14,12,C,A,427,1984 Asian Championship,mru,441763200000,1984-01-01,473385599000,1984-12-31,"{""matchId"":5636,""eventPhase"":""Pool B"",""time"":{""millis"":467510400000,""label"":""Thu 25 Oct 1984, 00:00 GMT""},""teams"":[{""id"":766,""name"":""Sri Lanka"",""abbreviation"":""SRI""},{""id"":741,""name"":""Malaysia"",""abbreviation"":""MAS""}],""scores"":[14,12],""status"":""C"",""outcome"":""A"",""events"":[{""id"":427,""label"":""1984 Asian Championship"",""sport"":""mru"",""start"":{""millis"":441763200000,""label"":""1984-01-01""},""end"":{""millis"":473385599000,""label"":""1984-12-31""}}]}"
3448,,57,National Stadium,Suva,Fiji,467683200000,467683200000,"Sat 27 Oct 1984, 00:00 GMT",23000,46,Fiji,FJI,37,New Zealand,NZL,0,45,C,B,693,1984 New Zealand Tour of Fiji,mru,441763200000,1984-01-01,473385599000,1984-12-31,"{""matchId"":3448,""venue"":{""id"":57,""name"":""National Stadium"",""city"":""Suva"",""country"":""Fiji""},""time"":{""millis"":467683200000,""label"":""Sat 27 Oct 1984, 00:00 GMT""},""attendance"":23000,""teams"":[{""id"":46,""name"":""Fiji"",""abbreviation"":""FJI""},{""id"":37,""name"":""New Zealand"",""abbreviation"":""NZL""}],""scores"":[0,45],""status"":""C"",""outcome"":""B"",""events"":[{""id"":693,""label"":""1984 New Zealand Tour of Fiji"",""sport"":""mru"",""start"":{""millis"":441763200000,""label"":""1984-01-01""},""end"":{""millis"":473385599000,""label"":""1984-12-31""}}]}"
4549,,437,Kasuga Field,Fukuoka,Japan,467683200000,467683200000,"Sat 27 Oct 1984, 00:00 GMT",,49,Japan,JPN,736,Korea,KOR,20,13,C,A,427,1984 Asian Championship,mru,441763200000,1984-01-01,473385599000,1984-12-31,"{""matchId"":4549,""eventPhase"":""Final"",""venue"":{""id"":437,""name"":""Kasuga Field"",""city"":""Fukuoka"",""country"":""Japan""},""time"":{""millis"":467683200000,""label"":""Sat 27 Oct 1984, 00:00 GMT""},""teams"":[{""id"":49,""name"":""Japan"",""abbreviation"":""JPN""},{""id"":736,""name"":""Korea"",""abbreviation"":""KOR""}],""scores"":[20,13],""status"":""C"",""outcome"":""A"",""events"":[{""id"":427,""label"":""1984 Asian Championship"",""sport"":""mru"",""start"":{""millis"":441763200000,""label"":""1984-01-01""},""end"":{""millis"":473385599000,""label"":""1984-12-31""}}]}"
5003,,,,,,467683200000,467683200000,"Sat 27 Oct 1984, 00:00 GMT",,710,Chinese Taipei,TPE,772,Thailand,THA,30,3,C,A,427,1984 Asian Championship,mru,441763200000,1984-01-01,473385599000,1984-12-31,"{""matchId"":5003,""eventPhase"":""3rd Place Play-Off"",""time"":{""millis"":467683200000,""label"":""Sat 27 Oct 1984, 00:00 GMT""},""teams"":[{""id"":710,""name"":""Chinese Taipei"",""abbreviation"":""TPE""},{""id"":772,""name"":""Thailand"",""abbreviation"":""THA""}],""scores"":[30,3],""status"":""C"",""outcome"":""A"",""events"":[{""id"":427,""label"":""1984 Asian Championship"",""sport"":""mru"",""start"":{""millis"":441763200000,""label"":""1984-01-01""},""end"":{""millis"":473385599000,""label"":""1984-12-31""}}]}"
6231,,,,,,467683200000,467683200000,"Sat 27 Oct 1984, 00:00 GMT",,1210,Combined Services,,38,Australia,AUS,9,44,C,B,95,1984 Australia Tour of UK,mru,441763200000,1984-01-01,473385599000,1984-12-31,"{""matchId"":6231,""time"":{""millis"":467683200000,""label"":""Sat 27 Oct 1984, 00:00 GMT""},""teams"":[{""id"":1210,""name"":""Combined Services""},{""id"":38,""name"":""Australia"",""abbreviation"":""AUS""}],""scores"":[9,44],""status"":""C"",""outcome"":""B"",""events"":[{""id"":95,""label"":""1984 Australia Tour of UK"",""sport"":""mru"",""start"":{""millis"":441763200000,""label"":""1984-01-01""},""end"":{""millis"":473385599000,""label"":""1984-12-31""}}]}"
2497,,85,Newlands Stadium,Cape Town,South Africa,467739000000,467739000000,"Sat 27 Oct 1984, 15:30 GMT",25000,39,South Africa,RSA,1160,South American Jaguars,,22,13,C,A,660,1984 South American Jaguars Tour of South Africa,mru,441763200000,1984-01-01,473385599000,1984-12-31,"{""matchId"":2497,""venue"":{""id"":85,""name"":""Newlands Stadium"",""city"":""Cape Town"",""country"":""South Africa""},""time"":{""millis"":467739000000,""label"":""Sat 27 Oct 1984, 15:30 GMT""},""attendance"":25000,""teams"":[{""id"":39,""name"":""South Africa"",""abbreviation"":""RSA""},{""id"":1160,""name"":""South American Jaguars""}],""scores"":[22,13],""status"":""C"",""outcome"":""A"",""events"":[{""id"":660,""label"":""1984 South American Jaguars Tour of South Africa"",""sport"":""mru"",""start"":{""millis"":441763200000,""label"":""1984-01-01""},""end"":{""millis"":473385599000,""label"":""1984-12-31""}}]}"
6232,,,,,,467942400000,467942400000,"Tue 30 Oct 1984, 00:00 GMT",,4,Swansea,,38,Australia,AUS,7,17,C,B,95,1984 Australia Tour of UK,mru,441763200000,1984-01-01,473385599000,1984-12-31,"{""matchId"":6232,""time"":{""millis"":467942400000,""label"":""Tue 30 Oct 1984, 00:00 GMT""},""teams"":[{""id"":4,""name"":""Swansea""},{""id"":38,""name"":""Australia"",""abbreviation"":""AUS""}],""scores"":[7,17],""status"":""C"",""outcome"":""B"",""events"":[{""id"":95,""label"":""1984 Australia Tour of UK"",""sport"":""mru"",""start"":{""millis"":441763200000,""label"":""1984-01-01""},""end"":{""millis"":473385599000,""label"":""1984-12-31""}}]}"
1043,,3,Twickenham,London,England,468340200000,468340200000,"Sat 3 Nov 1984, 14:30 GMT",65000,34,England,ENG,38,Australia,AUS,3,19,C,B,95,1984 Australia Tour of UK,mru,441763200000,1984-01-01,473385599000,1984-12-31,"{""matchId"":1043,""venue"":{""id"":3,""name"":""Twickenham"",""city"":""London"",""country"":""England""},""time"":{""millis"":468340200000,""label"":""Sat 3 Nov 1984, 14:30 GMT""},""attendance"":65000,""teams"":[{""id"":34,""name"":""England"",""abbreviation"":""ENG""},{""id"":38,""name"":""Australia"",""abbreviation"":""AUS""}],""scores"":[3,19],""status"":""C"",""outcome"":""B"",""events"":[{""id"":95,""label"":""1984 Australia Tour of UK"",""sport"":""mru"",""start"":{""millis"":441763200000,""label"":""1984-01-01""},""end"":{""millis"":473385599000,""label"":""1984-12-31""}}]}"
8910,,,,,,468374400000,468374400000,"Sun 4 Nov 1984, 00:00 GMT",,1166,West Germany,FRG,64,Netherlands,NED,10,23,C,B,,,,,,,,"{""matchId"":8910,""time"":{""millis"":468374400000,""label"":""Sun 4 Nov 1984, 00:00 GMT""},""teams"":[{""id"":1166,""name"":""West Germany"",""abbreviation"":""FRG""},{""id"":64,""name"":""Netherlands"",""abbreviation"":""NED""}],""scores"":[10,23],""status"":""C"",""outcome"":""B"",""events"":[]}"
6233,,,,,,468547200000,468547200000,"Tue 6 Nov 1984, 00:00 GMT",,1941,Midlands,,38,Australia,AUS,18,21,C,B,95,1984 Australia Tour of UK,mru,441763200000,1984-01-01,473385599000,1984-12-31,"{""matchId"":6233,""time"":{""millis"":468547200000,""label"":""Tue 6 Nov 1984, 00:00 GMT""},""teams"":[{""id"":1941,""name"":""Midlands""},{""id"":38,""name"":""Australia"",""abbreviation"":""AUS""}],""scores"":[18,21],""status"":""C"",""outcome"":""B"",""events"":[{""id"":95,""label"":""1984 Australia Tour of UK"",""sport"":""mru"",""start"":{""millis"":441763200000,""label"":""1984-01-01""},""end"":{""millis"":473385599000,""label"":""1984-12-31""}}]}"
1584,,4,Lansdowne Road,Dublin,Ireland,468892800000,468892800000,"Sat 10 Nov 1984, 00:00 GMT",35600,36,Ireland,IRE,38,Australia,AUS,9,16,C,B,95,1984 Australia Tour of UK,mru,441763200000,1984-01-01,473385599000,1984-12-31,"{""matchId"":1584,""venue"":{""id"":4,""name"":""Lansdowne Road"",""city"":""Dublin"",""country"":""Ireland""},""time"":{""millis"":468892800000,""label"":""Sat 10 Nov 1984, 00:00 GMT""},""attendance"":35600,""teams"":[{""id"":36,""name"":""Ireland"",""abbreviation"":""IRE""},{""id"":38,""name"":""Australia"",""abbreviation"":""AUS""}],""scores"":[9,16],""status"":""C"",""outcome"":""B"",""events"":[{""id"":95,""label"":""1984 Australia Tour of UK"",""sport"":""mru"",""start"":{""millis"":441763200000,""label"":""1984-01-01""},""end"":{""millis"":473385599000,""label"":""1984-12-31""}}]}"
2581,,136,Stadionul 23 August,Bucuresti,Romania,468945000000,468945000000,"Sat 10 Nov 1984, 14:30 GMT",20000,52,Romania,ROM,42,France,FRA,3,18,C,B,685,1984 Federation Internationale de Rugby Amateur Championship,mru,441763200000,1984-01-01,473385599000,1984-12-31,"{""matchId"":2581,""venue"":{""id"":136,""name"":""Stadionul 23 August"",""city"":""Bucuresti"",""country"":""Romania""},""time"":{""millis"":468945000000,""label"":""Sat 10 Nov 1984, 14:30 GMT""},""attendance"":20000,""teams"":[{""id"":52,""name"":""Romania"",""abbreviation"":""ROM""},{""id"":42,""name"":""France"",""abbreviation"":""FRA""}],""scores"":[3,18],""status"":""C"",""outcome"":""B"",""events"":[{""id"":685,""label"":""1984 Federation Internationale de Rugby Amateur Championship"",""sport"":""mru"",""start"":{""millis"":441763200000,""label"":""1984-01-01""},""end"":{""millis"":473385599000,""label"":""1984-12-31""}}]}"
6235,,,,,,469238400000,469238400000,"Wed 14 Nov 1984, 00:00 GMT",,1137,Ulster,,38,Australia,AUS,15,13,C,A,95,1984 Australia Tour of UK,mru,441763200000,1984-01-01,473385599000,1984-12-31,"{""matchId"":6235,""time"":{""millis"":469238400000,""label"":""Wed 14 Nov 1984, 00:00 GMT""},""teams"":[{""id"":1137,""name"":""Ulster""},{""id"":38,""name"":""Australia"",""abbreviation"":""AUS""}],""scores"":[15,13],""status"":""C"",""outcome"":""A"",""events"":[{""id"":95,""label"":""1984 Australia Tour of UK"",""sport"":""mru"",""start"":{""millis"":441763200000,""label"":""1984-01-01""},""end"":{""millis"":473385599000,""label"":""1984-12-31""}}]}"
4690,,,,,,469497600000,469497600000,"Sat 17 Nov 1984, 00:00 GMT",3000,775,Tunisia,TUN,43,Spain,ESP,15,17,C,B,685,1984 Federation Internationale de Rugby Amateur Championship,mru,441763200000,1984-01-01,473385599000,1984-12-31,"{""matchId"":4690,""time"":{""millis"":469497600000,""label"":""Sat 17 Nov 1984, 00:00 GMT""},""attendance"":3000,""teams"":[{""id"":775,""name"":""Tunisia"",""abbreviation"":""TUN""},{""id"":43,""name"":""Spain"",""abbreviation"":""ESP""}],""scores"":[15,17],""status"":""C"",""outcome"":""B"",""events"":[{""id"":685,""label"":""1984 Federation Internationale de Rugby Amateur Championship"",""sport"":""mru"",""start"":{""millis"":441763200000,""label"":""1984-01-01""},""end"":{""millis"":473385599000,""label"":""1984-12-31""}}]}"
6236,,,,,,469497600000,469497600000,"Sat 17 Nov 1984, 00:00 GMT",,1138,Munster,,38,Australia,AUS,19,31,C,B,95,1984 Australia Tour of UK,mru,441763200000,1984-01-01,473385599000,1984-12-31,"{""matchId"":6236,""time"":{""millis"":469497600000,""label"":""Sat 17 Nov 1984, 00:00 GMT""},""teams"":[{""id"":1138,""name"":""Munster""},{""id"":38,""name"":""Australia"",""abbreviation"":""AUS""}],""scores"":[19,31],""status"":""C"",""outcome"":""B"",""events"":[{""id"":95,""label"":""1984 Australia Tour of UK"",""sport"":""mru"",""start"":{""millis"":441763200000,""label"":""1984-01-01""},""end"":{""millis"":473385599000,""label"":""1984-12-31""}}]}"
3764,,,,,,469584000000,469584000000,"Sun 18 Nov 1984, 00:00 GMT",,41,Italy,ITA,1168,USSR,URS,13,12,C,A,685,1984 Federation Internationale de Rugby Amateur Championship,mru,441763200000,1984-01-01,473385599000,1984-12-31,"{""matchId"":3764,""eventPhase"":""A"",""time"":{""millis"":469584000000,""label"":""Sun 18 Nov 1984, 00:00 GMT""},""teams"":[{""id"":41,""name"":""Italy"",""abbreviation"":""ITA""},{""id"":1168,""name"":""USSR"",""abbreviation"":""URS""}],""scores"":[13,12],""status"":""C"",""outcome"":""A"",""events"":[{""id"":685,""label"":""1984 Federation Internationale de Rugby Amateur Championship"",""sport"":""mru"",""start"":{""millis"":441763200000,""label"":""1984-01-01""},""end"":{""millis"":473385599000,""label"":""1984-12-31""}}]}"
8911,,,,,,469670400000,469670400000,"Mon 19 Nov 1984, 00:00 GMT",,64,Netherlands,NED,715,Denmark,DEN,28,3,C,A,,,,,,,,"{""matchId"":8911,""time"":{""millis"":469670400000,""label"":""Mon 19 Nov 1984, 00:00 GMT""},""teams"":[{""id"":64,""name"":""Netherlands"",""abbreviation"":""NED""},{""id"":715,""name"":""Denmark"",""abbreviation"":""DEN""}],""scores"":[28,3],""status"":""C"",""outcome"":""A"",""events"":[]}"
6237,,,,,,469756800000,469756800000,"Tue 20 Nov 1984, 00:00 GMT",,2,Llanelli,,38,Australia,AUS,19,16,C,A,95,1984 Australia Tour of UK,mru,441763200000,1984-01-01,473385599000,1984-12-31,"{""matchId"":6237,""time"":{""millis"":469756800000,""label"":""Tue 20 Nov 1984, 00:00 GMT""},""teams"":[{""id"":2,""name"":""Llanelli""},{""id"":38,""name"":""Australia"",""abbreviation"":""AUS""}],""scores"":[19,16],""status"":""C"",""outcome"":""A"",""events"":[{""id"":95,""label"":""1984 Australia Tour of UK"",""sport"":""mru"",""start"":{""millis"":441763200000,""label"":""1984-01-01""},""end"":{""millis"":473385599000,""label"":""1984-12-31""}}]}"
605,,2,Cardiff Arms Park,Cardiff,Wales,470153700000,470153700000,"Sat 24 Nov 1984, 14:15 GMT",63000,33,Wales,WAL,38,Australia,AUS,9,28,C,B,95,1984 Australia Tour of UK,mru,441763200000,1984-01-01,473385599000,1984-12-31,"{""matchId"":605,""venue"":{""id"":2,""name"":""Cardiff Arms Park"",""city"":""Cardiff"",""country"":""Wales""},""time"":{""millis"":470153700000,""label"":""Sat 24 Nov 1984, 14:15 GMT""},""attendance"":63000,""teams"":[{""id"":33,""name"":""Wales"",""abbreviation"":""WAL""},{""id"":38,""name"":""Australia"",""abbreviation"":""AUS""}],""scores"":[9,28],""status"":""C"",""outcome"":""B"",""events"":[{""id"":95,""label"":""1984 Australia Tour of UK"",""sport"":""mru"",""start"":{""millis"":441763200000,""label"":""1984-01-01""},""end"":{""millis"":473385599000,""label"":""1984-12-31""}}]}"
6238,,,,,,470448000000,470448000000,"Wed 28 Nov 1984, 00:00 GMT",,1745,Northern Division,,38,Australia,AUS,12,19,C,B,95,1984 Australia Tour of UK,mru,441763200000,1984-01-01,473385599000,1984-12-31,"{""matchId"":6238,""time"":{""millis"":470448000000,""label"":""Wed 28 Nov 1984, 00:00 GMT""},""teams"":[{""id"":1745,""name"":""Northern Division""},{""id"":38,""name"":""Australia"",""abbreviation"":""AUS""}],""scores"":[12,19],""status"":""C"",""outcome"":""B"",""events"":[{""id"":95,""label"":""1984 Australia Tour of UK"",""sport"":""mru"",""start"":{""millis"":441763200000,""label"":""1984-01-01""},""end"":{""millis"":473385599000,""label"":""1984-12-31""}}]}"
6239,,,,,,470707200000,470707200000,"Sat 1 Dec 1984, 00:00 GMT",,1729,South of Scotland,,38,Australia,AUS,9,6,C,A,95,1984 Australia Tour of UK,mru,441763200000,1984-01-01,473385599000,1984-12-31,"{""matchId"":6239,""time"":{""millis"":470707200000,""label"":""Sat 1 Dec 1984, 00:00 GMT""},""teams"":[{""id"":1729,""name"":""South of Scotland""},{""id"":38,""name"":""Australia"",""abbreviation"":""AUS""}],""scores"":[9,6],""status"":""C"",""outcome"":""A"",""events"":[{""id"":95,""label"":""1984 Australia Tour of UK"",""sport"":""mru"",""start"":{""millis"":441763200000,""label"":""1984-01-01""},""end"":{""millis"":473385599000,""label"":""1984-12-31""}}]}"
6240,,,,,,470966400000,470966400000,"Tue 4 Dec 1984, 00:00 GMT",,1936,Glasgow,,38,Australia,AUS,12,26,C,B,95,1984 Australia Tour of UK,mru,441763200000,1984-01-01,473385599000,1984-12-31,"{""matchId"":6240,""time"":{""millis"":470966400000,""label"":""Tue 4 Dec 1984, 00:00 GMT""},""teams"":[{""id"":1936,""name"":""Glasgow""},{""id"":38,""name"":""Australia"",""abbreviation"":""AUS""}],""scores"":[12,26],""status"":""C"",""outcome"":""B"",""events"":[{""id"":95,""label"":""1984 Australia Tour of UK"",""sport"":""mru"",""start"":{""millis"":441763200000,""label"":""1984-01-01""},""end"":{""millis"":473385599000,""label"":""1984-12-31""}}]}"
8912,,,,,,471312000000,471312000000,"Sat 8 Dec 1984, 00:00 GMT",,699,Belgium,BEL,1166,West Germany,FRG,14,12,C,A,,,,,,,,"{""matchId"":8912,""time"":{""millis"":471312000000,""label"":""Sat 8 Dec 1984, 00:00 GMT""},""teams"":[{""id"":699,""name"":""Belgium"",""abbreviation"":""BEL""},{""id"":1166,""name"":""West Germany"",""abbreviation"":""FRG""}],""scores"":[14,12],""status"":""C"",""outcome"":""A"",""events"":[]}"
1585,,7,Murrayfield,Edinburgh,Scotland,471362400000,471362400000,"Sat 8 Dec 1984, 14:00 GMT",52314,35,Scotland,SCO,38,Australia,AUS,12,37,C,B,95,1984 Australia Tour of UK,mru,441763200000,1984-01-01,473385599000,1984-12-31,"{""matchId"":1585,""venue"":{""id"":7,""name"":""Murrayfield"",""city"":""Edinburgh"",""country"":""Scotland""},""time"":{""millis"":471362400000,""label"":""Sat 8 Dec 1984, 14:00 GMT""},""attendance"":52314,""teams"":[{""id"":35,""name"":""Scotland"",""abbreviation"":""SCO""},{""id"":38,""name"":""Australia"",""abbreviation"":""AUS""}],""scores"":[12,37],""status"":""C"",""outcome"":""B"",""events"":[{""id"":95,""label"":""1984 Australia Tour of UK"",""sport"":""mru"",""start"":{""millis"":441763200000,""label"":""1984-01-01""},""end"":{""millis"":473385599000,""label"":""1984-12-31""}}]}"
6241,,,,,,471657600000,471657600000,"Wed 12 Dec 1984, 00:00 GMT",,90,Pontypool,,38,Australia,AUS,18,24,C,B,95,1984 Australia Tour of UK,mru,441763200000,1984-01-01,473385599000,1984-12-31,"{""matchId"":6241,""time"":{""millis"":471657600000,""label"":""Wed 12 Dec 1984, 00:00 GMT""},""teams"":[{""id"":90,""name"":""Pontypool""},{""id"":38,""name"":""Australia"",""abbreviation"":""AUS""}],""scores"":[18,24],""status"":""C"",""outcome"":""B"",""events"":[{""id"":95,""label"":""1984 Australia Tour of UK"",""sport"":""mru"",""start"":{""millis"":441763200000,""label"":""1984-01-01""},""end"":{""millis"":473385599000,""label"":""1984-12-31""}}]}"
6242,,2,Cardiff Arms Park,Cardiff,Wales,471916800000,471916800000,"Sat 15 Dec 1984, 00:00 GMT",,54,Barbarians,,38,Australia,AUS,30,37,C,B,95,1984 Australia Tour of UK,mru,441763200000,1984-01-01,473385599000,1984-12-31,"{""matchId"":6242,""venue"":{""id"":2,""name"":""Cardiff Arms Park"",""city"":""Cardiff"",""country"":""Wales""},""time"":{""millis"":471916800000,""label"":""Sat 15 Dec 1984, 00:00 GMT""},""teams"":[{""id"":54,""name"":""Barbarians""},{""id"":38,""name"":""Australia"",""abbreviation"":""AUS""}],""scores"":[30,37],""status"":""C"",""outcome"":""B"",""events"":[{""id"":95,""label"":""1984 Australia Tour of UK"",""sport"":""mru"",""start"":{""millis"":441763200000,""label"":""1984-01-01""},""end"":{""millis"":473385599000,""label"":""1984-12-31""}}]}"
2823,,225,Ciudad Universitaria,Madrid,Spain,472046400000,472046400000,"Sun 16 Dec 1984, 12:00 GMT",7000,43,Spain,ESP,52,Romania,ROM,19,33,C,B,685,1984 Federation Internationale de Rugby Amateur Championship,mru,441763200000,1984-01-01,473385599000,1984-12-31,"{""matchId"":2823,""venue"":{""id"":225,""name"":""Ciudad Universitaria"",""city"":""Madrid"",""country"":""Spain""},""time"":{""millis"":472046400000,""label"":""Sun 16 Dec 1984, 12:00 GMT""},""attendance"":7000,""teams"":[{""id"":43,""name"":""Spain"",""abbreviation"":""ESP""},{""id"":52,""name"":""Romania"",""abbreviation"":""ROM""}],""scores"":[19,33],""status"":""C"",""outcome"":""B"",""events"":[{""id"":685,""label"":""1984 Federation Internationale de Rugby Amateur Championship"",""sport"":""mru"",""start"":{""millis"":441763200000,""label"":""1984-01-01""},""end"":{""millis"":473385599000,""label"":""1984-12-31""}}]}"
6243,,,,,,473126400000,473126400000,"Sat 29 Dec 1984, 00:00 GMT",,1745,Northern Division,,52,Romania,ROM,17,8,C,A,298,1984 Romania Tour of England,mru,441763200000,1984-01-01,504921599000,1985-12-31,"{""matchId"":6243,""time"":{""millis"":473126400000,""label"":""Sat 29 Dec 1984, 00:00 GMT""},""teams"":[{""id"":1745,""name"":""Northern Division""},{""id"":52,""name"":""Romania"",""abbreviation"":""ROM""}],""scores"":[17,8],""status"":""C"",""outcome"":""A"",""events"":[{""id"":298,""label"":""1984 Romania Tour of England"",""sport"":""mru"",""start"":{""millis"":441763200000,""label"":""1984-01-01""},""end"":{""millis"":504921599000,""label"":""1985-12-31""}}]}"
13131,,,,,,473299200000,473299200000,"Mon 31 Dec 1984, 00:00 GMT",,2908,Sweden,SWE,2907,Netherlands,NED,0,34,C,B,,,,,,,,"{""matchId"":13131,""time"":{""millis"":473299200000,""label"":""Mon 31 Dec 1984, 00:00 GMT""},""teams"":[{""id"":2908,""name"":""Sweden"",""abbreviation"":""SWE""},{""id"":2907,""name"":""Netherlands"",""abbreviation"":""NED""}],""scores"":[0,34],""status"":""C"",""outcome"":""B"",""events"":[]}"
